	.text
	.syntax unified
	.eabi_attribute	67, "2.09"	@ Tag_conformance
	.cpu	cortex-m23
	.eabi_attribute	6, 16	@ Tag_CPU_arch
	.eabi_attribute	7, 77	@ Tag_CPU_arch_profile
	.eabi_attribute	8, 0	@ Tag_ARM_ISA_use
	.eabi_attribute	9, 3	@ Tag_THUMB_ISA_use
	.eabi_attribute	34, 0	@ Tag_CPU_unaligned_access
	.eabi_attribute	17, 1	@ Tag_ABI_PCS_GOT_use
	.eabi_attribute	20, 2	@ Tag_ABI_FP_denormal
	.eabi_attribute	21, 0	@ Tag_ABI_FP_exceptions
	.eabi_attribute	23, 1	@ Tag_ABI_FP_number_model
	.eabi_attribute	24, 1	@ Tag_ABI_align_needed
	.eabi_attribute	25, 1	@ Tag_ABI_align_preserved
	.eabi_attribute	38, 1	@ Tag_ABI_FP_16bit_format
	.eabi_attribute	18, 2	@ Tag_ABI_PCS_wchar_t
	.eabi_attribute	26, 1	@ Tag_ABI_enum_size
	.eabi_attribute	14, 0	@ Tag_ABI_PCS_R9_use
	.file	"clk.c"
	.file	1 "C:\\Keil_v5\\ARM\\ARMCLANG\\bin\\..\\include" "stdint.h"
	.file	2 "D:\\BSP\\M2003BSP-master\\CM2003xC_CM2003xE_CM2003xG_Series\\SampleCode\\StdDriver\\GPIO_INT\\Keil" "../../../../Library/StdDriver/src/clk.c"
	.file	3 "D:\\BSP\\M2003BSP-master\\CM2003xC_CM2003xE_CM2003xG_Series\\SampleCode\\StdDriver\\GPIO_INT\\Keil" "../../../../Library/Device/Nuvoton/CM2003/Include\\clk_reg.h"
	.file	4 "D:\\BSP\\M2003BSP-master\\CM2003xC_CM2003xE_CM2003xG_Series\\SampleCode\\StdDriver\\GPIO_INT\\Keil" "../../../../Library/CMSIS/Core/Include\\core_cm23.h"
	.file	5 "D:\\BSP\\M2003BSP-master\\CM2003xC_CM2003xE_CM2003xG_Series\\SampleCode\\StdDriver\\GPIO_INT\\Keil" "../../../../Library/Device/Nuvoton/CM2003/Include\\fmc_reg.h"
	.file	6 "D:\\BSP\\M2003BSP-master\\CM2003xC_CM2003xE_CM2003xG_Series\\SampleCode\\StdDriver\\GPIO_INT\\Keil" "../../../../Library/Device/Nuvoton/CM2003/Include\\CM2003.h"
	.hidden	CLK_DisableCKO                  @ -- Begin function CLK_DisableCKO
	.globl	CLK_DisableCKO
	.p2align	2
	.type	CLK_DisableCKO,%function
	.code	16                              @ @CLK_DisableCKO
	.thumb_func
CLK_DisableCKO:
.Lfunc_begin0:
	.loc	2 33 0                          @ ../../../../Library/StdDriver/src/clk.c:33:0
	.fnstart
	.cfi_sections .debug_frame
	.cfi_startproc
@ %bb.0:
	ldr	r0, __arm_cp.0_0
.Ltmp0:
	.loc	2 35 18 prologue_end            @ ../../../../Library/StdDriver/src/clk.c:35:18
	ldr	r1, [r0]
	movs	r2, #64
	bics	r1, r2
	str	r1, [r0]
	.loc	2 36 1                          @ ../../../../Library/StdDriver/src/clk.c:36:1
	bx	lr
.Ltmp1:
	.loc	2 0 1 is_stmt 0                 @ :0:1
.Ltmp2:
	.p2align	2
@ %bb.1:
__arm_cp.0_0:
	.long	1073742344                      @ 0x40000208
.Lcpi_end0:
	.size	__arm_cp.0_0, .Lcpi_end0-__arm_cp.0_0
.Lfunc_end0:
	.size	CLK_DisableCKO, .Lfunc_end0-CLK_DisableCKO
	.cfi_endproc
	.cantunwind
	.fnend
                                        @ -- End function
	.hidden	CLK_EnableCKO                   @ -- Begin function CLK_EnableCKO
	.globl	CLK_EnableCKO
	.p2align	2
	.type	CLK_EnableCKO,%function
	.code	16                              @ @CLK_EnableCKO
	.thumb_func
CLK_EnableCKO:
.Lfunc_begin1:
	.fnstart
	.cfi_startproc
@ %bb.0:
	@DEBUG_VALUE: CLK_EnableCKO:u32ClkSrc <- $r0
	@DEBUG_VALUE: CLK_EnableCKO:u32ClkDiv <- $r1
	@DEBUG_VALUE: CLK_EnableCKO:u32ClkDivBy1En <- $r2
	.loc	2 58 73 prologue_end is_stmt 1  @ ../../../../Library/StdDriver/src/clk.c:58:73
	lsls	r2, r2, #5
.Ltmp3:
	@DEBUG_VALUE: CLK_EnableCKO:u32ClkDivBy1En <- [DW_OP_LLVM_entry_value 1] $r2
	.loc	2 58 55 is_stmt 0               @ ../../../../Library/StdDriver/src/clk.c:58:55
	orrs	r2, r1
	movs	r1, #16
.Ltmp4:
	@DEBUG_VALUE: CLK_EnableCKO:u32ClkDiv <- [DW_OP_LLVM_entry_value 1] $r1
	orrs	r1, r2
	ldr	r2, __arm_cp.1_0
	.loc	2 58 18                         @ ../../../../Library/StdDriver/src/clk.c:58:18
	str	r1, [r2, #88]
	.loc	2 61 18 is_stmt 1               @ ../../../../Library/StdDriver/src/clk.c:61:18
	ldr	r1, [r2]
	movs	r3, #64
	orrs	r3, r1
	str	r3, [r2]
	movs	r1, #3
	lsls	r1, r1, #28
	.loc	2 64 26                         @ ../../../../Library/StdDriver/src/clk.c:64:26
	ldr	r3, [r2, #12]
	.loc	2 64 34 is_stmt 0               @ ../../../../Library/StdDriver/src/clk.c:64:34
	bics	r3, r1
	.loc	2 64 64                         @ ../../../../Library/StdDriver/src/clk.c:64:64
	orrs	r3, r0
	.loc	2 64 18                         @ ../../../../Library/StdDriver/src/clk.c:64:18
	str	r3, [r2, #12]
	.loc	2 65 1 is_stmt 1                @ ../../../../Library/StdDriver/src/clk.c:65:1
	bx	lr
.Ltmp5:
	.loc	2 0 1 is_stmt 0                 @ :0:1
.Ltmp6:
	.p2align	2
@ %bb.1:
__arm_cp.1_0:
	.long	1073742344                      @ 0x40000208
.Lcpi_end1:
	.size	__arm_cp.1_0, .Lcpi_end1-__arm_cp.1_0
.Lfunc_end1:
	.size	CLK_EnableCKO, .Lfunc_end1-CLK_EnableCKO
	.cfi_endproc
	.cantunwind
	.fnend
                                        @ -- End function
	.hidden	CLK_PowerDown                   @ -- Begin function CLK_PowerDown
	.globl	CLK_PowerDown
	.p2align	2
	.type	CLK_PowerDown,%function
	.code	16                              @ @CLK_PowerDown
	.thumb_func
CLK_PowerDown:
.Lfunc_begin2:
	.loc	2 75 0 is_stmt 1                @ ../../../../Library/StdDriver/src/clk.c:75:0
	.fnstart
	.cfi_startproc
@ %bb.0:
	.pad	#4
	sub	sp, #4
	.cfi_def_cfa_offset 4
	movs	r0, #0
.Ltmp7:
	.loc	2 76 23 prologue_end            @ ../../../../Library/StdDriver/src/clk.c:76:23
	str	r0, [sp]
	ldr	r0, __arm_cp.2_0
	.loc	2 79 14                         @ ../../../../Library/StdDriver/src/clk.c:79:14
	ldr	r1, [r0]
	movs	r2, #4
	orrs	r2, r1
	str	r2, [r0]
	ldr	r0, __arm_cp.2_1
	.loc	2 82 17                         @ ../../../../Library/StdDriver/src/clk.c:82:17
	ldr	r1, [r0]
	movs	r2, #128
	orrs	r2, r1
	str	r2, [r0]
	ldr	r0, __arm_cp.2_2
	.loc	2 85 34                         @ ../../../../Library/StdDriver/src/clk.c:85:34
	ldr	r2, [r0]
	movs	r1, #2
	.loc	2 85 39 is_stmt 0               @ ../../../../Library/StdDriver/src/clk.c:85:39
	ands	r2, r1
	.loc	2 85 23                         @ ../../../../Library/StdDriver/src/clk.c:85:23
	str	r2, [sp]
	.loc	2 88 19 is_stmt 1               @ ../../../../Library/StdDriver/src/clk.c:88:19
	ldr	r2, [r0]
	bics	r2, r1
	str	r2, [r0]
	.loc	2 91 5                          @ ../../../../Library/StdDriver/src/clk.c:91:5
	wfi
.Ltmp8:
	.loc	2 94 8                          @ ../../../../Library/StdDriver/src/clk.c:94:8
	ldr	r2, [sp]
.Ltmp9:
	.loc	2 94 8 is_stmt 0                @ ../../../../Library/StdDriver/src/clk.c:94:8
	cbz	r2, .LBB2_2
@ %bb.1:
.Ltmp10:
	.loc	2 94 41                         @ ../../../../Library/StdDriver/src/clk.c:94:41
	ldr	r2, [r0]
	orrs	r2, r1
	str	r2, [r0]
.Ltmp11:
.LBB2_2:
	.loc	2 95 1 epilogue_begin is_stmt 1 @ ../../../../Library/StdDriver/src/clk.c:95:1
	add	sp, #4
	bx	lr
.Ltmp12:
	.loc	2 0 1 is_stmt 0                 @ :0:1
.Ltmp13:
	.p2align	2
@ %bb.3:
__arm_cp.2_0:
	.long	3758157072                      @ 0xe000ed10
.Lcpi_end2:
	.size	__arm_cp.2_0, .Lcpi_end2-__arm_cp.2_0
__arm_cp.2_1:
	.long	1073742336                      @ 0x40000200
.Lcpi_end3:
	.size	__arm_cp.2_1, .Lcpi_end3-__arm_cp.2_1
__arm_cp.2_2:
	.long	3758153744                      @ 0xe000e010
.Lcpi_end4:
	.size	__arm_cp.2_2, .Lcpi_end4-__arm_cp.2_2
.Lfunc_end2:
	.size	CLK_PowerDown, .Lfunc_end2-CLK_PowerDown
	.cfi_endproc
	.cantunwind
	.fnend
                                        @ -- End function
	.hidden	CLK_Idle                        @ -- Begin function CLK_Idle
	.globl	CLK_Idle
	.p2align	2
	.type	CLK_Idle,%function
	.code	16                              @ @CLK_Idle
	.thumb_func
CLK_Idle:
.Lfunc_begin3:
	.loc	2 106 0 is_stmt 1               @ ../../../../Library/StdDriver/src/clk.c:106:0
	.fnstart
	.cfi_startproc
@ %bb.0:
	ldr	r0, __arm_cp.3_0
.Ltmp14:
	.loc	2 108 14 prologue_end           @ ../../../../Library/StdDriver/src/clk.c:108:14
	ldr	r1, [r0]
	movs	r2, #4
	bics	r1, r2
	str	r1, [r0]
	ldr	r0, __arm_cp.3_1
	.loc	2 111 17                        @ ../../../../Library/StdDriver/src/clk.c:111:17
	ldr	r1, [r0]
	movs	r2, #128
	bics	r1, r2
	str	r1, [r0]
	.loc	2 114 5                         @ ../../../../Library/StdDriver/src/clk.c:114:5
	wfi
	.loc	2 115 1                         @ ../../../../Library/StdDriver/src/clk.c:115:1
	bx	lr
.Ltmp15:
	.loc	2 0 1 is_stmt 0                 @ :0:1
.Ltmp16:
	.p2align	2
@ %bb.1:
__arm_cp.3_0:
	.long	3758157072                      @ 0xe000ed10
.Lcpi_end5:
	.size	__arm_cp.3_0, .Lcpi_end5-__arm_cp.3_0
__arm_cp.3_1:
	.long	1073742336                      @ 0x40000200
.Lcpi_end6:
	.size	__arm_cp.3_1, .Lcpi_end6-__arm_cp.3_1
.Lfunc_end3:
	.size	CLK_Idle, .Lfunc_end3-CLK_Idle
	.cfi_endproc
	.cantunwind
	.fnend
                                        @ -- End function
	.hidden	CLK_GetHXTFreq                  @ -- Begin function CLK_GetHXTFreq
	.globl	CLK_GetHXTFreq
	.p2align	2
	.type	CLK_GetHXTFreq,%function
	.code	16                              @ @CLK_GetHXTFreq
	.thumb_func
CLK_GetHXTFreq:
.Lfunc_begin4:
	.loc	2 125 0 is_stmt 1               @ ../../../../Library/StdDriver/src/clk.c:125:0
	.fnstart
	.cfi_startproc
@ %bb.0:
	ldr	r0, __arm_cp.4_0
.Ltmp17:
	.loc	2 126 13 prologue_end           @ ../../../../Library/StdDriver/src/clk.c:126:13
	ldr	r0, [r0]
	movs	r0, #0
.Ltmp18:
	.loc	2 130 1                         @ ../../../../Library/StdDriver/src/clk.c:130:1
	bx	lr
.Ltmp19:
	.loc	2 0 1 is_stmt 0                 @ :0:1
.Ltmp20:
	.p2align	2
@ %bb.1:
__arm_cp.4_0:
	.long	1073742336                      @ 0x40000200
.Lcpi_end7:
	.size	__arm_cp.4_0, .Lcpi_end7-__arm_cp.4_0
.Lfunc_end4:
	.size	CLK_GetHXTFreq, .Lfunc_end4-CLK_GetHXTFreq
	.cfi_endproc
	.cantunwind
	.fnend
                                        @ -- End function
	.hidden	CLK_GetHCLKFreq                 @ -- Begin function CLK_GetHCLKFreq
	.globl	CLK_GetHCLKFreq
	.p2align	2
	.type	CLK_GetHCLKFreq,%function
	.code	16                              @ @CLK_GetHCLKFreq
	.thumb_func
CLK_GetHCLKFreq:
.Lfunc_begin5:
	.loc	2 140 0 is_stmt 1               @ ../../../../Library/StdDriver/src/clk.c:140:0
	.fnstart
	.cfi_startproc
@ %bb.0:
	.save	{r7, lr}
	push	{r7, lr}
	.cfi_def_cfa_offset 8
	.cfi_offset lr, -4
	.cfi_offset r7, -8
.Ltmp21:
	.loc	2 141 5 prologue_end            @ ../../../../Library/StdDriver/src/clk.c:141:5
	bl	SystemCoreClockUpdate
.Ltmp22:
	.loc	2 142 12                        @ ../../../../Library/StdDriver/src/clk.c:142:12
	ldr	r0, __arm_cp.5_0
	ldr	r0, [r0]
	.loc	2 142 5 epilogue_begin is_stmt 0 @ ../../../../Library/StdDriver/src/clk.c:142:5
	pop	{r7, pc}
.Ltmp23:
	.loc	2 0 5                           @ :0:5
.Ltmp24:
	.p2align	2
@ %bb.1:
__arm_cp.5_0:
	.long	SystemCoreClock
.Lcpi_end8:
	.size	__arm_cp.5_0, .Lcpi_end8-__arm_cp.5_0
.Lfunc_end5:
	.size	CLK_GetHCLKFreq, .Lfunc_end5-CLK_GetHCLKFreq
	.cfi_endproc
	.cantunwind
	.fnend
                                        @ -- End function
	.hidden	CLK_GetPCLK0Freq                @ -- Begin function CLK_GetPCLK0Freq
	.globl	CLK_GetPCLK0Freq
	.p2align	2
	.type	CLK_GetPCLK0Freq,%function
	.code	16                              @ @CLK_GetPCLK0Freq
	.thumb_func
CLK_GetPCLK0Freq:
.Lfunc_begin6:
	.loc	2 152 0 is_stmt 1               @ ../../../../Library/StdDriver/src/clk.c:152:0
	.fnstart
	.cfi_startproc
@ %bb.0:
	.save	{r7, lr}
	push	{r7, lr}
	.cfi_def_cfa_offset 8
	.cfi_offset lr, -4
	.cfi_offset r7, -8
.Ltmp25:
	.loc	2 155 5 prologue_end            @ ../../../../Library/StdDriver/src/clk.c:155:5
	bl	SystemCoreClockUpdate
.Ltmp26:
	.loc	2 0 5 is_stmt 0                 @ ../../../../Library/StdDriver/src/clk.c:0:5
	ldr	r0, __arm_cp.6_0
	.loc	2 156 22 is_stmt 1              @ ../../../../Library/StdDriver/src/clk.c:156:22
	ldr	r0, [r0]
	movs	r1, #7
	.loc	2 156 30 is_stmt 0              @ ../../../../Library/StdDriver/src/clk.c:156:30
	ands	r1, r0
.Ltmp27:
	@DEBUG_VALUE: CLK_GetPCLK0Freq:PCLK0Div <- $r1
	.loc	2 157 13 is_stmt 1              @ ../../../../Library/StdDriver/src/clk.c:157:13
	ldr	r0, __arm_cp.6_1
	ldr	r0, [r0]
	.loc	2 157 29 is_stmt 0              @ ../../../../Library/StdDriver/src/clk.c:157:29
	lsrs	r0, r1
	.loc	2 157 5 epilogue_begin          @ ../../../../Library/StdDriver/src/clk.c:157:5
	pop	{r7, pc}
.Ltmp28:
	.loc	2 0 5                           @ :0:5
.Ltmp29:
	.p2align	2
@ %bb.1:
__arm_cp.6_0:
	.long	1073742388                      @ 0x40000234
.Lcpi_end9:
	.size	__arm_cp.6_0, .Lcpi_end9-__arm_cp.6_0
__arm_cp.6_1:
	.long	SystemCoreClock
.Lcpi_end10:
	.size	__arm_cp.6_1, .Lcpi_end10-__arm_cp.6_1
.Lfunc_end6:
	.size	CLK_GetPCLK0Freq, .Lfunc_end6-CLK_GetPCLK0Freq
	.cfi_endproc
	.cantunwind
	.fnend
                                        @ -- End function
	.hidden	CLK_GetPCLK1Freq                @ -- Begin function CLK_GetPCLK1Freq
	.globl	CLK_GetPCLK1Freq
	.p2align	2
	.type	CLK_GetPCLK1Freq,%function
	.code	16                              @ @CLK_GetPCLK1Freq
	.thumb_func
CLK_GetPCLK1Freq:
.Lfunc_begin7:
	.loc	2 167 0 is_stmt 1               @ ../../../../Library/StdDriver/src/clk.c:167:0
	.fnstart
	.cfi_startproc
@ %bb.0:
	.save	{r7, lr}
	push	{r7, lr}
	.cfi_def_cfa_offset 8
	.cfi_offset lr, -4
	.cfi_offset r7, -8
.Ltmp30:
	.loc	2 170 5 prologue_end            @ ../../../../Library/StdDriver/src/clk.c:170:5
	bl	SystemCoreClockUpdate
.Ltmp31:
	.loc	2 0 5 is_stmt 0                 @ ../../../../Library/StdDriver/src/clk.c:0:5
	ldr	r0, __arm_cp.7_0
	.loc	2 171 22 is_stmt 1              @ ../../../../Library/StdDriver/src/clk.c:171:22
	ldr	r1, [r0]
	.loc	2 172 13                        @ ../../../../Library/StdDriver/src/clk.c:172:13
	ldr	r0, __arm_cp.7_1
	ldr	r0, [r0]
	.loc	2 171 57                        @ ../../../../Library/StdDriver/src/clk.c:171:57
	lsls	r1, r1, #25
	lsrs	r1, r1, #29
.Ltmp32:
	@DEBUG_VALUE: CLK_GetPCLK1Freq:PCLK1Div <- $r1
	.loc	2 172 29                        @ ../../../../Library/StdDriver/src/clk.c:172:29
	lsrs	r0, r1
	.loc	2 172 5 epilogue_begin is_stmt 0 @ ../../../../Library/StdDriver/src/clk.c:172:5
	pop	{r7, pc}
.Ltmp33:
	.loc	2 0 5                           @ :0:5
.Ltmp34:
	.p2align	2
@ %bb.1:
__arm_cp.7_0:
	.long	1073742388                      @ 0x40000234
.Lcpi_end11:
	.size	__arm_cp.7_0, .Lcpi_end11-__arm_cp.7_0
__arm_cp.7_1:
	.long	SystemCoreClock
.Lcpi_end12:
	.size	__arm_cp.7_1, .Lcpi_end12-__arm_cp.7_1
.Lfunc_end7:
	.size	CLK_GetPCLK1Freq, .Lfunc_end7-CLK_GetPCLK1Freq
	.cfi_endproc
	.cantunwind
	.fnend
                                        @ -- End function
	.hidden	CLK_GetPCLK2Freq                @ -- Begin function CLK_GetPCLK2Freq
	.globl	CLK_GetPCLK2Freq
	.p2align	2
	.type	CLK_GetPCLK2Freq,%function
	.code	16                              @ @CLK_GetPCLK2Freq
	.thumb_func
CLK_GetPCLK2Freq:
.Lfunc_begin8:
	.loc	2 182 0 is_stmt 1               @ ../../../../Library/StdDriver/src/clk.c:182:0
	.fnstart
	.cfi_startproc
@ %bb.0:
	.save	{r7, lr}
	push	{r7, lr}
	.cfi_def_cfa_offset 8
	.cfi_offset lr, -4
	.cfi_offset r7, -8
.Ltmp35:
	.loc	2 185 5 prologue_end            @ ../../../../Library/StdDriver/src/clk.c:185:5
	bl	SystemCoreClockUpdate
.Ltmp36:
	.loc	2 0 5 is_stmt 0                 @ ../../../../Library/StdDriver/src/clk.c:0:5
	ldr	r0, __arm_cp.8_0
	.loc	2 186 22 is_stmt 1              @ ../../../../Library/StdDriver/src/clk.c:186:22
	ldr	r1, [r0]
	.loc	2 187 13                        @ ../../../../Library/StdDriver/src/clk.c:187:13
	ldr	r0, __arm_cp.8_1
	ldr	r0, [r0]
	.loc	2 186 57                        @ ../../../../Library/StdDriver/src/clk.c:186:57
	lsls	r1, r1, #21
	lsrs	r1, r1, #29
.Ltmp37:
	@DEBUG_VALUE: CLK_GetPCLK2Freq:PCLK2Div <- $r1
	.loc	2 187 29                        @ ../../../../Library/StdDriver/src/clk.c:187:29
	lsrs	r0, r1
	.loc	2 187 5 epilogue_begin is_stmt 0 @ ../../../../Library/StdDriver/src/clk.c:187:5
	pop	{r7, pc}
.Ltmp38:
	.loc	2 0 5                           @ :0:5
.Ltmp39:
	.p2align	2
@ %bb.1:
__arm_cp.8_0:
	.long	1073742388                      @ 0x40000234
.Lcpi_end13:
	.size	__arm_cp.8_0, .Lcpi_end13-__arm_cp.8_0
__arm_cp.8_1:
	.long	SystemCoreClock
.Lcpi_end14:
	.size	__arm_cp.8_1, .Lcpi_end14-__arm_cp.8_1
.Lfunc_end8:
	.size	CLK_GetPCLK2Freq, .Lfunc_end8-CLK_GetPCLK2Freq
	.cfi_endproc
	.cantunwind
	.fnend
                                        @ -- End function
	.hidden	CLK_GetCPUFreq                  @ -- Begin function CLK_GetCPUFreq
	.globl	CLK_GetCPUFreq
	.p2align	2
	.type	CLK_GetCPUFreq,%function
	.code	16                              @ @CLK_GetCPUFreq
	.thumb_func
CLK_GetCPUFreq:
.Lfunc_begin9:
	.loc	2 197 0 is_stmt 1               @ ../../../../Library/StdDriver/src/clk.c:197:0
	.fnstart
	.cfi_startproc
@ %bb.0:
	.save	{r7, lr}
	push	{r7, lr}
	.cfi_def_cfa_offset 8
	.cfi_offset lr, -4
	.cfi_offset r7, -8
.Ltmp40:
	.loc	2 198 5 prologue_end            @ ../../../../Library/StdDriver/src/clk.c:198:5
	bl	SystemCoreClockUpdate
.Ltmp41:
	.loc	2 199 12                        @ ../../../../Library/StdDriver/src/clk.c:199:12
	ldr	r0, __arm_cp.9_0
	ldr	r0, [r0]
	.loc	2 199 5 epilogue_begin is_stmt 0 @ ../../../../Library/StdDriver/src/clk.c:199:5
	pop	{r7, pc}
.Ltmp42:
	.loc	2 0 5                           @ :0:5
.Ltmp43:
	.p2align	2
@ %bb.1:
__arm_cp.9_0:
	.long	SystemCoreClock
.Lcpi_end15:
	.size	__arm_cp.9_0, .Lcpi_end15-__arm_cp.9_0
.Lfunc_end9:
	.size	CLK_GetCPUFreq, .Lfunc_end9-CLK_GetCPUFreq
	.cfi_endproc
	.cantunwind
	.fnend
                                        @ -- End function
	.hidden	CLK_SetCoreClock                @ -- Begin function CLK_SetCoreClock
	.globl	CLK_SetCoreClock
	.p2align	2
	.type	CLK_SetCoreClock,%function
	.code	16                              @ @CLK_SetCoreClock
	.thumb_func
CLK_SetCoreClock:
.Lfunc_begin10:
	.loc	2 212 0 is_stmt 1               @ ../../../../Library/StdDriver/src/clk.c:212:0
	.fnstart
	.cfi_startproc
@ %bb.0:
	@DEBUG_VALUE: CLK_SetCoreClock:u32Hclk <- 24000000
	.save	{r4, r5, r6, r7, lr}
	push	{r4, r5, r6, r7, lr}
	.cfi_def_cfa_offset 20
	.cfi_offset lr, -4
	.cfi_offset r7, -8
	.cfi_offset r6, -12
	.cfi_offset r5, -16
	.cfi_offset r4, -20
	.pad	#4
	sub	sp, #4
	.cfi_def_cfa_offset 24
	ldr	r0, __arm_cp.10_0
.Ltmp44:
	@DEBUG_VALUE: CLK_SetHCLK:u32ClkDiv <- 0
	@DEBUG_VALUE: CLK_SetHCLK:u32ClkSrc <- 5
	.loc	2 244 23 prologue_end           @ ../../../../Library/StdDriver/src/clk.c:244:23
	ldr	r1, [r0]
.Ltmp45:
	@DEBUG_VALUE: CLK_SetHCLK:u32HIRCSTB <- [DW_OP_constu 16, DW_OP_and, DW_OP_stack_value] $r1
	.loc	2 0 23 is_stmt 0                @ ../../../../Library/StdDriver/src/clk.c:0:23
	ldr	r4, __arm_cp.10_1
	.loc	2 247 25 is_stmt 1              @ ../../../../Library/StdDriver/src/clk.c:247:25
	ldr	r1, [r4]
.Ltmp46:
	.loc	2 0 25 is_stmt 0                @ ../../../../Library/StdDriver/src/clk.c:0:25
	movs	r2, #1
	.loc	2 247 32                        @ ../../../../Library/StdDriver/src/clk.c:247:32
	orrs	r1, r2
	movs	r5, #14
	.loc	2 247 59                        @ ../../../../Library/StdDriver/src/clk.c:247:59
	bics	r1, r5
	.loc	2 247 17                        @ ../../../../Library/StdDriver/src/clk.c:247:17
	str	r1, [r4]
	.loc	2 250 17 is_stmt 1              @ ../../../../Library/StdDriver/src/clk.c:250:17
	mov	r1, r0
	subs	r1, #80
	ldr	r3, [r1]
	movs	r6, #4
	orrs	r6, r3
	str	r6, [r1]
.Ltmp47:
	@DEBUG_VALUE: CLK_WaitClockReady:u32Ret <- 1
	.loc	2 513 22                        @ ../../../../Library/StdDriver/src/clk.c:513:22
	ldr	r1, __arm_cp.10_2
	movs	r3, #0
	str	r3, [r1]
.Ltmp48:
	@DEBUG_VALUE: CLK_WaitClockReady:u32ClkMask <- 16
	.loc	2 509 31                        @ ../../../../Library/StdDriver/src/clk.c:509:31
	ldr	r6, __arm_cp.10_3
	ldr	r6, [r6]
	ldr	r7, __arm_cp.10_4
	.loc	2 509 43 is_stmt 0              @ ../../../../Library/StdDriver/src/clk.c:509:43
	muls	r7, r6, r7
	movs	r6, #50
	.loc	2 509 53                        @ ../../../../Library/StdDriver/src/clk.c:509:53
	udiv	r6, r7, r6
.Ltmp49:
	@DEBUG_VALUE: CLK_WaitClockReady:u32TimeOutCnt <- $r6
.LBB10_1:                               @ =>This Inner Loop Header: Depth=1
	@DEBUG_VALUE: CLK_WaitClockReady:u32TimeOutCnt <- $r6
	@DEBUG_VALUE: CLK_WaitClockReady:u32ClkMask <- 16
	@DEBUG_VALUE: CLK_WaitClockReady:u32Ret <- 1
	@DEBUG_VALUE: CLK_SetHCLK:u32ClkSrc <- 5
	@DEBUG_VALUE: CLK_SetHCLK:u32ClkDiv <- 0
	@DEBUG_VALUE: CLK_SetCoreClock:u32Hclk <- 24000000
	@DEBUG_VALUE: CLK_WaitClockReady:u32TimeOutCnt <- $r6
	.loc	2 514 17 is_stmt 1              @ ../../../../Library/StdDriver/src/clk.c:514:17
	ldr	r7, [r0]
	.loc	2 514 5 is_stmt 0               @ ../../../../Library/StdDriver/src/clk.c:514:5
	lsls	r7, r7, #27
	bmi	.LBB10_10
.Ltmp50:
@ %bb.2:                                @   in Loop: Header=BB10_1 Depth=1
	@DEBUG_VALUE: CLK_WaitClockReady:u32TimeOutCnt <- $r6
	@DEBUG_VALUE: CLK_WaitClockReady:u32ClkMask <- 16
	@DEBUG_VALUE: CLK_WaitClockReady:u32Ret <- 1
	@DEBUG_VALUE: CLK_SetHCLK:u32ClkSrc <- 5
	@DEBUG_VALUE: CLK_SetHCLK:u32ClkDiv <- 0
	@DEBUG_VALUE: CLK_SetCoreClock:u32Hclk <- 24000000
	@DEBUG_VALUE: CLK_WaitClockReady:u32TimeOutCnt <- [DW_OP_constu 1, DW_OP_minus, DW_OP_stack_value] $r6
	.loc	2 516 12 is_stmt 1              @ ../../../../Library/StdDriver/src/clk.c:516:12
	cmp	r6, #1
	beq	.LBB10_11
.Ltmp51:
@ %bb.3:                                @   in Loop: Header=BB10_1 Depth=1
	@DEBUG_VALUE: CLK_WaitClockReady:u32TimeOutCnt <- [DW_OP_constu 1, DW_OP_minus, DW_OP_stack_value] $r6
	@DEBUG_VALUE: CLK_WaitClockReady:u32ClkMask <- 16
	@DEBUG_VALUE: CLK_WaitClockReady:u32Ret <- 1
	@DEBUG_VALUE: CLK_SetHCLK:u32ClkSrc <- 5
	@DEBUG_VALUE: CLK_SetHCLK:u32ClkDiv <- 0
	@DEBUG_VALUE: CLK_SetCoreClock:u32Hclk <- 24000000
	@DEBUG_VALUE: CLK_WaitClockReady:u32TimeOutCnt <- [DW_OP_constu 1, DW_OP_minus, DW_OP_stack_value] $r6
	.loc	2 514 17                        @ ../../../../Library/StdDriver/src/clk.c:514:17
	ldr	r7, [r0]
	.loc	2 514 5 is_stmt 0               @ ../../../../Library/StdDriver/src/clk.c:514:5
	lsls	r7, r7, #27
	bmi	.LBB10_9
.Ltmp52:
@ %bb.4:                                @   in Loop: Header=BB10_1 Depth=1
	@DEBUG_VALUE: CLK_WaitClockReady:u32TimeOutCnt <- [DW_OP_constu 1, DW_OP_minus, DW_OP_stack_value] $r6
	@DEBUG_VALUE: CLK_WaitClockReady:u32ClkMask <- 16
	@DEBUG_VALUE: CLK_WaitClockReady:u32Ret <- 1
	@DEBUG_VALUE: CLK_SetHCLK:u32ClkSrc <- 5
	@DEBUG_VALUE: CLK_SetHCLK:u32ClkDiv <- 0
	@DEBUG_VALUE: CLK_SetCoreClock:u32Hclk <- 24000000
	@DEBUG_VALUE: CLK_WaitClockReady:u32TimeOutCnt <- [DW_OP_constu 2, DW_OP_minus, DW_OP_stack_value] $r6
	.loc	2 516 12 is_stmt 1              @ ../../../../Library/StdDriver/src/clk.c:516:12
	cmp	r6, #2
	beq	.LBB10_11
.Ltmp53:
@ %bb.5:                                @   in Loop: Header=BB10_1 Depth=1
	@DEBUG_VALUE: CLK_WaitClockReady:u32TimeOutCnt <- [DW_OP_constu 2, DW_OP_minus, DW_OP_stack_value] $r6
	@DEBUG_VALUE: CLK_WaitClockReady:u32ClkMask <- 16
	@DEBUG_VALUE: CLK_WaitClockReady:u32Ret <- 1
	@DEBUG_VALUE: CLK_SetHCLK:u32ClkSrc <- 5
	@DEBUG_VALUE: CLK_SetHCLK:u32ClkDiv <- 0
	@DEBUG_VALUE: CLK_SetCoreClock:u32Hclk <- 24000000
	@DEBUG_VALUE: CLK_WaitClockReady:u32TimeOutCnt <- [DW_OP_constu 2, DW_OP_minus, DW_OP_stack_value] $r6
	.loc	2 514 17                        @ ../../../../Library/StdDriver/src/clk.c:514:17
	ldr	r7, [r0]
	.loc	2 514 5 is_stmt 0               @ ../../../../Library/StdDriver/src/clk.c:514:5
	lsls	r7, r7, #27
	bmi	.LBB10_9
.Ltmp54:
@ %bb.6:                                @   in Loop: Header=BB10_1 Depth=1
	@DEBUG_VALUE: CLK_WaitClockReady:u32TimeOutCnt <- [DW_OP_constu 2, DW_OP_minus, DW_OP_stack_value] $r6
	@DEBUG_VALUE: CLK_WaitClockReady:u32ClkMask <- 16
	@DEBUG_VALUE: CLK_WaitClockReady:u32Ret <- 1
	@DEBUG_VALUE: CLK_SetHCLK:u32ClkSrc <- 5
	@DEBUG_VALUE: CLK_SetHCLK:u32ClkDiv <- 0
	@DEBUG_VALUE: CLK_SetCoreClock:u32Hclk <- 24000000
	@DEBUG_VALUE: CLK_WaitClockReady:u32TimeOutCnt <- [DW_OP_constu 3, DW_OP_minus, DW_OP_stack_value] $r6
	.loc	2 516 12 is_stmt 1              @ ../../../../Library/StdDriver/src/clk.c:516:12
	cmp	r6, #3
	beq	.LBB10_11
.Ltmp55:
@ %bb.7:                                @   in Loop: Header=BB10_1 Depth=1
	@DEBUG_VALUE: CLK_WaitClockReady:u32TimeOutCnt <- [DW_OP_constu 3, DW_OP_minus, DW_OP_stack_value] $r6
	@DEBUG_VALUE: CLK_WaitClockReady:u32ClkMask <- 16
	@DEBUG_VALUE: CLK_WaitClockReady:u32Ret <- 1
	@DEBUG_VALUE: CLK_SetHCLK:u32ClkSrc <- 5
	@DEBUG_VALUE: CLK_SetHCLK:u32ClkDiv <- 0
	@DEBUG_VALUE: CLK_SetCoreClock:u32Hclk <- 24000000
	@DEBUG_VALUE: CLK_WaitClockReady:u32TimeOutCnt <- [DW_OP_constu 3, DW_OP_minus, DW_OP_stack_value] $r6
	.loc	2 514 17                        @ ../../../../Library/StdDriver/src/clk.c:514:17
	ldr	r7, [r0]
	.loc	2 514 5 is_stmt 0               @ ../../../../Library/StdDriver/src/clk.c:514:5
	lsls	r7, r7, #27
	bmi	.LBB10_9
.Ltmp56:
@ %bb.8:                                @   in Loop: Header=BB10_1 Depth=1
	@DEBUG_VALUE: CLK_WaitClockReady:u32TimeOutCnt <- [DW_OP_constu 3, DW_OP_minus, DW_OP_stack_value] $r6
	@DEBUG_VALUE: CLK_WaitClockReady:u32ClkMask <- 16
	@DEBUG_VALUE: CLK_WaitClockReady:u32Ret <- 1
	@DEBUG_VALUE: CLK_SetHCLK:u32ClkSrc <- 5
	@DEBUG_VALUE: CLK_SetHCLK:u32ClkDiv <- 0
	@DEBUG_VALUE: CLK_SetCoreClock:u32Hclk <- 24000000
	.loc	2 516 12 is_stmt 1              @ ../../../../Library/StdDriver/src/clk.c:516:12
	subs	r6, r6, #4
.Ltmp57:
	@DEBUG_VALUE: CLK_WaitClockReady:u32TimeOutCnt <- $r6
	.loc	2 516 12 is_stmt 0              @ ../../../../Library/StdDriver/src/clk.c:516:12
	bne	.LBB10_1
	b	.LBB10_11
.Ltmp58:
.LBB10_9:
	@DEBUG_VALUE: CLK_WaitClockReady:u32ClkMask <- 16
	@DEBUG_VALUE: CLK_WaitClockReady:u32Ret <- 1
	@DEBUG_VALUE: CLK_SetHCLK:u32ClkSrc <- 5
	@DEBUG_VALUE: CLK_SetHCLK:u32ClkDiv <- 0
	@DEBUG_VALUE: CLK_SetCoreClock:u32Hclk <- 24000000
	.loc	2 0 12                          @ ../../../../Library/StdDriver/src/clk.c:0:12
	mov	r6, r2
.Ltmp59:
.LBB10_10:
	@DEBUG_VALUE: CLK_WaitClockReady:u32ClkMask <- 16
	@DEBUG_VALUE: CLK_WaitClockReady:u32Ret <- 1
	@DEBUG_VALUE: CLK_SetHCLK:u32ClkSrc <- 5
	@DEBUG_VALUE: CLK_SetHCLK:u32ClkDiv <- 0
	@DEBUG_VALUE: CLK_SetCoreClock:u32Hclk <- 24000000
	@DEBUG_VALUE: CLK_WaitClockReady:u32Ret <- 1
	@DEBUG_VALUE: CLK_WaitClockReady:u32TimeOutCnt <- $r6
	.loc	2 523 8 is_stmt 1               @ ../../../../Library/StdDriver/src/clk.c:523:8
	cbnz	r6, .LBB10_12
.Ltmp60:
.LBB10_11:
	@DEBUG_VALUE: CLK_WaitClockReady:u32ClkMask <- 16
	@DEBUG_VALUE: CLK_WaitClockReady:u32Ret <- 1
	@DEBUG_VALUE: CLK_SetHCLK:u32ClkSrc <- 5
	@DEBUG_VALUE: CLK_SetHCLK:u32ClkDiv <- 0
	@DEBUG_VALUE: CLK_SetCoreClock:u32Hclk <- 24000000
	.loc	2 0 8 is_stmt 0                 @ ../../../../Library/StdDriver/src/clk.c:0:8
	mvns	r2, r3
.Ltmp61:
	.loc	2 524 26 is_stmt 1              @ ../../../../Library/StdDriver/src/clk.c:524:26
	str	r2, [r1]
.Ltmp62:
.LBB10_12:
	@DEBUG_VALUE: CLK_SetHCLK:u32ClkSrc <- 5
	@DEBUG_VALUE: CLK_SetHCLK:u32ClkDiv <- 0
	@DEBUG_VALUE: CLK_SetCoreClock:u32Hclk <- 24000000
	.loc	2 252 26                        @ ../../../../Library/StdDriver/src/clk.c:252:26
	mov	r1, r0
	subs	r1, #64
	ldr	r3, [r1]
	movs	r2, #5
	.loc	2 252 34 is_stmt 0              @ ../../../../Library/StdDriver/src/clk.c:252:34
	orrs	r3, r2
	movs	r6, #2
	mvns	r6, r6
	.loc	2 252 64                        @ ../../../../Library/StdDriver/src/clk.c:252:64
	ands	r3, r6
	.loc	2 252 18                        @ ../../../../Library/StdDriver/src/clk.c:252:18
	str	r3, [r1]
	.loc	2 255 26 is_stmt 1              @ ../../../../Library/StdDriver/src/clk.c:255:26
	subs	r0, #48
	ldr	r3, [r0]
	movs	r7, #255
	.loc	2 255 34 is_stmt 0              @ ../../../../Library/StdDriver/src/clk.c:255:34
	bics	r3, r7
	.loc	2 255 18                        @ ../../../../Library/StdDriver/src/clk.c:255:18
	str	r3, [r0]
	.loc	2 258 26 is_stmt 1              @ ../../../../Library/StdDriver/src/clk.c:258:26
	ldr	r0, [r1]
	.loc	2 258 34 is_stmt 0              @ ../../../../Library/StdDriver/src/clk.c:258:34
	orrs	r0, r2
	.loc	2 258 64                        @ ../../../../Library/StdDriver/src/clk.c:258:64
	ands	r0, r6
	.loc	2 258 18                        @ ../../../../Library/StdDriver/src/clk.c:258:18
	str	r0, [r1]
	.loc	2 261 5 is_stmt 1               @ ../../../../Library/StdDriver/src/clk.c:261:5
	bl	SystemCoreClockUpdate
.Ltmp63:
	.loc	2 264 25                        @ ../../../../Library/StdDriver/src/clk.c:264:25
	ldr	r0, [r4]
	movs	r1, #1
	.loc	2 264 32 is_stmt 0              @ ../../../../Library/StdDriver/src/clk.c:264:32
	orrs	r1, r0
	.loc	2 264 59                        @ ../../../../Library/StdDriver/src/clk.c:264:59
	bics	r1, r5
	.loc	2 264 17                        @ ../../../../Library/StdDriver/src/clk.c:264:17
	str	r1, [r4]
	ldr	r0, __arm_cp.10_5
.Ltmp64:
	.loc	2 223 5 epilogue_begin is_stmt 1 @ ../../../../Library/StdDriver/src/clk.c:223:5
	add	sp, #4
	pop	{r4, r5, r6, r7, pc}
.Ltmp65:
	.loc	2 0 5 is_stmt 0                 @ :0:5
.Ltmp66:
	.p2align	2
@ %bb.13:
__arm_cp.10_0:
	.long	1073742416                      @ 0x40000250
.Lcpi_end16:
	.size	__arm_cp.10_0, .Lcpi_end16-__arm_cp.10_0
__arm_cp.10_1:
	.long	1073791052                      @ 0x4000c04c
.Lcpi_end17:
	.size	__arm_cp.10_1, .Lcpi_end17-__arm_cp.10_1
__arm_cp.10_2:
	.long	g_CLK_i32ErrCode
.Lcpi_end18:
	.size	__arm_cp.10_2, .Lcpi_end18-__arm_cp.10_2
__arm_cp.10_3:
	.long	CyclesPerUs
.Lcpi_end19:
	.size	__arm_cp.10_3, .Lcpi_end19-__arm_cp.10_3
__arm_cp.10_4:
	.long	500000                          @ 0x7a120
.Lcpi_end20:
	.size	__arm_cp.10_4, .Lcpi_end20-__arm_cp.10_4
__arm_cp.10_5:
	.long	24000000                        @ 0x16e3600
.Lcpi_end21:
	.size	__arm_cp.10_5, .Lcpi_end21-__arm_cp.10_5
.Lfunc_end10:
	.size	CLK_SetCoreClock, .Lfunc_end10-CLK_SetCoreClock
	.cfi_endproc
	.cantunwind
	.fnend
                                        @ -- End function
	.hidden	CLK_SetHCLK                     @ -- Begin function CLK_SetHCLK
	.globl	CLK_SetHCLK
	.p2align	2
	.type	CLK_SetHCLK,%function
	.code	16                              @ @CLK_SetHCLK
	.thumb_func
CLK_SetHCLK:
.Lfunc_begin11:
	.loc	2 240 0 is_stmt 1               @ ../../../../Library/StdDriver/src/clk.c:240:0
	.fnstart
	.cfi_startproc
@ %bb.0:
	@DEBUG_VALUE: CLK_SetHCLK:u32ClkSrc <- $r0
	@DEBUG_VALUE: CLK_SetHCLK:u32ClkDiv <- $r1
	.save	{r4, r5, r6, r7, lr}
	push	{r4, r5, r6, r7, lr}
	.cfi_def_cfa_offset 20
	.cfi_offset lr, -4
	.cfi_offset r7, -8
	.cfi_offset r6, -12
	.cfi_offset r5, -16
	.cfi_offset r4, -20
	.pad	#12
	sub	sp, #12
	.cfi_def_cfa_offset 32
	str	r0, [sp, #8]                    @ 4-byte Spill
.Ltmp67:
	@DEBUG_VALUE: CLK_SetHCLK:u32ClkSrc <- [DW_OP_plus_uconst 8] [$sp+0]
	ldr	r0, __arm_cp.11_0
.Ltmp68:
	.loc	2 244 23 prologue_end           @ ../../../../Library/StdDriver/src/clk.c:244:23
	ldr	r3, [r0]
	ldr	r5, __arm_cp.11_1
	.loc	2 247 25                        @ ../../../../Library/StdDriver/src/clk.c:247:25
	ldr	r2, [r5]
	movs	r4, #1
	.loc	2 247 32 is_stmt 0              @ ../../../../Library/StdDriver/src/clk.c:247:32
	orrs	r2, r4
	movs	r6, #14
	str	r6, [sp, #4]                    @ 4-byte Spill
	.loc	2 247 59                        @ ../../../../Library/StdDriver/src/clk.c:247:59
	bics	r2, r6
	.loc	2 247 17                        @ ../../../../Library/StdDriver/src/clk.c:247:17
	str	r2, [r5]
	.loc	2 250 17 is_stmt 1              @ ../../../../Library/StdDriver/src/clk.c:250:17
	mov	r5, r0
	subs	r5, #80
	ldr	r2, [r5]
	movs	r6, #4
	str	r6, [sp]                        @ 4-byte Spill
	orrs	r2, r6
	str	r2, [r5]
.Ltmp69:
	@DEBUG_VALUE: CLK_WaitClockReady:u32Ret <- 1
	.loc	2 513 22                        @ ../../../../Library/StdDriver/src/clk.c:513:22
	ldr	r6, __arm_cp.11_2
	movs	r2, #0
	str	r2, [r6]
	movs	r7, #16
.Ltmp70:
	.loc	2 244 30                        @ ../../../../Library/StdDriver/src/clk.c:244:30
	ands	r7, r3
.Ltmp71:
	@DEBUG_VALUE: CLK_WaitClockReady:u32ClkMask <- 16
	@DEBUG_VALUE: CLK_SetHCLK:u32HIRCSTB <- $r7
	.loc	2 509 31                        @ ../../../../Library/StdDriver/src/clk.c:509:31
	ldr	r3, __arm_cp.11_3
	@DEBUG_VALUE: CLK_WaitClockReady:u32Ret <- 1
	ldr	r3, [r3]
	ldr	r6, __arm_cp.11_4
	.loc	2 509 43 is_stmt 0              @ ../../../../Library/StdDriver/src/clk.c:509:43
	muls	r6, r3, r6
	movs	r3, #50
	.loc	2 509 53                        @ ../../../../Library/StdDriver/src/clk.c:509:53
	udiv	r3, r6, r3
.Ltmp72:
	@DEBUG_VALUE: CLK_WaitClockReady:u32TimeOutCnt <- $r3
.LBB11_1:                               @ =>This Inner Loop Header: Depth=1
	@DEBUG_VALUE: CLK_WaitClockReady:u32TimeOutCnt <- $r3
	@DEBUG_VALUE: CLK_SetHCLK:u32HIRCSTB <- $r7
	@DEBUG_VALUE: CLK_WaitClockReady:u32ClkMask <- 16
	@DEBUG_VALUE: CLK_WaitClockReady:u32Ret <- 1
	@DEBUG_VALUE: CLK_SetHCLK:u32ClkSrc <- [DW_OP_plus_uconst 8] [$sp+0]
	@DEBUG_VALUE: CLK_SetHCLK:u32ClkDiv <- $r1
	@DEBUG_VALUE: CLK_WaitClockReady:u32TimeOutCnt <- $r3
	.loc	2 514 17 is_stmt 1              @ ../../../../Library/StdDriver/src/clk.c:514:17
	ldr	r6, [r0]
	.loc	2 514 5 is_stmt 0               @ ../../../../Library/StdDriver/src/clk.c:514:5
	lsls	r6, r6, #27
	bmi	.LBB11_10
.Ltmp73:
@ %bb.2:                                @   in Loop: Header=BB11_1 Depth=1
	@DEBUG_VALUE: CLK_WaitClockReady:u32TimeOutCnt <- $r3
	@DEBUG_VALUE: CLK_SetHCLK:u32HIRCSTB <- $r7
	@DEBUG_VALUE: CLK_WaitClockReady:u32ClkMask <- 16
	@DEBUG_VALUE: CLK_WaitClockReady:u32Ret <- 1
	@DEBUG_VALUE: CLK_SetHCLK:u32ClkSrc <- [DW_OP_plus_uconst 8] [$sp+0]
	@DEBUG_VALUE: CLK_SetHCLK:u32ClkDiv <- $r1
	@DEBUG_VALUE: CLK_WaitClockReady:u32TimeOutCnt <- [DW_OP_constu 1, DW_OP_minus, DW_OP_stack_value] $r3
	.loc	2 516 12 is_stmt 1              @ ../../../../Library/StdDriver/src/clk.c:516:12
	cmp	r3, #1
	beq	.LBB11_11
.Ltmp74:
@ %bb.3:                                @   in Loop: Header=BB11_1 Depth=1
	@DEBUG_VALUE: CLK_WaitClockReady:u32TimeOutCnt <- [DW_OP_constu 1, DW_OP_minus, DW_OP_stack_value] $r3
	@DEBUG_VALUE: CLK_SetHCLK:u32HIRCSTB <- $r7
	@DEBUG_VALUE: CLK_WaitClockReady:u32ClkMask <- 16
	@DEBUG_VALUE: CLK_WaitClockReady:u32Ret <- 1
	@DEBUG_VALUE: CLK_SetHCLK:u32ClkSrc <- [DW_OP_plus_uconst 8] [$sp+0]
	@DEBUG_VALUE: CLK_SetHCLK:u32ClkDiv <- $r1
	@DEBUG_VALUE: CLK_WaitClockReady:u32TimeOutCnt <- [DW_OP_constu 1, DW_OP_minus, DW_OP_stack_value] $r3
	.loc	2 514 17                        @ ../../../../Library/StdDriver/src/clk.c:514:17
	ldr	r6, [r0]
	.loc	2 514 5 is_stmt 0               @ ../../../../Library/StdDriver/src/clk.c:514:5
	lsls	r6, r6, #27
	bmi	.LBB11_9
.Ltmp75:
@ %bb.4:                                @   in Loop: Header=BB11_1 Depth=1
	@DEBUG_VALUE: CLK_WaitClockReady:u32TimeOutCnt <- [DW_OP_constu 1, DW_OP_minus, DW_OP_stack_value] $r3
	@DEBUG_VALUE: CLK_SetHCLK:u32HIRCSTB <- $r7
	@DEBUG_VALUE: CLK_WaitClockReady:u32ClkMask <- 16
	@DEBUG_VALUE: CLK_WaitClockReady:u32Ret <- 1
	@DEBUG_VALUE: CLK_SetHCLK:u32ClkSrc <- [DW_OP_plus_uconst 8] [$sp+0]
	@DEBUG_VALUE: CLK_SetHCLK:u32ClkDiv <- $r1
	@DEBUG_VALUE: CLK_WaitClockReady:u32TimeOutCnt <- [DW_OP_constu 2, DW_OP_minus, DW_OP_stack_value] $r3
	.loc	2 516 12 is_stmt 1              @ ../../../../Library/StdDriver/src/clk.c:516:12
	cmp	r3, #2
	beq	.LBB11_11
.Ltmp76:
@ %bb.5:                                @   in Loop: Header=BB11_1 Depth=1
	@DEBUG_VALUE: CLK_WaitClockReady:u32TimeOutCnt <- [DW_OP_constu 2, DW_OP_minus, DW_OP_stack_value] $r3
	@DEBUG_VALUE: CLK_SetHCLK:u32HIRCSTB <- $r7
	@DEBUG_VALUE: CLK_WaitClockReady:u32ClkMask <- 16
	@DEBUG_VALUE: CLK_WaitClockReady:u32Ret <- 1
	@DEBUG_VALUE: CLK_SetHCLK:u32ClkSrc <- [DW_OP_plus_uconst 8] [$sp+0]
	@DEBUG_VALUE: CLK_SetHCLK:u32ClkDiv <- $r1
	@DEBUG_VALUE: CLK_WaitClockReady:u32TimeOutCnt <- [DW_OP_constu 2, DW_OP_minus, DW_OP_stack_value] $r3
	.loc	2 514 17                        @ ../../../../Library/StdDriver/src/clk.c:514:17
	ldr	r6, [r0]
	.loc	2 514 5 is_stmt 0               @ ../../../../Library/StdDriver/src/clk.c:514:5
	lsls	r6, r6, #27
	bmi	.LBB11_9
.Ltmp77:
@ %bb.6:                                @   in Loop: Header=BB11_1 Depth=1
	@DEBUG_VALUE: CLK_WaitClockReady:u32TimeOutCnt <- [DW_OP_constu 2, DW_OP_minus, DW_OP_stack_value] $r3
	@DEBUG_VALUE: CLK_SetHCLK:u32HIRCSTB <- $r7
	@DEBUG_VALUE: CLK_WaitClockReady:u32ClkMask <- 16
	@DEBUG_VALUE: CLK_WaitClockReady:u32Ret <- 1
	@DEBUG_VALUE: CLK_SetHCLK:u32ClkSrc <- [DW_OP_plus_uconst 8] [$sp+0]
	@DEBUG_VALUE: CLK_SetHCLK:u32ClkDiv <- $r1
	@DEBUG_VALUE: CLK_WaitClockReady:u32TimeOutCnt <- [DW_OP_constu 3, DW_OP_minus, DW_OP_stack_value] $r3
	.loc	2 516 12 is_stmt 1              @ ../../../../Library/StdDriver/src/clk.c:516:12
	cmp	r3, #3
	beq	.LBB11_11
.Ltmp78:
@ %bb.7:                                @   in Loop: Header=BB11_1 Depth=1
	@DEBUG_VALUE: CLK_WaitClockReady:u32TimeOutCnt <- [DW_OP_constu 3, DW_OP_minus, DW_OP_stack_value] $r3
	@DEBUG_VALUE: CLK_SetHCLK:u32HIRCSTB <- $r7
	@DEBUG_VALUE: CLK_WaitClockReady:u32ClkMask <- 16
	@DEBUG_VALUE: CLK_WaitClockReady:u32Ret <- 1
	@DEBUG_VALUE: CLK_SetHCLK:u32ClkSrc <- [DW_OP_plus_uconst 8] [$sp+0]
	@DEBUG_VALUE: CLK_SetHCLK:u32ClkDiv <- $r1
	@DEBUG_VALUE: CLK_WaitClockReady:u32TimeOutCnt <- [DW_OP_constu 3, DW_OP_minus, DW_OP_stack_value] $r3
	.loc	2 514 17                        @ ../../../../Library/StdDriver/src/clk.c:514:17
	ldr	r6, [r0]
	.loc	2 514 5 is_stmt 0               @ ../../../../Library/StdDriver/src/clk.c:514:5
	lsls	r6, r6, #27
	bmi	.LBB11_9
.Ltmp79:
@ %bb.8:                                @   in Loop: Header=BB11_1 Depth=1
	@DEBUG_VALUE: CLK_WaitClockReady:u32TimeOutCnt <- [DW_OP_constu 3, DW_OP_minus, DW_OP_stack_value] $r3
	@DEBUG_VALUE: CLK_SetHCLK:u32HIRCSTB <- $r7
	@DEBUG_VALUE: CLK_WaitClockReady:u32ClkMask <- 16
	@DEBUG_VALUE: CLK_WaitClockReady:u32Ret <- 1
	@DEBUG_VALUE: CLK_SetHCLK:u32ClkSrc <- [DW_OP_plus_uconst 8] [$sp+0]
	@DEBUG_VALUE: CLK_SetHCLK:u32ClkDiv <- $r1
	.loc	2 516 12 is_stmt 1              @ ../../../../Library/StdDriver/src/clk.c:516:12
	subs	r3, r3, #4
.Ltmp80:
	@DEBUG_VALUE: CLK_WaitClockReady:u32TimeOutCnt <- $r3
	.loc	2 516 12 is_stmt 0              @ ../../../../Library/StdDriver/src/clk.c:516:12
	bne	.LBB11_1
	b	.LBB11_11
.Ltmp81:
.LBB11_9:
	@DEBUG_VALUE: CLK_SetHCLK:u32HIRCSTB <- $r7
	@DEBUG_VALUE: CLK_WaitClockReady:u32ClkMask <- 16
	@DEBUG_VALUE: CLK_WaitClockReady:u32Ret <- 1
	@DEBUG_VALUE: CLK_SetHCLK:u32ClkSrc <- [DW_OP_plus_uconst 8] [$sp+0]
	@DEBUG_VALUE: CLK_SetHCLK:u32ClkDiv <- $r1
	.loc	2 0 12                          @ ../../../../Library/StdDriver/src/clk.c:0:12
	mov	r3, r4
.Ltmp82:
.LBB11_10:
	@DEBUG_VALUE: CLK_SetHCLK:u32HIRCSTB <- $r7
	@DEBUG_VALUE: CLK_WaitClockReady:u32ClkMask <- 16
	@DEBUG_VALUE: CLK_WaitClockReady:u32Ret <- 1
	@DEBUG_VALUE: CLK_SetHCLK:u32ClkSrc <- [DW_OP_plus_uconst 8] [$sp+0]
	@DEBUG_VALUE: CLK_SetHCLK:u32ClkDiv <- $r1
	@DEBUG_VALUE: CLK_WaitClockReady:u32Ret <- 1
	@DEBUG_VALUE: CLK_WaitClockReady:u32TimeOutCnt <- $r3
	.loc	2 523 8 is_stmt 1               @ ../../../../Library/StdDriver/src/clk.c:523:8
	cbnz	r3, .LBB11_12
.Ltmp83:
.LBB11_11:
	@DEBUG_VALUE: CLK_SetHCLK:u32HIRCSTB <- $r7
	@DEBUG_VALUE: CLK_WaitClockReady:u32ClkMask <- 16
	@DEBUG_VALUE: CLK_WaitClockReady:u32Ret <- 1
	@DEBUG_VALUE: CLK_SetHCLK:u32ClkSrc <- [DW_OP_plus_uconst 8] [$sp+0]
	@DEBUG_VALUE: CLK_SetHCLK:u32ClkDiv <- $r1
	.loc	2 0 8 is_stmt 0                 @ ../../../../Library/StdDriver/src/clk.c:0:8
	mvns	r2, r2
.Ltmp84:
	.loc	2 524 26 is_stmt 1              @ ../../../../Library/StdDriver/src/clk.c:524:26
	ldr	r3, __arm_cp.11_2
	str	r2, [r3]
.Ltmp85:
.LBB11_12:
	@DEBUG_VALUE: CLK_SetHCLK:u32HIRCSTB <- $r7
	@DEBUG_VALUE: CLK_SetHCLK:u32ClkSrc <- [DW_OP_plus_uconst 8] [$sp+0]
	@DEBUG_VALUE: CLK_SetHCLK:u32ClkDiv <- $r1
	.loc	2 252 26                        @ ../../../../Library/StdDriver/src/clk.c:252:26
	mov	r2, r0
	subs	r2, #64
	ldr	r3, [r2]
	movs	r4, #5
	.loc	2 252 34 is_stmt 0              @ ../../../../Library/StdDriver/src/clk.c:252:34
	orrs	r4, r3
	movs	r3, #2
	.loc	2 252 64                        @ ../../../../Library/StdDriver/src/clk.c:252:64
	bics	r4, r3
	.loc	2 252 18                        @ ../../../../Library/StdDriver/src/clk.c:252:18
	str	r4, [r2]
	.loc	2 255 26 is_stmt 1              @ ../../../../Library/StdDriver/src/clk.c:255:26
	subs	r0, #48
	ldr	r3, [r0]
	movs	r4, #255
	.loc	2 255 34 is_stmt 0              @ ../../../../Library/StdDriver/src/clk.c:255:34
	bics	r3, r4
	.loc	2 255 64                        @ ../../../../Library/StdDriver/src/clk.c:255:64
	orrs	r3, r1
	.loc	2 255 18                        @ ../../../../Library/StdDriver/src/clk.c:255:18
	str	r3, [r0]
	.loc	2 258 26 is_stmt 1              @ ../../../../Library/StdDriver/src/clk.c:258:26
	ldr	r0, [r2]
	movs	r1, #7
.Ltmp86:
	@DEBUG_VALUE: CLK_SetHCLK:u32ClkDiv <- [DW_OP_LLVM_entry_value 1] $r1
	.loc	2 258 34 is_stmt 0              @ ../../../../Library/StdDriver/src/clk.c:258:34
	bics	r0, r1
	ldr	r4, [sp, #8]                    @ 4-byte Reload
	.loc	2 258 64                        @ ../../../../Library/StdDriver/src/clk.c:258:64
	orrs	r0, r4
	.loc	2 258 18                        @ ../../../../Library/StdDriver/src/clk.c:258:18
	str	r0, [r2]
	.loc	2 261 5 is_stmt 1               @ ../../../../Library/StdDriver/src/clk.c:261:5
	bl	SystemCoreClockUpdate
.Ltmp87:
	.loc	2 0 5 is_stmt 0                 @ ../../../../Library/StdDriver/src/clk.c:0:5
	ldr	r2, __arm_cp.11_1
	.loc	2 264 25 is_stmt 1              @ ../../../../Library/StdDriver/src/clk.c:264:25
	ldr	r0, [r2]
	movs	r1, #1
	.loc	2 264 32 is_stmt 0              @ ../../../../Library/StdDriver/src/clk.c:264:32
	orrs	r1, r0
	.loc	2 264 59                        @ ../../../../Library/StdDriver/src/clk.c:264:59
	ldr	r0, [sp, #4]                    @ 4-byte Reload
	bics	r1, r0
	.loc	2 264 17                        @ ../../../../Library/StdDriver/src/clk.c:264:17
	str	r1, [r2]
	.loc	2 267 8 is_stmt 1               @ ../../../../Library/StdDriver/src/clk.c:267:8
	cmp	r4, #5
	beq	.LBB11_15
.Ltmp88:
@ %bb.13:
	@DEBUG_VALUE: CLK_SetHCLK:u32ClkDiv <- [DW_OP_LLVM_entry_value 1] $r1
	@DEBUG_VALUE: CLK_SetHCLK:u32HIRCSTB <- $r7
	@DEBUG_VALUE: CLK_SetHCLK:u32ClkSrc <- [DW_OP_plus_uconst 8] [$sp+0]
	cbnz	r7, .LBB11_15
.Ltmp89:
@ %bb.14:
	@DEBUG_VALUE: CLK_SetHCLK:u32ClkDiv <- [DW_OP_LLVM_entry_value 1] $r1
	@DEBUG_VALUE: CLK_SetHCLK:u32HIRCSTB <- $r7
	@DEBUG_VALUE: CLK_SetHCLK:u32ClkSrc <- [DW_OP_plus_uconst 8] [$sp+0]
	.loc	2 271 25                        @ ../../../../Library/StdDriver/src/clk.c:271:25
	ldr	r0, [r5]
	ldr	r1, [sp]                        @ 4-byte Reload
	bics	r0, r1
	str	r0, [r5]
.Ltmp90:
.LBB11_15:
	@DEBUG_VALUE: CLK_SetHCLK:u32ClkDiv <- [DW_OP_LLVM_entry_value 1] $r1
	@DEBUG_VALUE: CLK_SetHCLK:u32HIRCSTB <- $r7
	@DEBUG_VALUE: CLK_SetHCLK:u32ClkSrc <- [DW_OP_plus_uconst 8] [$sp+0]
	.loc	2 274 1 epilogue_begin          @ ../../../../Library/StdDriver/src/clk.c:274:1
	add	sp, #12
	pop	{r4, r5, r6, r7, pc}
.Ltmp91:
	.loc	2 0 1 is_stmt 0                 @ :0:1
.Ltmp92:
	.p2align	2
@ %bb.16:
__arm_cp.11_0:
	.long	1073742416                      @ 0x40000250
.Lcpi_end22:
	.size	__arm_cp.11_0, .Lcpi_end22-__arm_cp.11_0
__arm_cp.11_1:
	.long	1073791052                      @ 0x4000c04c
.Lcpi_end23:
	.size	__arm_cp.11_1, .Lcpi_end23-__arm_cp.11_1
__arm_cp.11_2:
	.long	g_CLK_i32ErrCode
.Lcpi_end24:
	.size	__arm_cp.11_2, .Lcpi_end24-__arm_cp.11_2
__arm_cp.11_3:
	.long	CyclesPerUs
.Lcpi_end25:
	.size	__arm_cp.11_3, .Lcpi_end25-__arm_cp.11_3
__arm_cp.11_4:
	.long	500000                          @ 0x7a120
.Lcpi_end26:
	.size	__arm_cp.11_4, .Lcpi_end26-__arm_cp.11_4
.Lfunc_end11:
	.size	CLK_SetHCLK, .Lfunc_end11-CLK_SetHCLK
	.cfi_endproc
	.cantunwind
	.fnend
                                        @ -- End function
	.hidden	CLK_WaitClockReady              @ -- Begin function CLK_WaitClockReady
	.globl	CLK_WaitClockReady
	.p2align	2
	.type	CLK_WaitClockReady,%function
	.code	16                              @ @CLK_WaitClockReady
	.thumb_func
CLK_WaitClockReady:
.Lfunc_begin12:
	.loc	2 507 0 is_stmt 1               @ ../../../../Library/StdDriver/src/clk.c:507:0
	.fnstart
	.cfi_startproc
@ %bb.0:
	@DEBUG_VALUE: CLK_WaitClockReady:u32ClkMask <- $r0
	.save	{r4, r5, r6, lr}
	push	{r4, r5, r6, lr}
	.cfi_def_cfa_offset 16
	.cfi_offset lr, -4
	.cfi_offset r6, -8
	.cfi_offset r5, -12
	.cfi_offset r4, -16
	mov	r1, r0
.Ltmp93:
	@DEBUG_VALUE: CLK_WaitClockReady:u32Ret <- 1
	@DEBUG_VALUE: CLK_WaitClockReady:u32ClkMask <- $r1
	.loc	2 513 22 prologue_end           @ ../../../../Library/StdDriver/src/clk.c:513:22
	ldr	r2, __arm_cp.12_0
	movs	r3, #0
	str	r3, [r2]
	.loc	2 509 31                        @ ../../../../Library/StdDriver/src/clk.c:509:31
	ldr	r0, __arm_cp.12_1
	ldr	r0, [r0]
	ldr	r4, __arm_cp.12_2
	.loc	2 509 43 is_stmt 0              @ ../../../../Library/StdDriver/src/clk.c:509:43
	muls	r4, r0, r4
	movs	r0, #50
	.loc	2 509 53                        @ ../../../../Library/StdDriver/src/clk.c:509:53
	udiv	r4, r4, r0
.Ltmp94:
	@DEBUG_VALUE: CLK_WaitClockReady:u32TimeOutCnt <- $r4
	.loc	2 0 53                          @ ../../../../Library/StdDriver/src/clk.c:0:53
	ldr	r5, __arm_cp.12_3
	movs	r0, #1
.Ltmp95:
.LBB12_1:                               @ =>This Inner Loop Header: Depth=1
	@DEBUG_VALUE: CLK_WaitClockReady:u32TimeOutCnt <- $r4
	@DEBUG_VALUE: CLK_WaitClockReady:u32ClkMask <- $r1
	@DEBUG_VALUE: CLK_WaitClockReady:u32Ret <- 1
	@DEBUG_VALUE: CLK_WaitClockReady:u32TimeOutCnt <- $r4
	.loc	2 514 17 is_stmt 1              @ ../../../../Library/StdDriver/src/clk.c:514:17
	ldr	r6, [r5]
	.loc	2 514 24 is_stmt 0              @ ../../../../Library/StdDriver/src/clk.c:514:24
	ands	r6, r1
	.loc	2 514 5                         @ ../../../../Library/StdDriver/src/clk.c:514:5
	cmp	r6, r1
	beq	.LBB12_11
.Ltmp96:
@ %bb.2:                                @   in Loop: Header=BB12_1 Depth=1
	@DEBUG_VALUE: CLK_WaitClockReady:u32TimeOutCnt <- $r4
	@DEBUG_VALUE: CLK_WaitClockReady:u32ClkMask <- $r1
	@DEBUG_VALUE: CLK_WaitClockReady:u32Ret <- 1
	@DEBUG_VALUE: CLK_WaitClockReady:u32TimeOutCnt <- [DW_OP_constu 1, DW_OP_minus, DW_OP_stack_value] $r4
	.loc	2 516 12 is_stmt 1              @ ../../../../Library/StdDriver/src/clk.c:516:12
	cmp	r4, #1
	beq	.LBB12_9
.Ltmp97:
@ %bb.3:                                @   in Loop: Header=BB12_1 Depth=1
	@DEBUG_VALUE: CLK_WaitClockReady:u32TimeOutCnt <- [DW_OP_constu 1, DW_OP_minus, DW_OP_stack_value] $r4
	@DEBUG_VALUE: CLK_WaitClockReady:u32ClkMask <- $r1
	@DEBUG_VALUE: CLK_WaitClockReady:u32Ret <- 1
	@DEBUG_VALUE: CLK_WaitClockReady:u32TimeOutCnt <- [DW_OP_constu 1, DW_OP_minus, DW_OP_stack_value] $r4
	.loc	2 514 17                        @ ../../../../Library/StdDriver/src/clk.c:514:17
	ldr	r6, [r5]
	.loc	2 514 24 is_stmt 0              @ ../../../../Library/StdDriver/src/clk.c:514:24
	ands	r6, r1
	.loc	2 514 5                         @ ../../../../Library/StdDriver/src/clk.c:514:5
	cmp	r6, r1
	beq	.LBB12_10
.Ltmp98:
@ %bb.4:                                @   in Loop: Header=BB12_1 Depth=1
	@DEBUG_VALUE: CLK_WaitClockReady:u32TimeOutCnt <- [DW_OP_constu 1, DW_OP_minus, DW_OP_stack_value] $r4
	@DEBUG_VALUE: CLK_WaitClockReady:u32ClkMask <- $r1
	@DEBUG_VALUE: CLK_WaitClockReady:u32Ret <- 1
	@DEBUG_VALUE: CLK_WaitClockReady:u32TimeOutCnt <- [DW_OP_constu 2, DW_OP_minus, DW_OP_stack_value] $r4
	.loc	2 516 12 is_stmt 1              @ ../../../../Library/StdDriver/src/clk.c:516:12
	cmp	r4, #2
	beq	.LBB12_9
.Ltmp99:
@ %bb.5:                                @   in Loop: Header=BB12_1 Depth=1
	@DEBUG_VALUE: CLK_WaitClockReady:u32TimeOutCnt <- [DW_OP_constu 2, DW_OP_minus, DW_OP_stack_value] $r4
	@DEBUG_VALUE: CLK_WaitClockReady:u32ClkMask <- $r1
	@DEBUG_VALUE: CLK_WaitClockReady:u32Ret <- 1
	@DEBUG_VALUE: CLK_WaitClockReady:u32TimeOutCnt <- [DW_OP_constu 2, DW_OP_minus, DW_OP_stack_value] $r4
	.loc	2 514 17                        @ ../../../../Library/StdDriver/src/clk.c:514:17
	ldr	r6, [r5]
	.loc	2 514 24 is_stmt 0              @ ../../../../Library/StdDriver/src/clk.c:514:24
	ands	r6, r1
	.loc	2 514 5                         @ ../../../../Library/StdDriver/src/clk.c:514:5
	cmp	r6, r1
	beq	.LBB12_10
.Ltmp100:
@ %bb.6:                                @   in Loop: Header=BB12_1 Depth=1
	@DEBUG_VALUE: CLK_WaitClockReady:u32TimeOutCnt <- [DW_OP_constu 2, DW_OP_minus, DW_OP_stack_value] $r4
	@DEBUG_VALUE: CLK_WaitClockReady:u32ClkMask <- $r1
	@DEBUG_VALUE: CLK_WaitClockReady:u32Ret <- 1
	@DEBUG_VALUE: CLK_WaitClockReady:u32TimeOutCnt <- [DW_OP_constu 3, DW_OP_minus, DW_OP_stack_value] $r4
	.loc	2 516 12 is_stmt 1              @ ../../../../Library/StdDriver/src/clk.c:516:12
	cmp	r4, #3
	beq	.LBB12_9
.Ltmp101:
@ %bb.7:                                @   in Loop: Header=BB12_1 Depth=1
	@DEBUG_VALUE: CLK_WaitClockReady:u32TimeOutCnt <- [DW_OP_constu 3, DW_OP_minus, DW_OP_stack_value] $r4
	@DEBUG_VALUE: CLK_WaitClockReady:u32ClkMask <- $r1
	@DEBUG_VALUE: CLK_WaitClockReady:u32Ret <- 1
	@DEBUG_VALUE: CLK_WaitClockReady:u32TimeOutCnt <- [DW_OP_constu 3, DW_OP_minus, DW_OP_stack_value] $r4
	.loc	2 514 17                        @ ../../../../Library/StdDriver/src/clk.c:514:17
	ldr	r6, [r5]
	.loc	2 514 24 is_stmt 0              @ ../../../../Library/StdDriver/src/clk.c:514:24
	ands	r6, r1
	.loc	2 514 5                         @ ../../../../Library/StdDriver/src/clk.c:514:5
	cmp	r6, r1
	beq	.LBB12_10
.Ltmp102:
@ %bb.8:                                @   in Loop: Header=BB12_1 Depth=1
	@DEBUG_VALUE: CLK_WaitClockReady:u32TimeOutCnt <- [DW_OP_constu 3, DW_OP_minus, DW_OP_stack_value] $r4
	@DEBUG_VALUE: CLK_WaitClockReady:u32ClkMask <- $r1
	@DEBUG_VALUE: CLK_WaitClockReady:u32Ret <- 1
	.loc	2 516 12 is_stmt 1              @ ../../../../Library/StdDriver/src/clk.c:516:12
	subs	r4, r4, #4
.Ltmp103:
	@DEBUG_VALUE: CLK_WaitClockReady:u32TimeOutCnt <- $r4
	.loc	2 516 12 is_stmt 0              @ ../../../../Library/StdDriver/src/clk.c:516:12
	bne	.LBB12_1
.Ltmp104:
.LBB12_9:
	@DEBUG_VALUE: CLK_WaitClockReady:u32ClkMask <- $r1
	@DEBUG_VALUE: CLK_WaitClockReady:u32Ret <- 1
	.loc	2 0 12                          @ ../../../../Library/StdDriver/src/clk.c:0:12
	mov	r0, r3
	b	.LBB12_13
.Ltmp105:
.LBB12_10:
	@DEBUG_VALUE: CLK_WaitClockReady:u32ClkMask <- $r1
	@DEBUG_VALUE: CLK_WaitClockReady:u32Ret <- 1
	mov	r4, r0
.Ltmp106:
.LBB12_11:
	@DEBUG_VALUE: CLK_WaitClockReady:u32ClkMask <- $r1
	@DEBUG_VALUE: CLK_WaitClockReady:u32Ret <- 1
	@DEBUG_VALUE: CLK_WaitClockReady:u32Ret <- 1
	@DEBUG_VALUE: CLK_WaitClockReady:u32TimeOutCnt <- $r4
	cbz	r4, .LBB12_13
.Ltmp107:
@ %bb.12:
	@DEBUG_VALUE: CLK_WaitClockReady:u32TimeOutCnt <- $r4
	@DEBUG_VALUE: CLK_WaitClockReady:u32ClkMask <- $r1
	@DEBUG_VALUE: CLK_WaitClockReady:u32Ret <- 1
	.loc	2 526 5 epilogue_begin is_stmt 1 @ ../../../../Library/StdDriver/src/clk.c:526:5
	pop	{r4, r5, r6, pc}
.Ltmp108:
.LBB12_13:
	@DEBUG_VALUE: CLK_WaitClockReady:u32ClkMask <- $r1
	@DEBUG_VALUE: CLK_WaitClockReady:u32Ret <- 1
	.loc	2 0 5 is_stmt 0                 @ ../../../../Library/StdDriver/src/clk.c:0:5
	mvns	r1, r3
.Ltmp109:
	.loc	2 524 26 is_stmt 1              @ ../../../../Library/StdDriver/src/clk.c:524:26
	str	r1, [r2]
.Ltmp110:
	.loc	2 526 5 epilogue_begin          @ ../../../../Library/StdDriver/src/clk.c:526:5
	pop	{r4, r5, r6, pc}
.Ltmp111:
	.loc	2 0 5 is_stmt 0                 @ :0:5
.Ltmp112:
	.p2align	2
@ %bb.14:
__arm_cp.12_0:
	.long	g_CLK_i32ErrCode
.Lcpi_end27:
	.size	__arm_cp.12_0, .Lcpi_end27-__arm_cp.12_0
__arm_cp.12_1:
	.long	CyclesPerUs
.Lcpi_end28:
	.size	__arm_cp.12_1, .Lcpi_end28-__arm_cp.12_1
__arm_cp.12_2:
	.long	500000                          @ 0x7a120
.Lcpi_end29:
	.size	__arm_cp.12_2, .Lcpi_end29-__arm_cp.12_2
__arm_cp.12_3:
	.long	1073742416                      @ 0x40000250
.Lcpi_end30:
	.size	__arm_cp.12_3, .Lcpi_end30-__arm_cp.12_3
.Lfunc_end12:
	.size	CLK_WaitClockReady, .Lfunc_end12-CLK_WaitClockReady
	.cfi_endproc
	.cantunwind
	.fnend
                                        @ -- End function
	.hidden	CLK_SetModuleClock              @ -- Begin function CLK_SetModuleClock
	.globl	CLK_SetModuleClock
	.p2align	2
	.type	CLK_SetModuleClock,%function
	.code	16                              @ @CLK_SetModuleClock
	.thumb_func
CLK_SetModuleClock:
.Lfunc_begin13:
	.loc	2 328 0 is_stmt 1               @ ../../../../Library/StdDriver/src/clk.c:328:0
	.fnstart
	.cfi_startproc
@ %bb.0:
	@DEBUG_VALUE: CLK_SetModuleClock:u32ModuleIdx <- $r0
	@DEBUG_VALUE: CLK_SetModuleClock:u32ClkSrc <- $r1
	@DEBUG_VALUE: CLK_SetModuleClock:u32ClkDiv <- $r2
	.save	{r4, r5, r6, lr}
	push	{r4, r5, r6, lr}
	.cfi_def_cfa_offset 16
	.cfi_offset lr, -4
	.cfi_offset r6, -8
	.cfi_offset r5, -12
	.cfi_offset r4, -16
.Ltmp113:
	@DEBUG_VALUE: CLK_SetModuleClock:u32Sel <- 0
	@DEBUG_VALUE: CLK_SetModuleClock:u32Div <- 0
	.loc	2 333 8 prologue_end            @ ../../../../Library/StdDriver/src/clk.c:333:8
	lsrs	r3, r0, #10
	uxtb	r4, r3
	ldr	r3, __arm_cp.13_0
.Ltmp114:
	.loc	2 333 8 is_stmt 0               @ ../../../../Library/StdDriver/src/clk.c:333:8
	cbz	r4, .LBB13_2
.Ltmp115:
@ %bb.1:
	@DEBUG_VALUE: CLK_SetModuleClock:u32Div <- 0
	@DEBUG_VALUE: CLK_SetModuleClock:u32Sel <- 0
	@DEBUG_VALUE: CLK_SetModuleClock:u32ClkDiv <- $r2
	@DEBUG_VALUE: CLK_SetModuleClock:u32ClkSrc <- $r1
	@DEBUG_VALUE: CLK_SetModuleClock:u32ModuleIdx <- $r0
	.loc	2 338 76 is_stmt 1              @ ../../../../Library/StdDriver/src/clk.c:338:76
	lsls	r5, r0, #22
	lsrs	r5, r5, #27
	.loc	2 338 73 is_stmt 0              @ ../../../../Library/StdDriver/src/clk.c:338:73
	lsls	r4, r5
	.loc	2 336 45 is_stmt 1              @ ../../../../Library/StdDriver/src/clk.c:336:45
	lsrs	r5, r0, #16
	movs	r6, #12
	ands	r6, r5
	ldr	r5, __arm_cp.13_1
	ldr	r5, [r5, r6]
	.loc	2 336 42 is_stmt 0              @ ../../../../Library/StdDriver/src/clk.c:336:42
	adds	r5, r3, r5
.Ltmp116:
	@DEBUG_VALUE: CLK_SetModuleClock:u32Div <- [DW_OP_plus_uconst 16, DW_OP_stack_value] $r5
	.loc	2 338 24 is_stmt 1              @ ../../../../Library/StdDriver/src/clk.c:338:24
	ldr	r6, [r5, #16]
	.loc	2 338 36 is_stmt 0              @ ../../../../Library/StdDriver/src/clk.c:338:36
	bics	r6, r4
	.loc	2 338 111                       @ ../../../../Library/StdDriver/src/clk.c:338:111
	orrs	r6, r2
	.loc	2 338 21                        @ ../../../../Library/StdDriver/src/clk.c:338:21
	str	r6, [r5, #16]
.Ltmp117:
.LBB13_2:
	@DEBUG_VALUE: CLK_SetModuleClock:u32Sel <- 0
	@DEBUG_VALUE: CLK_SetModuleClock:u32ClkDiv <- $r2
	@DEBUG_VALUE: CLK_SetModuleClock:u32ClkSrc <- $r1
	@DEBUG_VALUE: CLK_SetModuleClock:u32ModuleIdx <- $r0
	.loc	2 341 8 is_stmt 1               @ ../../../../Library/StdDriver/src/clk.c:341:8
	lsls	r2, r0, #4
.Ltmp118:
	@DEBUG_VALUE: CLK_SetModuleClock:u32ClkDiv <- [DW_OP_LLVM_entry_value 1] $r2
	lsrs	r2, r2, #29
.Ltmp119:
	.loc	2 341 8 is_stmt 0               @ ../../../../Library/StdDriver/src/clk.c:341:8
	beq	.LBB13_4
.Ltmp120:
@ %bb.3:
	@DEBUG_VALUE: CLK_SetModuleClock:u32ClkDiv <- [DW_OP_LLVM_entry_value 1] $r2
	@DEBUG_VALUE: CLK_SetModuleClock:u32Sel <- 0
	@DEBUG_VALUE: CLK_SetModuleClock:u32ClkSrc <- $r1
	@DEBUG_VALUE: CLK_SetModuleClock:u32ModuleIdx <- $r0
	.loc	2 346 76 is_stmt 1              @ ../../../../Library/StdDriver/src/clk.c:346:76
	lsls	r4, r0, #7
	lsrs	r4, r4, #27
	.loc	2 346 73 is_stmt 0              @ ../../../../Library/StdDriver/src/clk.c:346:73
	lsls	r2, r4
	.loc	2 344 45 is_stmt 1              @ ../../../../Library/StdDriver/src/clk.c:344:45
	lsrs	r0, r0, #26
.Ltmp121:
	@DEBUG_VALUE: CLK_SetModuleClock:u32ModuleIdx <- [DW_OP_LLVM_entry_value 1] $r0
	.loc	2 0 45 is_stmt 0                @ ../../../../Library/StdDriver/src/clk.c:0:45
	movs	r4, #12
	.loc	2 344 45                        @ ../../../../Library/StdDriver/src/clk.c:344:45
	ands	r4, r0
	ldr	r0, __arm_cp.13_2
	ldr	r0, [r0, r4]
.Ltmp122:
	@DEBUG_VALUE: CLK_SetModuleClock:u32Sel <- [DW_OP_LLVM_arg 0, DW_OP_LLVM_arg 1, DW_OP_plus, DW_OP_stack_value] $r0, $r3
	.loc	2 346 24 is_stmt 1              @ ../../../../Library/StdDriver/src/clk.c:346:24
	ldr	r4, [r0, r3]
	.loc	2 346 36 is_stmt 0              @ ../../../../Library/StdDriver/src/clk.c:346:36
	bics	r4, r2
	.loc	2 346 111                       @ ../../../../Library/StdDriver/src/clk.c:346:111
	orrs	r4, r1
	.loc	2 346 21                        @ ../../../../Library/StdDriver/src/clk.c:346:21
	str	r4, [r0, r3]
.Ltmp123:
.LBB13_4:
	@DEBUG_VALUE: CLK_SetModuleClock:u32ClkDiv <- [DW_OP_LLVM_entry_value 1] $r2
	@DEBUG_VALUE: CLK_SetModuleClock:u32ClkSrc <- $r1
	.loc	2 348 1 epilogue_begin is_stmt 1 @ ../../../../Library/StdDriver/src/clk.c:348:1
	pop	{r4, r5, r6, pc}
.Ltmp124:
	.loc	2 0 1 is_stmt 0                 @ :0:1
.Ltmp125:
	.p2align	2
@ %bb.5:
__arm_cp.13_0:
	.long	1073742352                      @ 0x40000210
.Lcpi_end31:
	.size	__arm_cp.13_0, .Lcpi_end31-__arm_cp.13_0
__arm_cp.13_1:
	.long	.L__const.CLK_GetModuleClockDivider.au32DivTbl
.Lcpi_end32:
	.size	__arm_cp.13_1, .Lcpi_end32-__arm_cp.13_1
__arm_cp.13_2:
	.long	.L__const.CLK_GetModuleClockSource.au32SelTbl
.Lcpi_end33:
	.size	__arm_cp.13_2, .Lcpi_end33-__arm_cp.13_2
.Lfunc_end13:
	.size	CLK_SetModuleClock, .Lfunc_end13-CLK_SetModuleClock
	.cfi_endproc
	.cantunwind
	.fnend
                                        @ -- End function
	.hidden	CLK_SetSysTickClockSrc          @ -- Begin function CLK_SetSysTickClockSrc
	.globl	CLK_SetSysTickClockSrc
	.p2align	2
	.type	CLK_SetSysTickClockSrc,%function
	.code	16                              @ @CLK_SetSysTickClockSrc
	.thumb_func
CLK_SetSysTickClockSrc:
.Lfunc_begin14:
	.loc	2 360 0 is_stmt 1               @ ../../../../Library/StdDriver/src/clk.c:360:0
	.fnstart
	.cfi_startproc
@ %bb.0:
	@DEBUG_VALUE: CLK_SetSysTickClockSrc:u32ClkSrc <- $r0
	ldr	r1, __arm_cp.14_0
.Ltmp126:
	.loc	2 361 26 prologue_end           @ ../../../../Library/StdDriver/src/clk.c:361:26
	ldr	r2, [r1]
	movs	r3, #56
	.loc	2 361 34 is_stmt 0              @ ../../../../Library/StdDriver/src/clk.c:361:34
	bics	r2, r3
	.loc	2 361 63                        @ ../../../../Library/StdDriver/src/clk.c:361:63
	orrs	r2, r0
	.loc	2 361 18                        @ ../../../../Library/StdDriver/src/clk.c:361:18
	str	r2, [r1]
	.loc	2 362 1 is_stmt 1               @ ../../../../Library/StdDriver/src/clk.c:362:1
	bx	lr
.Ltmp127:
	.loc	2 0 1 is_stmt 0                 @ :0:1
.Ltmp128:
	.p2align	2
@ %bb.1:
__arm_cp.14_0:
	.long	1073742352                      @ 0x40000210
.Lcpi_end34:
	.size	__arm_cp.14_0, .Lcpi_end34-__arm_cp.14_0
.Lfunc_end14:
	.size	CLK_SetSysTickClockSrc, .Lfunc_end14-CLK_SetSysTickClockSrc
	.cfi_endproc
	.cantunwind
	.fnend
                                        @ -- End function
	.hidden	CLK_EnableXtalRC                @ -- Begin function CLK_EnableXtalRC
	.globl	CLK_EnableXtalRC
	.p2align	2
	.type	CLK_EnableXtalRC,%function
	.code	16                              @ @CLK_EnableXtalRC
	.thumb_func
CLK_EnableXtalRC:
.Lfunc_begin15:
	.loc	2 374 0 is_stmt 1               @ ../../../../Library/StdDriver/src/clk.c:374:0
	.fnstart
	.cfi_startproc
@ %bb.0:
	@DEBUG_VALUE: CLK_EnableXtalRC:u32ClkMask <- $r0
	ldr	r1, __arm_cp.15_0
.Ltmp129:
	.loc	2 375 17 prologue_end           @ ../../../../Library/StdDriver/src/clk.c:375:17
	ldr	r2, [r1]
	orrs	r2, r0
	str	r2, [r1]
	.loc	2 376 1                         @ ../../../../Library/StdDriver/src/clk.c:376:1
	bx	lr
.Ltmp130:
	.loc	2 0 1 is_stmt 0                 @ :0:1
.Ltmp131:
	.p2align	2
@ %bb.1:
__arm_cp.15_0:
	.long	1073742336                      @ 0x40000200
.Lcpi_end35:
	.size	__arm_cp.15_0, .Lcpi_end35-__arm_cp.15_0
.Lfunc_end15:
	.size	CLK_EnableXtalRC, .Lfunc_end15-CLK_EnableXtalRC
	.cfi_endproc
	.cantunwind
	.fnend
                                        @ -- End function
	.hidden	CLK_DisableXtalRC               @ -- Begin function CLK_DisableXtalRC
	.globl	CLK_DisableXtalRC
	.p2align	2
	.type	CLK_DisableXtalRC,%function
	.code	16                              @ @CLK_DisableXtalRC
	.thumb_func
CLK_DisableXtalRC:
.Lfunc_begin16:
	.loc	2 388 0 is_stmt 1               @ ../../../../Library/StdDriver/src/clk.c:388:0
	.fnstart
	.cfi_startproc
@ %bb.0:
	@DEBUG_VALUE: CLK_DisableXtalRC:u32ClkMask <- $r0
	ldr	r1, __arm_cp.16_0
.Ltmp132:
	.loc	2 389 17 prologue_end           @ ../../../../Library/StdDriver/src/clk.c:389:17
	ldr	r2, [r1]
	bics	r2, r0
	str	r2, [r1]
	.loc	2 390 1                         @ ../../../../Library/StdDriver/src/clk.c:390:1
	bx	lr
.Ltmp133:
	.loc	2 0 1 is_stmt 0                 @ :0:1
.Ltmp134:
	.p2align	2
@ %bb.1:
__arm_cp.16_0:
	.long	1073742336                      @ 0x40000200
.Lcpi_end36:
	.size	__arm_cp.16_0, .Lcpi_end36-__arm_cp.16_0
.Lfunc_end16:
	.size	CLK_DisableXtalRC, .Lfunc_end16-CLK_DisableXtalRC
	.cfi_endproc
	.cantunwind
	.fnend
                                        @ -- End function
	.hidden	CLK_EnableModuleClock           @ -- Begin function CLK_EnableModuleClock
	.globl	CLK_EnableModuleClock
	.p2align	2
	.type	CLK_EnableModuleClock,%function
	.code	16                              @ @CLK_EnableModuleClock
	.thumb_func
CLK_EnableModuleClock:
.Lfunc_begin17:
	.loc	2 434 0 is_stmt 1               @ ../../../../Library/StdDriver/src/clk.c:434:0
	.fnstart
	.cfi_startproc
@ %bb.0:
	@DEBUG_VALUE: CLK_EnableModuleClock:u32ModuleIdx <- $r0
	@DEBUG_VALUE: CLK_EnableModuleClock:u32TmpVal <- 0
	@DEBUG_VALUE: CLK_EnableModuleClock:u32TmpAddr <- 0
	movs	r1, #31
.Ltmp135:
	.loc	2 437 25 prologue_end           @ ../../../../Library/StdDriver/src/clk.c:437:25
	ands	r1, r0
	movs	r2, #1
	.loc	2 437 22 is_stmt 0              @ ../../../../Library/StdDriver/src/clk.c:437:22
	lsls	r2, r1
.Ltmp136:
	@DEBUG_VALUE: CLK_EnableModuleClock:u32TmpVal <- $r2
	.loc	2 439 49 is_stmt 1              @ ../../../../Library/StdDriver/src/clk.c:439:49
	lsrs	r0, r0, #30
.Ltmp137:
	@DEBUG_VALUE: CLK_EnableModuleClock:u32ModuleIdx <- [DW_OP_LLVM_entry_value 1] $r0
	lsls	r0, r0, #2
.Ltmp138:
	@DEBUG_VALUE: CLK_EnableModuleClock:u32TmpAddr <- [DW_OP_plus_uconst 1073742340, DW_OP_stack_value] $r0
	.loc	2 0 49 is_stmt 0                @ ../../../../Library/StdDriver/src/clk.c:0:49
	ldr	r1, __arm_cp.17_0
.Ltmp139:
	@DEBUG_VALUE: CLK_EnableModuleClock:u32TmpAddr <- undef
	.loc	2 441 38 is_stmt 1              @ ../../../../Library/StdDriver/src/clk.c:441:38
	ldr	r3, [r0, r1]
	orrs	r3, r2
	str	r3, [r0, r1]
	.loc	2 442 1                         @ ../../../../Library/StdDriver/src/clk.c:442:1
	bx	lr
.Ltmp140:
	.loc	2 0 1 is_stmt 0                 @ :0:1
.Ltmp141:
	.p2align	2
@ %bb.1:
__arm_cp.17_0:
	.long	1073742340                      @ 0x40000204
.Lcpi_end37:
	.size	__arm_cp.17_0, .Lcpi_end37-__arm_cp.17_0
.Lfunc_end17:
	.size	CLK_EnableModuleClock, .Lfunc_end17-CLK_EnableModuleClock
	.cfi_endproc
	.cantunwind
	.fnend
                                        @ -- End function
	.hidden	CLK_DisableModuleClock          @ -- Begin function CLK_DisableModuleClock
	.globl	CLK_DisableModuleClock
	.p2align	2
	.type	CLK_DisableModuleClock,%function
	.code	16                              @ @CLK_DisableModuleClock
	.thumb_func
CLK_DisableModuleClock:
.Lfunc_begin18:
	.loc	2 486 0 is_stmt 1               @ ../../../../Library/StdDriver/src/clk.c:486:0
	.fnstart
	.cfi_startproc
@ %bb.0:
	@DEBUG_VALUE: CLK_DisableModuleClock:u32ModuleIdx <- $r0
	@DEBUG_VALUE: CLK_DisableModuleClock:u32TmpVal <- 0
	@DEBUG_VALUE: CLK_DisableModuleClock:u32TmpAddr <- 0
	movs	r1, #31
.Ltmp142:
	.loc	2 489 26 prologue_end           @ ../../../../Library/StdDriver/src/clk.c:489:26
	ands	r1, r0
	movs	r2, #1
	.loc	2 489 23 is_stmt 0              @ ../../../../Library/StdDriver/src/clk.c:489:23
	lsls	r2, r1
.Ltmp143:
	@DEBUG_VALUE: CLK_DisableModuleClock:u32TmpVal <- undef
	.loc	2 491 49 is_stmt 1              @ ../../../../Library/StdDriver/src/clk.c:491:49
	lsrs	r0, r0, #30
.Ltmp144:
	@DEBUG_VALUE: CLK_DisableModuleClock:u32ModuleIdx <- [DW_OP_LLVM_entry_value 1] $r0
	lsls	r0, r0, #2
.Ltmp145:
	@DEBUG_VALUE: CLK_DisableModuleClock:u32TmpAddr <- [DW_OP_plus_uconst 1073742340, DW_OP_stack_value] $r0
	.loc	2 0 49 is_stmt 0                @ ../../../../Library/StdDriver/src/clk.c:0:49
	ldr	r1, __arm_cp.18_0
.Ltmp146:
	@DEBUG_VALUE: CLK_DisableModuleClock:u32TmpAddr <- undef
	.loc	2 493 29 is_stmt 1              @ ../../../../Library/StdDriver/src/clk.c:493:29
	ldr	r3, [r0, r1]
	bics	r3, r2
	str	r3, [r0, r1]
	.loc	2 494 1                         @ ../../../../Library/StdDriver/src/clk.c:494:1
	bx	lr
.Ltmp147:
	.loc	2 0 1 is_stmt 0                 @ :0:1
.Ltmp148:
	.p2align	2
@ %bb.1:
__arm_cp.18_0:
	.long	1073742340                      @ 0x40000204
.Lcpi_end38:
	.size	__arm_cp.18_0, .Lcpi_end38-__arm_cp.18_0
.Lfunc_end18:
	.size	CLK_DisableModuleClock, .Lfunc_end18-CLK_DisableModuleClock
	.cfi_endproc
	.cantunwind
	.fnend
                                        @ -- End function
	.hidden	CLK_EnableSysTick               @ -- Begin function CLK_EnableSysTick
	.globl	CLK_EnableSysTick
	.p2align	2
	.type	CLK_EnableSysTick,%function
	.code	16                              @ @CLK_EnableSysTick
	.thumb_func
CLK_EnableSysTick:
.Lfunc_begin19:
	.loc	2 543 0 is_stmt 1               @ ../../../../Library/StdDriver/src/clk.c:543:0
	.fnstart
	.cfi_startproc
@ %bb.0:
	@DEBUG_VALUE: CLK_EnableSysTick:u32ClkSrc <- $r0
	@DEBUG_VALUE: CLK_EnableSysTick:u32Count <- $r1
	.save	{r4, r5, r6, lr}
	push	{r4, r5, r6, lr}
	.cfi_def_cfa_offset 16
	.cfi_offset lr, -4
	.cfi_offset r6, -8
	.cfi_offset r5, -12
	.cfi_offset r4, -16
	ldr	r2, __arm_cp.19_0
	movs	r3, #0
.Ltmp149:
	.loc	2 545 19 prologue_end           @ ../../../../Library/StdDriver/src/clk.c:545:19
	str	r3, [r2]
	.loc	2 548 8                         @ ../../../../Library/StdDriver/src/clk.c:548:8
	cmp	r0, #4
	bne	.LBB19_2
.Ltmp150:
@ %bb.1:
	@DEBUG_VALUE: CLK_EnableSysTick:u32Count <- $r1
	@DEBUG_VALUE: CLK_EnableSysTick:u32ClkSrc <- $r0
	.loc	2 550 23                        @ ../../../../Library/StdDriver/src/clk.c:550:23
	ldr	r0, [r2]
.Ltmp151:
	@DEBUG_VALUE: CLK_EnableSysTick:u32ClkSrc <- [DW_OP_LLVM_entry_value 1] $r0
	.loc	2 0 23 is_stmt 0                @ ../../../../Library/StdDriver/src/clk.c:0:23
	movs	r4, #4
	.loc	2 550 23                        @ ../../../../Library/StdDriver/src/clk.c:550:23
	orrs	r4, r0
	str	r4, [r2]
	.loc	2 551 5 is_stmt 1               @ ../../../../Library/StdDriver/src/clk.c:551:5
	b	.LBB19_3
.Ltmp152:
.LBB19_2:
	@DEBUG_VALUE: CLK_EnableSysTick:u32Count <- $r1
	@DEBUG_VALUE: CLK_EnableSysTick:u32ClkSrc <- $r0
	.loc	2 0 5 is_stmt 0                 @ ../../../../Library/StdDriver/src/clk.c:0:5
	ldr	r4, __arm_cp.19_1
.Ltmp153:
	.loc	2 554 21 is_stmt 1              @ ../../../../Library/StdDriver/src/clk.c:554:21
	ldr	r5, [r4]
	movs	r6, #8
	orrs	r6, r5
	str	r6, [r4]
	.loc	2 555 30                        @ ../../../../Library/StdDriver/src/clk.c:555:30
	ldr	r5, [r4, #12]
	movs	r6, #56
	.loc	2 555 38 is_stmt 0              @ ../../../../Library/StdDriver/src/clk.c:555:38
	bics	r5, r6
	.loc	2 555 67                        @ ../../../../Library/StdDriver/src/clk.c:555:67
	orrs	r5, r0
	.loc	2 555 22                        @ ../../../../Library/StdDriver/src/clk.c:555:22
	str	r5, [r4, #12]
.Ltmp154:
.LBB19_3:
	@DEBUG_VALUE: CLK_EnableSysTick:u32Count <- $r1
	.loc	2 559 19 is_stmt 1              @ ../../../../Library/StdDriver/src/clk.c:559:19
	str	r1, [r2, #4]
	.loc	2 562 18                        @ ../../../../Library/StdDriver/src/clk.c:562:18
	str	r3, [r2, #8]
	.loc	2 565 19                        @ ../../../../Library/StdDriver/src/clk.c:565:19
	ldr	r0, [r2]
	movs	r1, #3
.Ltmp155:
	@DEBUG_VALUE: CLK_EnableSysTick:u32Count <- [DW_OP_LLVM_entry_value 1] $r1
	orrs	r1, r0
	str	r1, [r2]
	.loc	2 566 1 epilogue_begin          @ ../../../../Library/StdDriver/src/clk.c:566:1
	pop	{r4, r5, r6, pc}
.Ltmp156:
	.loc	2 0 1 is_stmt 0                 @ :0:1
.Ltmp157:
	.p2align	2
@ %bb.4:
__arm_cp.19_0:
	.long	3758153744                      @ 0xe000e010
.Lcpi_end39:
	.size	__arm_cp.19_0, .Lcpi_end39-__arm_cp.19_0
__arm_cp.19_1:
	.long	1073742340                      @ 0x40000204
.Lcpi_end40:
	.size	__arm_cp.19_1, .Lcpi_end40-__arm_cp.19_1
.Lfunc_end19:
	.size	CLK_EnableSysTick, .Lfunc_end19-CLK_EnableSysTick
	.cfi_endproc
	.cantunwind
	.fnend
                                        @ -- End function
	.hidden	CLK_DisableSysTick              @ -- Begin function CLK_DisableSysTick
	.globl	CLK_DisableSysTick
	.p2align	2
	.type	CLK_DisableSysTick,%function
	.code	16                              @ @CLK_DisableSysTick
	.thumb_func
CLK_DisableSysTick:
.Lfunc_begin20:
	.loc	2 575 0 is_stmt 1               @ ../../../../Library/StdDriver/src/clk.c:575:0
	.fnstart
	.cfi_startproc
@ %bb.0:
	ldr	r0, __arm_cp.20_0
	movs	r1, #0
.Ltmp158:
	.loc	2 577 19 prologue_end           @ ../../../../Library/StdDriver/src/clk.c:577:19
	str	r1, [r0]
	.loc	2 578 1                         @ ../../../../Library/StdDriver/src/clk.c:578:1
	bx	lr
.Ltmp159:
	.loc	2 0 1 is_stmt 0                 @ :0:1
.Ltmp160:
	.p2align	2
@ %bb.1:
__arm_cp.20_0:
	.long	3758153744                      @ 0xe000e010
.Lcpi_end41:
	.size	__arm_cp.20_0, .Lcpi_end41-__arm_cp.20_0
.Lfunc_end20:
	.size	CLK_DisableSysTick, .Lfunc_end20-CLK_DisableSysTick
	.cfi_endproc
	.cantunwind
	.fnend
                                        @ -- End function
	.hidden	CLK_SetPowerDownMode            @ -- Begin function CLK_SetPowerDownMode
	.globl	CLK_SetPowerDownMode
	.p2align	2
	.type	CLK_SetPowerDownMode,%function
	.code	16                              @ @CLK_SetPowerDownMode
	.thumb_func
CLK_SetPowerDownMode:
.Lfunc_begin21:
	.loc	2 590 0 is_stmt 1               @ ../../../../Library/StdDriver/src/clk.c:590:0
	.fnstart
	.cfi_startproc
@ %bb.0:
	@DEBUG_VALUE: CLK_SetPowerDownMode:u32PDMode <- $r0
	.save	{r4, lr}
	push	{r4, lr}
	.cfi_def_cfa_offset 8
	.cfi_offset lr, -4
	.cfi_offset r4, -8
.Ltmp161:
	.loc	2 591 30 prologue_end           @ ../../../../Library/StdDriver/src/clk.c:591:30
	ldr	r1, __arm_cp.21_0
	ldr	r1, [r1]
	.loc	2 591 46 is_stmt 0              @ ../../../../Library/StdDriver/src/clk.c:591:46
	lsls	r2, r1, #1
.Ltmp162:
	@DEBUG_VALUE: CLK_SetPowerDownMode:u32TimeOutCnt <- $r2
	.loc	2 0 46                          @ ../../../../Library/StdDriver/src/clk.c:0:46
	ldr	r1, __arm_cp.21_1
	movs	r3, #1
.Ltmp163:
.LBB21_1:                               @ =>This Inner Loop Header: Depth=1
	@DEBUG_VALUE: CLK_SetPowerDownMode:u32TimeOutCnt <- $r2
	@DEBUG_VALUE: CLK_SetPowerDownMode:u32PDMode <- $r0
	@DEBUG_VALUE: CLK_SetPowerDownMode:u32TimeOutCnt <- $r2
	.loc	2 593 16 is_stmt 1              @ ../../../../Library/StdDriver/src/clk.c:593:16
	ldr	r4, [r1]
	.loc	2 593 5 is_stmt 0               @ ../../../../Library/StdDriver/src/clk.c:593:5
	lsls	r4, r4, #24
	bpl	.LBB21_9
.Ltmp164:
@ %bb.2:                                @   in Loop: Header=BB21_1 Depth=1
	@DEBUG_VALUE: CLK_SetPowerDownMode:u32TimeOutCnt <- $r2
	@DEBUG_VALUE: CLK_SetPowerDownMode:u32PDMode <- $r0
	@DEBUG_VALUE: CLK_SetPowerDownMode:u32TimeOutCnt <- [DW_OP_constu 1, DW_OP_minus, DW_OP_stack_value] $r2
	.loc	2 593 16                        @ ../../../../Library/StdDriver/src/clk.c:593:16
	ldr	r4, [r1]
	.loc	2 593 5                         @ ../../../../Library/StdDriver/src/clk.c:593:5
	lsls	r4, r4, #24
	bpl	.LBB21_8
.Ltmp165:
@ %bb.3:                                @   in Loop: Header=BB21_1 Depth=1
	@DEBUG_VALUE: CLK_SetPowerDownMode:u32TimeOutCnt <- [DW_OP_constu 1, DW_OP_minus, DW_OP_stack_value] $r2
	@DEBUG_VALUE: CLK_SetPowerDownMode:u32PDMode <- $r0
	@DEBUG_VALUE: CLK_SetPowerDownMode:u32TimeOutCnt <- [DW_OP_constu 2, DW_OP_minus, DW_OP_stack_value] $r2
	.loc	2 595 12 is_stmt 1              @ ../../../../Library/StdDriver/src/clk.c:595:12
	cmp	r2, #2
	beq	.LBB21_7
.Ltmp166:
@ %bb.4:                                @   in Loop: Header=BB21_1 Depth=1
	@DEBUG_VALUE: CLK_SetPowerDownMode:u32TimeOutCnt <- [DW_OP_constu 2, DW_OP_minus, DW_OP_stack_value] $r2
	@DEBUG_VALUE: CLK_SetPowerDownMode:u32PDMode <- $r0
	@DEBUG_VALUE: CLK_SetPowerDownMode:u32TimeOutCnt <- [DW_OP_constu 2, DW_OP_minus, DW_OP_stack_value] $r2
	.loc	2 593 16                        @ ../../../../Library/StdDriver/src/clk.c:593:16
	ldr	r4, [r1]
	.loc	2 593 5 is_stmt 0               @ ../../../../Library/StdDriver/src/clk.c:593:5
	lsls	r4, r4, #24
	bpl	.LBB21_8
.Ltmp167:
@ %bb.5:                                @   in Loop: Header=BB21_1 Depth=1
	@DEBUG_VALUE: CLK_SetPowerDownMode:u32TimeOutCnt <- [DW_OP_constu 2, DW_OP_minus, DW_OP_stack_value] $r2
	@DEBUG_VALUE: CLK_SetPowerDownMode:u32PDMode <- $r0
	@DEBUG_VALUE: CLK_SetPowerDownMode:u32TimeOutCnt <- [DW_OP_constu 3, DW_OP_minus, DW_OP_stack_value] $r2
	.loc	2 593 16                        @ ../../../../Library/StdDriver/src/clk.c:593:16
	ldr	r4, [r1]
	.loc	2 593 5                         @ ../../../../Library/StdDriver/src/clk.c:593:5
	lsls	r4, r4, #24
	bpl	.LBB21_8
.Ltmp168:
@ %bb.6:                                @   in Loop: Header=BB21_1 Depth=1
	@DEBUG_VALUE: CLK_SetPowerDownMode:u32TimeOutCnt <- [DW_OP_constu 3, DW_OP_minus, DW_OP_stack_value] $r2
	@DEBUG_VALUE: CLK_SetPowerDownMode:u32PDMode <- $r0
	.loc	2 595 12 is_stmt 1              @ ../../../../Library/StdDriver/src/clk.c:595:12
	subs	r2, r2, #4
.Ltmp169:
	@DEBUG_VALUE: CLK_SetPowerDownMode:u32TimeOutCnt <- $r2
	.loc	2 595 12 is_stmt 0              @ ../../../../Library/StdDriver/src/clk.c:595:12
	bne	.LBB21_1
.Ltmp170:
.LBB21_7:
	@DEBUG_VALUE: CLK_SetPowerDownMode:u32PDMode <- $r0
	@DEBUG_VALUE: CLK_SetPowerDownMode:u32TimeOutCnt <- 0
	.loc	2 600 25 is_stmt 1              @ ../../../../Library/StdDriver/src/clk.c:600:25
	ldr	r2, [r1]
	movs	r3, #7
	.loc	2 600 32 is_stmt 0              @ ../../../../Library/StdDriver/src/clk.c:600:32
	bics	r2, r3
	.loc	2 600 60                        @ ../../../../Library/StdDriver/src/clk.c:600:60
	orrs	r2, r0
	.loc	2 600 17                        @ ../../../../Library/StdDriver/src/clk.c:600:17
	str	r2, [r1]
	b	.LBB21_11
.Ltmp171:
.LBB21_8:
	@DEBUG_VALUE: CLK_SetPowerDownMode:u32PDMode <- $r0
	.loc	2 0 17                          @ ../../../../Library/StdDriver/src/clk.c:0:17
	mov	r2, r3
.Ltmp172:
.LBB21_9:
	@DEBUG_VALUE: CLK_SetPowerDownMode:u32PDMode <- $r0
	@DEBUG_VALUE: CLK_SetPowerDownMode:u32TimeOutCnt <- $r2
	.loc	2 600 25                        @ ../../../../Library/StdDriver/src/clk.c:600:25
	ldr	r3, [r1]
	movs	r4, #7
	.loc	2 600 32                        @ ../../../../Library/StdDriver/src/clk.c:600:32
	bics	r3, r4
	.loc	2 600 60                        @ ../../../../Library/StdDriver/src/clk.c:600:60
	orrs	r3, r0
	.loc	2 600 17                        @ ../../../../Library/StdDriver/src/clk.c:600:17
	str	r3, [r1]
	cbz	r2, .LBB21_11
.Ltmp173:
@ %bb.10:
	@DEBUG_VALUE: CLK_SetPowerDownMode:u32TimeOutCnt <- $r2
	@DEBUG_VALUE: CLK_SetPowerDownMode:u32PDMode <- $r0
	.loc	2 0 17                          @ ../../../../Library/StdDriver/src/clk.c:0:17
	movs	r0, #0
.Ltmp174:
	@DEBUG_VALUE: CLK_SetPowerDownMode:u32PDMode <- [DW_OP_LLVM_entry_value 1] $r0
	.loc	2 606 1 epilogue_begin is_stmt 1 @ ../../../../Library/StdDriver/src/clk.c:606:1
	pop	{r4, pc}
.Ltmp175:
.LBB21_11:
	@DEBUG_VALUE: CLK_SetPowerDownMode:u32PDMode <- $r0
	.loc	2 0 1 is_stmt 0                 @ ../../../../Library/StdDriver/src/clk.c:0:1
	movs	r0, #0
.Ltmp176:
	@DEBUG_VALUE: CLK_SetPowerDownMode:u32PDMode <- [DW_OP_LLVM_entry_value 1] $r0
	mvns	r0, r0
	.loc	2 606 1 epilogue_begin          @ ../../../../Library/StdDriver/src/clk.c:606:1
	pop	{r4, pc}
.Ltmp177:
	.loc	2 0 1                           @ :0:1
.Ltmp178:
	.p2align	2
@ %bb.12:
__arm_cp.21_0:
	.long	SystemCoreClock
.Lcpi_end42:
	.size	__arm_cp.21_0, .Lcpi_end42-__arm_cp.21_0
__arm_cp.21_1:
	.long	1073742480                      @ 0x40000290
.Lcpi_end43:
	.size	__arm_cp.21_1, .Lcpi_end43-__arm_cp.21_1
.Lfunc_end21:
	.size	CLK_SetPowerDownMode, .Lfunc_end21-CLK_SetPowerDownMode
	.cfi_endproc
	.cantunwind
	.fnend
                                        @ -- End function
	.hidden	CLK_EnableDPDWKPin              @ -- Begin function CLK_EnableDPDWKPin
	.globl	CLK_EnableDPDWKPin
	.p2align	2
	.type	CLK_EnableDPDWKPin,%function
	.code	16                              @ @CLK_EnableDPDWKPin
	.thumb_func
CLK_EnableDPDWKPin:
.Lfunc_begin22:
	.loc	2 626 0 is_stmt 1               @ ../../../../Library/StdDriver/src/clk.c:626:0
	.fnstart
	.cfi_startproc
@ %bb.0:
	@DEBUG_VALUE: CLK_EnableDPDWKPin:u32TriggerType <- $r0
	.save	{r4, r5, r6, r7, lr}
	push	{r4, r5, r6, r7, lr}
	.cfi_def_cfa_offset 20
	.cfi_offset lr, -4
	.cfi_offset r7, -8
	.cfi_offset r6, -12
	.cfi_offset r5, -16
	.cfi_offset r4, -20
	.pad	#16
	sub	sp, #16
	.cfi_def_cfa_offset 36
	mov	r7, r0
.Ltmp179:
	@DEBUG_VALUE: CLK_EnableDPDWKPin:u32TriggerType <- $r7
	movs	r0, #3
	lsls	r1, r0, #28
.Ltmp180:
	.loc	2 632 33 prologue_end           @ ../../../../Library/StdDriver/src/clk.c:632:33
	mov	r5, r7
	str	r1, [sp]                        @ 4-byte Spill
	ands	r5, r1
.Ltmp181:
	@DEBUG_VALUE: CLK_EnableDPDWKPin:u32Pin3 <- $r5
	.loc	2 0 33 is_stmt 0                @ ../../../../Library/StdDriver/src/clk.c:0:33
	lsls	r1, r0, #26
	.loc	2 631 33 is_stmt 1              @ ../../../../Library/StdDriver/src/clk.c:631:33
	mov	r3, r7
	str	r1, [sp, #4]                    @ 4-byte Spill
	ands	r3, r1
.Ltmp182:
	@DEBUG_VALUE: CLK_EnableDPDWKPin:u32Pin2 <- $r3
	.loc	2 0 33 is_stmt 0                @ ../../../../Library/StdDriver/src/clk.c:0:33
	lsls	r4, r0, #24
	.loc	2 630 33 is_stmt 1              @ ../../../../Library/StdDriver/src/clk.c:630:33
	mov	r0, r7
	ands	r0, r4
.Ltmp183:
	@DEBUG_VALUE: CLK_EnableDPDWKPin:u32Pin1 <- $r0
	.loc	2 627 30                        @ ../../../../Library/StdDriver/src/clk.c:627:30
	ldr	r1, __arm_cp.22_0
	ldr	r1, [r1]
	.loc	2 627 46 is_stmt 0              @ ../../../../Library/StdDriver/src/clk.c:627:46
	lsls	r2, r1, #1
.Ltmp184:
	@DEBUG_VALUE: CLK_EnableDPDWKPin:u32TimeOutCnt <- $r2
	.loc	2 0 46                          @ ../../../../Library/StdDriver/src/clk.c:0:46
	ldr	r1, __arm_cp.22_1
	movs	r6, #1
	str	r6, [sp, #12]                   @ 4-byte Spill
	movs	r6, #0
	str	r6, [sp, #8]                    @ 4-byte Spill
.Ltmp185:
.LBB22_1:                               @ =>This Inner Loop Header: Depth=1
	@DEBUG_VALUE: CLK_EnableDPDWKPin:u32TimeOutCnt <- $r2
	@DEBUG_VALUE: CLK_EnableDPDWKPin:u32Pin1 <- $r0
	@DEBUG_VALUE: CLK_EnableDPDWKPin:u32Pin2 <- $r3
	@DEBUG_VALUE: CLK_EnableDPDWKPin:u32Pin3 <- $r5
	@DEBUG_VALUE: CLK_EnableDPDWKPin:u32TriggerType <- $r7
	@DEBUG_VALUE: CLK_EnableDPDWKPin:u32TimeOutCnt <- $r2
	.loc	2 634 16 is_stmt 1              @ ../../../../Library/StdDriver/src/clk.c:634:16
	ldr	r6, [r1]
	.loc	2 634 5 is_stmt 0               @ ../../../../Library/StdDriver/src/clk.c:634:5
	lsls	r6, r6, #24
	bpl	.LBB22_12
.Ltmp186:
@ %bb.2:                                @   in Loop: Header=BB22_1 Depth=1
	@DEBUG_VALUE: CLK_EnableDPDWKPin:u32TimeOutCnt <- $r2
	@DEBUG_VALUE: CLK_EnableDPDWKPin:u32Pin1 <- $r0
	@DEBUG_VALUE: CLK_EnableDPDWKPin:u32Pin2 <- $r3
	@DEBUG_VALUE: CLK_EnableDPDWKPin:u32Pin3 <- $r5
	@DEBUG_VALUE: CLK_EnableDPDWKPin:u32TriggerType <- $r7
	@DEBUG_VALUE: CLK_EnableDPDWKPin:u32TimeOutCnt <- [DW_OP_constu 1, DW_OP_minus, DW_OP_stack_value] $r2
	.loc	2 634 16                        @ ../../../../Library/StdDriver/src/clk.c:634:16
	ldr	r6, [r1]
	.loc	2 634 5                         @ ../../../../Library/StdDriver/src/clk.c:634:5
	lsls	r6, r6, #24
	bpl	.LBB22_8
.Ltmp187:
@ %bb.3:                                @   in Loop: Header=BB22_1 Depth=1
	@DEBUG_VALUE: CLK_EnableDPDWKPin:u32TimeOutCnt <- [DW_OP_constu 1, DW_OP_minus, DW_OP_stack_value] $r2
	@DEBUG_VALUE: CLK_EnableDPDWKPin:u32Pin1 <- $r0
	@DEBUG_VALUE: CLK_EnableDPDWKPin:u32Pin2 <- $r3
	@DEBUG_VALUE: CLK_EnableDPDWKPin:u32Pin3 <- $r5
	@DEBUG_VALUE: CLK_EnableDPDWKPin:u32TriggerType <- $r7
	@DEBUG_VALUE: CLK_EnableDPDWKPin:u32TimeOutCnt <- [DW_OP_constu 2, DW_OP_minus, DW_OP_stack_value] $r2
	.loc	2 636 12 is_stmt 1              @ ../../../../Library/StdDriver/src/clk.c:636:12
	cmp	r2, #2
	beq	.LBB22_7
.Ltmp188:
@ %bb.4:                                @   in Loop: Header=BB22_1 Depth=1
	@DEBUG_VALUE: CLK_EnableDPDWKPin:u32TimeOutCnt <- [DW_OP_constu 2, DW_OP_minus, DW_OP_stack_value] $r2
	@DEBUG_VALUE: CLK_EnableDPDWKPin:u32Pin1 <- $r0
	@DEBUG_VALUE: CLK_EnableDPDWKPin:u32Pin2 <- $r3
	@DEBUG_VALUE: CLK_EnableDPDWKPin:u32Pin3 <- $r5
	@DEBUG_VALUE: CLK_EnableDPDWKPin:u32TriggerType <- $r7
	@DEBUG_VALUE: CLK_EnableDPDWKPin:u32TimeOutCnt <- [DW_OP_constu 2, DW_OP_minus, DW_OP_stack_value] $r2
	.loc	2 634 16                        @ ../../../../Library/StdDriver/src/clk.c:634:16
	ldr	r6, [r1]
	.loc	2 634 5 is_stmt 0               @ ../../../../Library/StdDriver/src/clk.c:634:5
	lsls	r6, r6, #24
	bpl	.LBB22_11
.Ltmp189:
@ %bb.5:                                @   in Loop: Header=BB22_1 Depth=1
	@DEBUG_VALUE: CLK_EnableDPDWKPin:u32TimeOutCnt <- [DW_OP_constu 2, DW_OP_minus, DW_OP_stack_value] $r2
	@DEBUG_VALUE: CLK_EnableDPDWKPin:u32Pin1 <- $r0
	@DEBUG_VALUE: CLK_EnableDPDWKPin:u32Pin2 <- $r3
	@DEBUG_VALUE: CLK_EnableDPDWKPin:u32Pin3 <- $r5
	@DEBUG_VALUE: CLK_EnableDPDWKPin:u32TriggerType <- $r7
	@DEBUG_VALUE: CLK_EnableDPDWKPin:u32TimeOutCnt <- [DW_OP_constu 3, DW_OP_minus, DW_OP_stack_value] $r2
	.loc	2 634 16                        @ ../../../../Library/StdDriver/src/clk.c:634:16
	ldr	r6, [r1]
	.loc	2 634 5                         @ ../../../../Library/StdDriver/src/clk.c:634:5
	lsls	r6, r6, #24
	bpl	.LBB22_8
.Ltmp190:
@ %bb.6:                                @   in Loop: Header=BB22_1 Depth=1
	@DEBUG_VALUE: CLK_EnableDPDWKPin:u32TimeOutCnt <- [DW_OP_constu 3, DW_OP_minus, DW_OP_stack_value] $r2
	@DEBUG_VALUE: CLK_EnableDPDWKPin:u32Pin1 <- $r0
	@DEBUG_VALUE: CLK_EnableDPDWKPin:u32Pin2 <- $r3
	@DEBUG_VALUE: CLK_EnableDPDWKPin:u32Pin3 <- $r5
	@DEBUG_VALUE: CLK_EnableDPDWKPin:u32TriggerType <- $r7
	.loc	2 636 12 is_stmt 1              @ ../../../../Library/StdDriver/src/clk.c:636:12
	subs	r2, r2, #4
.Ltmp191:
	@DEBUG_VALUE: CLK_EnableDPDWKPin:u32TimeOutCnt <- $r2
	.loc	2 636 12 is_stmt 0              @ ../../../../Library/StdDriver/src/clk.c:636:12
	bne	.LBB22_1
.Ltmp192:
.LBB22_7:
	@DEBUG_VALUE: CLK_EnableDPDWKPin:u32Pin1 <- $r0
	@DEBUG_VALUE: CLK_EnableDPDWKPin:u32Pin2 <- $r3
	@DEBUG_VALUE: CLK_EnableDPDWKPin:u32Pin3 <- $r5
	@DEBUG_VALUE: CLK_EnableDPDWKPin:u32TriggerType <- $r7
	.loc	2 0 12                          @ ../../../../Library/StdDriver/src/clk.c:0:12
	ldr	r2, [sp, #8]                    @ 4-byte Reload
.Ltmp193:
	@DEBUG_VALUE: CLK_EnableDPDWKPin:u32TimeOutCnt <- $r2
	.loc	2 642 8 is_stmt 1               @ ../../../../Library/StdDriver/src/clk.c:642:8
	cbnz	r0, .LBB22_13
	b	.LBB22_9
.Ltmp194:
.LBB22_8:
	@DEBUG_VALUE: CLK_EnableDPDWKPin:u32Pin1 <- $r0
	@DEBUG_VALUE: CLK_EnableDPDWKPin:u32Pin2 <- $r3
	@DEBUG_VALUE: CLK_EnableDPDWKPin:u32Pin3 <- $r5
	@DEBUG_VALUE: CLK_EnableDPDWKPin:u32TriggerType <- $r7
	.loc	2 0 8 is_stmt 0                 @ ../../../../Library/StdDriver/src/clk.c:0:8
	ldr	r2, [sp, #12]                   @ 4-byte Reload
.Ltmp195:
	@DEBUG_VALUE: CLK_EnableDPDWKPin:u32TimeOutCnt <- $r2
	.loc	2 642 8                         @ ../../../../Library/StdDriver/src/clk.c:642:8
	cbnz	r0, .LBB22_13
.Ltmp196:
.LBB22_9:
	@DEBUG_VALUE: CLK_EnableDPDWKPin:u32TimeOutCnt <- $r2
	@DEBUG_VALUE: CLK_EnableDPDWKPin:u32Pin1 <- $r0
	@DEBUG_VALUE: CLK_EnableDPDWKPin:u32Pin2 <- $r3
	@DEBUG_VALUE: CLK_EnableDPDWKPin:u32Pin3 <- $r5
	@DEBUG_VALUE: CLK_EnableDPDWKPin:u32TriggerType <- $r7
	.loc	2 646 13 is_stmt 1              @ ../../../../Library/StdDriver/src/clk.c:646:13
	cbz	r3, .LBB22_15
.Ltmp197:
@ %bb.10:
	@DEBUG_VALUE: CLK_EnableDPDWKPin:u32TimeOutCnt <- $r2
	@DEBUG_VALUE: CLK_EnableDPDWKPin:u32Pin1 <- $r0
	@DEBUG_VALUE: CLK_EnableDPDWKPin:u32Pin2 <- $r3
	@DEBUG_VALUE: CLK_EnableDPDWKPin:u32Pin3 <- $r5
	@DEBUG_VALUE: CLK_EnableDPDWKPin:u32TriggerType <- $r7
	.loc	2 648 29                        @ ../../../../Library/StdDriver/src/clk.c:648:29
	ldr	r0, [r1]
.Ltmp198:
	.loc	2 648 36 is_stmt 0              @ ../../../../Library/StdDriver/src/clk.c:648:36
	ldr	r3, [sp, #4]                    @ 4-byte Reload
.Ltmp199:
	b	.LBB22_17
.Ltmp200:
.LBB22_11:
	@DEBUG_VALUE: CLK_EnableDPDWKPin:u32TimeOutCnt <- [DW_OP_constu 2, DW_OP_minus, DW_OP_stack_value] $r2
	@DEBUG_VALUE: CLK_EnableDPDWKPin:u32Pin1 <- $r0
	@DEBUG_VALUE: CLK_EnableDPDWKPin:u32Pin2 <- $r3
	@DEBUG_VALUE: CLK_EnableDPDWKPin:u32Pin3 <- $r5
	@DEBUG_VALUE: CLK_EnableDPDWKPin:u32TriggerType <- $r7
	.loc	2 0 36                          @ ../../../../Library/StdDriver/src/clk.c:0:36
	ldr	r2, [sp, #12]                   @ 4-byte Reload
.Ltmp201:
.LBB22_12:
	@DEBUG_VALUE: CLK_EnableDPDWKPin:u32Pin1 <- $r0
	@DEBUG_VALUE: CLK_EnableDPDWKPin:u32Pin2 <- $r3
	@DEBUG_VALUE: CLK_EnableDPDWKPin:u32Pin3 <- $r5
	@DEBUG_VALUE: CLK_EnableDPDWKPin:u32TriggerType <- $r7
	@DEBUG_VALUE: CLK_EnableDPDWKPin:u32TimeOutCnt <- $r2
	.loc	2 642 8 is_stmt 1               @ ../../../../Library/StdDriver/src/clk.c:642:8
	cmp	r0, #0
	beq	.LBB22_9
.Ltmp202:
.LBB22_13:
	@DEBUG_VALUE: CLK_EnableDPDWKPin:u32TimeOutCnt <- $r2
	@DEBUG_VALUE: CLK_EnableDPDWKPin:u32Pin1 <- $r0
	@DEBUG_VALUE: CLK_EnableDPDWKPin:u32Pin2 <- $r3
	@DEBUG_VALUE: CLK_EnableDPDWKPin:u32Pin3 <- $r5
	@DEBUG_VALUE: CLK_EnableDPDWKPin:u32TriggerType <- $r7
	.loc	2 644 29                        @ ../../../../Library/StdDriver/src/clk.c:644:29
	ldr	r0, [r1]
.Ltmp203:
.LBB22_14:
	@DEBUG_VALUE: CLK_EnableDPDWKPin:u32TimeOutCnt <- $r2
	@DEBUG_VALUE: CLK_EnableDPDWKPin:u32Pin2 <- $r3
	@DEBUG_VALUE: CLK_EnableDPDWKPin:u32Pin3 <- $r5
	@DEBUG_VALUE: CLK_EnableDPDWKPin:u32TriggerType <- $r7
	.loc	2 0 0 is_stmt 0                 @ ../../../../Library/StdDriver/src/clk.c:0:0
	bics	r0, r4
	b	.LBB22_18
.Ltmp204:
.LBB22_15:
	@DEBUG_VALUE: CLK_EnableDPDWKPin:u32TimeOutCnt <- $r2
	@DEBUG_VALUE: CLK_EnableDPDWKPin:u32Pin1 <- $r0
	@DEBUG_VALUE: CLK_EnableDPDWKPin:u32Pin2 <- $r3
	@DEBUG_VALUE: CLK_EnableDPDWKPin:u32Pin3 <- $r5
	@DEBUG_VALUE: CLK_EnableDPDWKPin:u32TriggerType <- $r7
	ldr	r0, [r1]
.Ltmp205:
	.loc	2 650 13 is_stmt 1              @ ../../../../Library/StdDriver/src/clk.c:650:13
	cmp	r5, #0
	beq	.LBB22_14
.Ltmp206:
@ %bb.16:
	@DEBUG_VALUE: CLK_EnableDPDWKPin:u32TimeOutCnt <- $r2
	@DEBUG_VALUE: CLK_EnableDPDWKPin:u32Pin2 <- $r3
	@DEBUG_VALUE: CLK_EnableDPDWKPin:u32Pin3 <- $r5
	@DEBUG_VALUE: CLK_EnableDPDWKPin:u32TriggerType <- $r7
	.loc	2 652 36                        @ ../../../../Library/StdDriver/src/clk.c:652:36
	ldr	r3, [sp]                        @ 4-byte Reload
.Ltmp207:
.LBB22_17:
	@DEBUG_VALUE: CLK_EnableDPDWKPin:u32TimeOutCnt <- $r2
	@DEBUG_VALUE: CLK_EnableDPDWKPin:u32Pin3 <- $r5
	@DEBUG_VALUE: CLK_EnableDPDWKPin:u32TriggerType <- $r7
	.loc	2 0 0 is_stmt 0                 @ ../../../../Library/StdDriver/src/clk.c:0:0
	bics	r0, r3
.Ltmp208:
.LBB22_18:
	@DEBUG_VALUE: CLK_EnableDPDWKPin:u32TimeOutCnt <- $r2
	@DEBUG_VALUE: CLK_EnableDPDWKPin:u32Pin3 <- $r5
	@DEBUG_VALUE: CLK_EnableDPDWKPin:u32TriggerType <- $r7
	orrs	r0, r7
	str	r0, [r1]
	movs	r0, #0
.Ltmp209:
	cbnz	r2, .LBB22_20
.Ltmp210:
@ %bb.19:
	@DEBUG_VALUE: CLK_EnableDPDWKPin:u32TimeOutCnt <- $r2
	@DEBUG_VALUE: CLK_EnableDPDWKPin:u32Pin3 <- $r5
	@DEBUG_VALUE: CLK_EnableDPDWKPin:u32TriggerType <- $r7
	mvns	r0, r0
.Ltmp211:
.LBB22_20:
	@DEBUG_VALUE: CLK_EnableDPDWKPin:u32TimeOutCnt <- $r2
	@DEBUG_VALUE: CLK_EnableDPDWKPin:u32Pin3 <- $r5
	@DEBUG_VALUE: CLK_EnableDPDWKPin:u32TriggerType <- $r7
	.loc	2 663 1 epilogue_begin is_stmt 1 @ ../../../../Library/StdDriver/src/clk.c:663:1
	add	sp, #16
	pop	{r4, r5, r6, r7, pc}
.Ltmp212:
	.loc	2 0 1 is_stmt 0                 @ :0:1
.Ltmp213:
	.p2align	2
@ %bb.21:
__arm_cp.22_0:
	.long	SystemCoreClock
.Lcpi_end44:
	.size	__arm_cp.22_0, .Lcpi_end44-__arm_cp.22_0
__arm_cp.22_1:
	.long	1073742480                      @ 0x40000290
.Lcpi_end45:
	.size	__arm_cp.22_1, .Lcpi_end45-__arm_cp.22_1
.Lfunc_end22:
	.size	CLK_EnableDPDWKPin, .Lfunc_end22-CLK_EnableDPDWKPin
	.cfi_endproc
	.cantunwind
	.fnend
                                        @ -- End function
	.hidden	CLK_GetPMUWKSrc                 @ -- Begin function CLK_GetPMUWKSrc
	.globl	CLK_GetPMUWKSrc
	.p2align	2
	.type	CLK_GetPMUWKSrc,%function
	.code	16                              @ @CLK_GetPMUWKSrc
	.thumb_func
CLK_GetPMUWKSrc:
.Lfunc_begin23:
	.loc	2 672 0 is_stmt 1               @ ../../../../Library/StdDriver/src/clk.c:672:0
	.fnstart
	.cfi_startproc
@ %bb.0:
	ldr	r0, __arm_cp.23_0
.Ltmp214:
	.loc	2 673 18 prologue_end           @ ../../../../Library/StdDriver/src/clk.c:673:18
	ldr	r0, [r0]
	.loc	2 673 5 is_stmt 0               @ ../../../../Library/StdDriver/src/clk.c:673:5
	bx	lr
.Ltmp215:
	.loc	2 0 5                           @ :0:5
.Ltmp216:
	.p2align	2
@ %bb.1:
__arm_cp.23_0:
	.long	1073742484                      @ 0x40000294
.Lcpi_end46:
	.size	__arm_cp.23_0, .Lcpi_end46-__arm_cp.23_0
.Lfunc_end23:
	.size	CLK_GetPMUWKSrc, .Lfunc_end23-CLK_GetPMUWKSrc
	.cfi_endproc
	.cantunwind
	.fnend
                                        @ -- End function
	.hidden	CLK_EnableSPDWKPin              @ -- Begin function CLK_EnableSPDWKPin
	.globl	CLK_EnableSPDWKPin
	.p2align	2
	.type	CLK_EnableSPDWKPin,%function
	.code	16                              @ @CLK_EnableSPDWKPin
	.thumb_func
CLK_EnableSPDWKPin:
.Lfunc_begin24:
	.loc	2 690 0 is_stmt 1               @ ../../../../Library/StdDriver/src/clk.c:690:0
	.fnstart
	.cfi_startproc
@ %bb.0:
	@DEBUG_VALUE: CLK_EnableSPDWKPin:u32Port <- $r0
	@DEBUG_VALUE: CLK_EnableSPDWKPin:u32Pin <- $r1
	@DEBUG_VALUE: CLK_EnableSPDWKPin:u32TriggerType <- $r2
	@DEBUG_VALUE: CLK_EnableSPDWKPin:u32DebounceEn <- $r3
	.save	{r4, r5, r6, lr}
	push	{r4, r5, r6, lr}
	.cfi_def_cfa_offset 16
	.cfi_offset lr, -4
	.cfi_offset r6, -8
	.cfi_offset r5, -12
	.cfi_offset r4, -16
.Ltmp217:
	@DEBUG_VALUE: CLK_EnableSPDWKPin:u32TmpVal <- 0
	.loc	2 696 26 prologue_end           @ ../../../../Library/StdDriver/src/clk.c:696:26
	lsls	r0, r0, #2
.Ltmp218:
	@DEBUG_VALUE: CLK_EnableSPDWKPin:u32Port <- [DW_OP_LLVM_entry_value 1] $r0
	.loc	2 0 26 is_stmt 0                @ ../../../../Library/StdDriver/src/clk.c:0:26
	ldr	r4, __arm_cp.24_0
.Ltmp219:
	@DEBUG_VALUE: CLK_EnableSPDWKPin:u32TmpAddr <- [DW_OP_plus_uconst 1073742500, DW_OP_stack_value] $r0
	.loc	2 698 17 is_stmt 1              @ ../../../../Library/StdDriver/src/clk.c:698:17
	ldr	r5, [r0, r4]
.Ltmp220:
	@DEBUG_VALUE: CLK_EnableSPDWKPin:u32TmpVal <- $r5
	.loc	2 0 17 is_stmt 0                @ ../../../../Library/StdDriver/src/clk.c:0:17
	movw	r6, #503
	.loc	2 699 28 is_stmt 1              @ ../../../../Library/StdDriver/src/clk.c:699:28
	bics	r5, r6
.Ltmp221:
	.loc	2 700 25                        @ ../../../../Library/StdDriver/src/clk.c:700:25
	lsls	r1, r1, #4
.Ltmp222:
	@DEBUG_VALUE: CLK_EnableSPDWKPin:u32Pin <- [DW_OP_LLVM_entry_value 1] $r1
	.loc	2 700 53 is_stmt 0              @ ../../../../Library/StdDriver/src/clk.c:700:53
	orrs	r1, r2
	.loc	2 700 70                        @ ../../../../Library/StdDriver/src/clk.c:700:70
	orrs	r1, r3
	.loc	2 700 86                        @ ../../../../Library/StdDriver/src/clk.c:700:86
	orrs	r1, r5
	movs	r2, #1
.Ltmp223:
	@DEBUG_VALUE: CLK_EnableSPDWKPin:u32TriggerType <- [DW_OP_LLVM_entry_value 1] $r2
	orrs	r2, r1
.Ltmp224:
	@DEBUG_VALUE: CLK_EnableSPDWKPin:u32TmpVal <- $r2
	.loc	2 701 5 is_stmt 1               @ ../../../../Library/StdDriver/src/clk.c:701:5
	str	r2, [r0, r4]
	.loc	2 702 1 epilogue_begin          @ ../../../../Library/StdDriver/src/clk.c:702:1
	pop	{r4, r5, r6, pc}
.Ltmp225:
	.loc	2 0 1 is_stmt 0                 @ :0:1
.Ltmp226:
	.p2align	2
@ %bb.1:
__arm_cp.24_0:
	.long	1073742500                      @ 0x400002a4
.Lcpi_end47:
	.size	__arm_cp.24_0, .Lcpi_end47-__arm_cp.24_0
.Lfunc_end24:
	.size	CLK_EnableSPDWKPin, .Lfunc_end24-CLK_EnableSPDWKPin
	.cfi_endproc
	.cantunwind
	.fnend
                                        @ -- End function
	.hidden	CLK_GetModuleClockSource        @ -- Begin function CLK_GetModuleClockSource
	.globl	CLK_GetModuleClockSource
	.p2align	2
	.type	CLK_GetModuleClockSource,%function
	.code	16                              @ @CLK_GetModuleClockSource
	.thumb_func
CLK_GetModuleClockSource:
.Lfunc_begin25:
	.fnstart
	.cfi_startproc
@ %bb.0:
	@DEBUG_VALUE: CLK_GetModuleClockSource:u32ModuleIdx <- $r0
	@DEBUG_VALUE: CLK_GetModuleClockSource:u32TmpVal <- 0
	@DEBUG_VALUE: CLK_GetModuleClockSource:u32TmpAddr <- 0
	.loc	2 731 8 prologue_end is_stmt 1  @ ../../../../Library/StdDriver/src/clk.c:731:8
	lsls	r1, r0, #4
	lsrs	r1, r1, #29
.Ltmp227:
	.loc	2 731 8 is_stmt 0               @ ../../../../Library/StdDriver/src/clk.c:731:8
	beq	.LBB25_2
.Ltmp228:
@ %bb.1:
	@DEBUG_VALUE: CLK_GetModuleClockSource:u32TmpAddr <- 0
	@DEBUG_VALUE: CLK_GetModuleClockSource:u32TmpVal <- 0
	@DEBUG_VALUE: CLK_GetModuleClockSource:u32ModuleIdx <- $r0
	.loc	2 737 90 is_stmt 1              @ ../../../../Library/StdDriver/src/clk.c:737:90
	lsls	r2, r0, #7
	lsrs	r2, r2, #27
	.loc	2 737 87 is_stmt 0              @ ../../../../Library/StdDriver/src/clk.c:737:87
	lsls	r1, r2
	.loc	2 734 49 is_stmt 1              @ ../../../../Library/StdDriver/src/clk.c:734:49
	lsrs	r0, r0, #26
.Ltmp229:
	@DEBUG_VALUE: CLK_GetModuleClockSource:u32ModuleIdx <- [DW_OP_LLVM_entry_value 1] $r0
	.loc	2 0 49 is_stmt 0                @ ../../../../Library/StdDriver/src/clk.c:0:49
	movs	r3, #12
	.loc	2 734 49                        @ ../../../../Library/StdDriver/src/clk.c:734:49
	ands	r3, r0
	ldr	r0, __arm_cp.25_0
	ldr	r0, [r0, r3]
	ldr	r3, __arm_cp.25_1
.Ltmp230:
	@DEBUG_VALUE: CLK_GetModuleClockSource:u32TmpAddr <- [DW_OP_plus_uconst 1073742352, DW_OP_stack_value] $r0
	.loc	2 737 23 is_stmt 1              @ ../../../../Library/StdDriver/src/clk.c:737:23
	ldr	r0, [r0, r3]
.Ltmp231:
	.loc	2 737 52 is_stmt 0              @ ../../../../Library/StdDriver/src/clk.c:737:52
	ands	r0, r1
	.loc	2 737 124                       @ ../../../../Library/StdDriver/src/clk.c:737:124
	lsrs	r0, r2
.Ltmp232:
	@DEBUG_VALUE: CLK_GetModuleClockSource:u32TmpVal <- $r0
	@DEBUG_VALUE: CLK_GetModuleClockSource:u32TmpVal <- $r0
	.loc	2 740 5 is_stmt 1               @ ../../../../Library/StdDriver/src/clk.c:740:5
	bx	lr
.Ltmp233:
.LBB25_2:
	@DEBUG_VALUE: CLK_GetModuleClockSource:u32TmpAddr <- 0
	@DEBUG_VALUE: CLK_GetModuleClockSource:u32TmpVal <- 0
	@DEBUG_VALUE: CLK_GetModuleClockSource:u32ModuleIdx <- $r0
	.loc	2 0 5 is_stmt 0                 @ ../../../../Library/StdDriver/src/clk.c:0:5
	movs	r0, #0
.Ltmp234:
	@DEBUG_VALUE: CLK_GetModuleClockSource:u32ModuleIdx <- [DW_OP_LLVM_entry_value 1] $r0
	@DEBUG_VALUE: CLK_GetModuleClockSource:u32TmpVal <- $r0
	.loc	2 740 5                         @ ../../../../Library/StdDriver/src/clk.c:740:5
	bx	lr
.Ltmp235:
	.loc	2 0 5                           @ :0:5
.Ltmp236:
	.p2align	2
@ %bb.3:
__arm_cp.25_0:
	.long	.L__const.CLK_GetModuleClockSource.au32SelTbl
.Lcpi_end48:
	.size	__arm_cp.25_0, .Lcpi_end48-__arm_cp.25_0
__arm_cp.25_1:
	.long	1073742352                      @ 0x40000210
.Lcpi_end49:
	.size	__arm_cp.25_1, .Lcpi_end49-__arm_cp.25_1
.Lfunc_end25:
	.size	CLK_GetModuleClockSource, .Lfunc_end25-CLK_GetModuleClockSource
	.cfi_endproc
	.cantunwind
	.fnend
                                        @ -- End function
	.hidden	CLK_GetModuleClockDivider       @ -- Begin function CLK_GetModuleClockDivider
	.globl	CLK_GetModuleClockDivider
	.p2align	2
	.type	CLK_GetModuleClockDivider,%function
	.code	16                              @ @CLK_GetModuleClockDivider
	.thumb_func
CLK_GetModuleClockDivider:
.Lfunc_begin26:
	.fnstart
	.cfi_startproc
@ %bb.0:
	@DEBUG_VALUE: CLK_GetModuleClockDivider:u32ModuleIdx <- $r0
	@DEBUG_VALUE: CLK_GetModuleClockDivider:u32TmpVal <- 0
	@DEBUG_VALUE: CLK_GetModuleClockDivider:u32TmpAddr <- 0
	.loc	2 759 8 prologue_end is_stmt 1  @ ../../../../Library/StdDriver/src/clk.c:759:8
	lsrs	r1, r0, #10
	uxtb	r1, r1
.Ltmp237:
	.loc	2 759 8 is_stmt 0               @ ../../../../Library/StdDriver/src/clk.c:759:8
	cbz	r1, .LBB26_2
.Ltmp238:
@ %bb.1:
	@DEBUG_VALUE: CLK_GetModuleClockDivider:u32TmpAddr <- 0
	@DEBUG_VALUE: CLK_GetModuleClockDivider:u32TmpVal <- 0
	@DEBUG_VALUE: CLK_GetModuleClockDivider:u32ModuleIdx <- $r0
	.loc	2 764 90 is_stmt 1              @ ../../../../Library/StdDriver/src/clk.c:764:90
	lsls	r2, r0, #22
	lsrs	r2, r2, #27
	.loc	2 764 87 is_stmt 0              @ ../../../../Library/StdDriver/src/clk.c:764:87
	lsls	r1, r2
	.loc	2 762 49 is_stmt 1              @ ../../../../Library/StdDriver/src/clk.c:762:49
	lsrs	r0, r0, #16
.Ltmp239:
	@DEBUG_VALUE: CLK_GetModuleClockDivider:u32ModuleIdx <- [DW_OP_LLVM_entry_value 1] $r0
	.loc	2 0 49 is_stmt 0                @ ../../../../Library/StdDriver/src/clk.c:0:49
	movs	r3, #12
	.loc	2 762 49                        @ ../../../../Library/StdDriver/src/clk.c:762:49
	ands	r3, r0
	ldr	r0, __arm_cp.26_0
	ldr	r0, [r0, r3]
	ldr	r3, __arm_cp.26_1
.Ltmp240:
	@DEBUG_VALUE: CLK_GetModuleClockDivider:u32TmpAddr <- [DW_OP_plus_uconst 1073742368, DW_OP_stack_value] $r0
	.loc	2 764 23 is_stmt 1              @ ../../../../Library/StdDriver/src/clk.c:764:23
	ldr	r0, [r0, r3]
.Ltmp241:
	.loc	2 764 52 is_stmt 0              @ ../../../../Library/StdDriver/src/clk.c:764:52
	ands	r0, r1
	.loc	2 764 124                       @ ../../../../Library/StdDriver/src/clk.c:764:124
	lsrs	r0, r2
.Ltmp242:
	@DEBUG_VALUE: CLK_GetModuleClockDivider:u32TmpVal <- $r0
	@DEBUG_VALUE: CLK_GetModuleClockDivider:u32TmpVal <- $r0
	.loc	2 767 5 is_stmt 1               @ ../../../../Library/StdDriver/src/clk.c:767:5
	bx	lr
.Ltmp243:
.LBB26_2:
	@DEBUG_VALUE: CLK_GetModuleClockDivider:u32TmpAddr <- 0
	@DEBUG_VALUE: CLK_GetModuleClockDivider:u32TmpVal <- 0
	@DEBUG_VALUE: CLK_GetModuleClockDivider:u32ModuleIdx <- $r0
	.loc	2 0 5 is_stmt 0                 @ ../../../../Library/StdDriver/src/clk.c:0:5
	movs	r0, #0
.Ltmp244:
	@DEBUG_VALUE: CLK_GetModuleClockDivider:u32ModuleIdx <- [DW_OP_LLVM_entry_value 1] $r0
	@DEBUG_VALUE: CLK_GetModuleClockDivider:u32TmpVal <- $r0
	.loc	2 767 5                         @ ../../../../Library/StdDriver/src/clk.c:767:5
	bx	lr
.Ltmp245:
	.loc	2 0 5                           @ :0:5
.Ltmp246:
	.p2align	2
@ %bb.3:
__arm_cp.26_0:
	.long	.L__const.CLK_GetModuleClockDivider.au32DivTbl
.Lcpi_end50:
	.size	__arm_cp.26_0, .Lcpi_end50-__arm_cp.26_0
__arm_cp.26_1:
	.long	1073742368                      @ 0x40000220
.Lcpi_end51:
	.size	__arm_cp.26_1, .Lcpi_end51-__arm_cp.26_1
.Lfunc_end26:
	.size	CLK_GetModuleClockDivider, .Lfunc_end26-CLK_GetModuleClockDivider
	.cfi_endproc
	.cantunwind
	.fnend
                                        @ -- End function
	.hidden	g_CLK_i32ErrCode                @ @g_CLK_i32ErrCode
	.type	g_CLK_i32ErrCode,%object
	.section	.bss.g_CLK_i32ErrCode,"aw",%nobits
	.globl	g_CLK_i32ErrCode
	.p2align	2, 0x0
g_CLK_i32ErrCode:
	.long	0                               @ 0x0
	.size	g_CLK_i32ErrCode, 4

	.type	.L__const.CLK_GetModuleClockSource.au32SelTbl,%object @ @__const.CLK_GetModuleClockSource.au32SelTbl
	.section	.rodata.cst16,"aM",%progbits,16
	.p2align	2, 0x0
.L__const.CLK_GetModuleClockSource.au32SelTbl:
	.long	0                               @ 0x0
	.long	4                               @ 0x4
	.long	8                               @ 0x8
	.long	12                              @ 0xc
	.size	.L__const.CLK_GetModuleClockSource.au32SelTbl, 16

	.type	.L__const.CLK_GetModuleClockDivider.au32DivTbl,%object @ @__const.CLK_GetModuleClockDivider.au32DivTbl
	.p2align	2, 0x0
.L__const.CLK_GetModuleClockDivider.au32DivTbl:
	.long	0                               @ 0x0
	.long	4                               @ 0x4
	.long	8                               @ 0x8
	.long	16                              @ 0x10
	.size	.L__const.CLK_GetModuleClockDivider.au32DivTbl, 16

	.section	.debug_loc,"",%progbits
.Ldebug_loc0:
	.long	.Lfunc_begin1-.Lfunc_begin0
	.long	.Ltmp4-.Lfunc_begin0
	.short	1                               @ Loc expr size
	.byte	81                              @ DW_OP_reg1
	.long	.Ltmp4-.Lfunc_begin0
	.long	.Ltmp5-.Lfunc_begin0
	.short	4                               @ Loc expr size
	.byte	243                             @ DW_OP_GNU_entry_value
	.byte	1                               @ 1
	.byte	81                              @ DW_OP_reg1
	.byte	159                             @ DW_OP_stack_value
	.long	0
	.long	0
.Ldebug_loc1:
	.long	.Lfunc_begin1-.Lfunc_begin0
	.long	.Ltmp3-.Lfunc_begin0
	.short	1                               @ Loc expr size
	.byte	82                              @ DW_OP_reg2
	.long	.Ltmp3-.Lfunc_begin0
	.long	.Ltmp5-.Lfunc_begin0
	.short	4                               @ Loc expr size
	.byte	243                             @ DW_OP_GNU_entry_value
	.byte	1                               @ 1
	.byte	82                              @ DW_OP_reg2
	.byte	159                             @ DW_OP_stack_value
	.long	0
	.long	0
.Ldebug_loc2:
	.long	.Ltmp27-.Lfunc_begin0
	.long	.Ltmp28-.Lfunc_begin0
	.short	1                               @ Loc expr size
	.byte	81                              @ DW_OP_reg1
	.long	0
	.long	0
.Ldebug_loc3:
	.long	.Ltmp32-.Lfunc_begin0
	.long	.Ltmp33-.Lfunc_begin0
	.short	1                               @ Loc expr size
	.byte	81                              @ DW_OP_reg1
	.long	0
	.long	0
.Ldebug_loc4:
	.long	.Ltmp37-.Lfunc_begin0
	.long	.Ltmp38-.Lfunc_begin0
	.short	1                               @ Loc expr size
	.byte	81                              @ DW_OP_reg1
	.long	0
	.long	0
.Ldebug_loc5:
	.long	.Ltmp45-.Lfunc_begin0
	.long	.Ltmp46-.Lfunc_begin0
	.short	5                               @ Loc expr size
	.byte	113                             @ DW_OP_breg1
	.byte	0                               @ 0
	.byte	64                              @ DW_OP_lit16
	.byte	26                              @ DW_OP_and
	.byte	159                             @ DW_OP_stack_value
	.long	0
	.long	0
.Ldebug_loc6:
	.long	.Ltmp48-.Lfunc_begin0
	.long	.Ltmp62-.Lfunc_begin0
	.short	2                               @ Loc expr size
	.byte	64                              @ DW_OP_lit16
	.byte	159                             @ DW_OP_stack_value
	.long	0
	.long	0
.Ldebug_loc7:
	.long	.Ltmp49-.Lfunc_begin0
	.long	.Ltmp50-.Lfunc_begin0
	.short	1                               @ Loc expr size
	.byte	86                              @ DW_OP_reg6
	.long	.Ltmp50-.Lfunc_begin0
	.long	.Ltmp52-.Lfunc_begin0
	.short	3                               @ Loc expr size
	.byte	118                             @ DW_OP_breg6
	.byte	127                             @ -1
	.byte	159                             @ DW_OP_stack_value
	.long	.Ltmp52-.Lfunc_begin0
	.long	.Ltmp54-.Lfunc_begin0
	.short	3                               @ Loc expr size
	.byte	118                             @ DW_OP_breg6
	.byte	126                             @ -2
	.byte	159                             @ DW_OP_stack_value
	.long	.Ltmp54-.Lfunc_begin0
	.long	.Ltmp57-.Lfunc_begin0
	.short	3                               @ Loc expr size
	.byte	118                             @ DW_OP_breg6
	.byte	125                             @ -3
	.byte	159                             @ DW_OP_stack_value
	.long	.Ltmp57-.Lfunc_begin0
	.long	.Ltmp58-.Lfunc_begin0
	.short	1                               @ Loc expr size
	.byte	86                              @ DW_OP_reg6
	.long	.Ltmp59-.Lfunc_begin0
	.long	.Ltmp60-.Lfunc_begin0
	.short	1                               @ Loc expr size
	.byte	86                              @ DW_OP_reg6
	.long	0
	.long	0
.Ldebug_loc8:
	.long	.Lfunc_begin11-.Lfunc_begin0
	.long	.Ltmp67-.Lfunc_begin0
	.short	1                               @ Loc expr size
	.byte	80                              @ DW_OP_reg0
	.long	.Ltmp67-.Lfunc_begin0
	.long	.Ltmp91-.Lfunc_begin0
	.short	2                               @ Loc expr size
	.byte	125                             @ DW_OP_breg13
	.byte	8                               @ 8
	.long	0
	.long	0
.Ldebug_loc9:
	.long	.Lfunc_begin11-.Lfunc_begin0
	.long	.Ltmp86-.Lfunc_begin0
	.short	1                               @ Loc expr size
	.byte	81                              @ DW_OP_reg1
	.long	.Ltmp86-.Lfunc_begin0
	.long	.Ltmp91-.Lfunc_begin0
	.short	4                               @ Loc expr size
	.byte	243                             @ DW_OP_GNU_entry_value
	.byte	1                               @ 1
	.byte	81                              @ DW_OP_reg1
	.byte	159                             @ DW_OP_stack_value
	.long	0
	.long	0
.Ldebug_loc10:
	.long	.Ltmp71-.Lfunc_begin0
	.long	.Ltmp85-.Lfunc_begin0
	.short	2                               @ Loc expr size
	.byte	64                              @ DW_OP_lit16
	.byte	159                             @ DW_OP_stack_value
	.long	0
	.long	0
.Ldebug_loc11:
	.long	.Ltmp71-.Lfunc_begin0
	.long	.Ltmp91-.Lfunc_begin0
	.short	1                               @ Loc expr size
	.byte	87                              @ DW_OP_reg7
	.long	0
	.long	0
.Ldebug_loc12:
	.long	.Ltmp72-.Lfunc_begin0
	.long	.Ltmp73-.Lfunc_begin0
	.short	1                               @ Loc expr size
	.byte	83                              @ DW_OP_reg3
	.long	.Ltmp73-.Lfunc_begin0
	.long	.Ltmp75-.Lfunc_begin0
	.short	3                               @ Loc expr size
	.byte	115                             @ DW_OP_breg3
	.byte	127                             @ -1
	.byte	159                             @ DW_OP_stack_value
	.long	.Ltmp75-.Lfunc_begin0
	.long	.Ltmp77-.Lfunc_begin0
	.short	3                               @ Loc expr size
	.byte	115                             @ DW_OP_breg3
	.byte	126                             @ -2
	.byte	159                             @ DW_OP_stack_value
	.long	.Ltmp77-.Lfunc_begin0
	.long	.Ltmp80-.Lfunc_begin0
	.short	3                               @ Loc expr size
	.byte	115                             @ DW_OP_breg3
	.byte	125                             @ -3
	.byte	159                             @ DW_OP_stack_value
	.long	.Ltmp80-.Lfunc_begin0
	.long	.Ltmp81-.Lfunc_begin0
	.short	1                               @ Loc expr size
	.byte	83                              @ DW_OP_reg3
	.long	.Ltmp82-.Lfunc_begin0
	.long	.Ltmp83-.Lfunc_begin0
	.short	1                               @ Loc expr size
	.byte	83                              @ DW_OP_reg3
	.long	0
	.long	0
.Ldebug_loc13:
	.long	.Lfunc_begin12-.Lfunc_begin0
	.long	.Ltmp93-.Lfunc_begin0
	.short	1                               @ Loc expr size
	.byte	80                              @ DW_OP_reg0
	.long	.Ltmp93-.Lfunc_begin0
	.long	.Ltmp109-.Lfunc_begin0
	.short	1                               @ Loc expr size
	.byte	81                              @ DW_OP_reg1
	.long	0
	.long	0
.Ldebug_loc14:
	.long	.Ltmp94-.Lfunc_begin0
	.long	.Ltmp96-.Lfunc_begin0
	.short	1                               @ Loc expr size
	.byte	84                              @ DW_OP_reg4
	.long	.Ltmp96-.Lfunc_begin0
	.long	.Ltmp98-.Lfunc_begin0
	.short	3                               @ Loc expr size
	.byte	116                             @ DW_OP_breg4
	.byte	127                             @ -1
	.byte	159                             @ DW_OP_stack_value
	.long	.Ltmp98-.Lfunc_begin0
	.long	.Ltmp100-.Lfunc_begin0
	.short	3                               @ Loc expr size
	.byte	116                             @ DW_OP_breg4
	.byte	126                             @ -2
	.byte	159                             @ DW_OP_stack_value
	.long	.Ltmp100-.Lfunc_begin0
	.long	.Ltmp103-.Lfunc_begin0
	.short	3                               @ Loc expr size
	.byte	116                             @ DW_OP_breg4
	.byte	125                             @ -3
	.byte	159                             @ DW_OP_stack_value
	.long	.Ltmp103-.Lfunc_begin0
	.long	.Ltmp104-.Lfunc_begin0
	.short	1                               @ Loc expr size
	.byte	84                              @ DW_OP_reg4
	.long	.Ltmp106-.Lfunc_begin0
	.long	.Ltmp108-.Lfunc_begin0
	.short	1                               @ Loc expr size
	.byte	84                              @ DW_OP_reg4
	.long	0
	.long	0
.Ldebug_loc15:
	.long	.Lfunc_begin13-.Lfunc_begin0
	.long	.Ltmp121-.Lfunc_begin0
	.short	1                               @ Loc expr size
	.byte	80                              @ DW_OP_reg0
	.long	.Ltmp121-.Lfunc_begin0
	.long	.Ltmp123-.Lfunc_begin0
	.short	4                               @ Loc expr size
	.byte	243                             @ DW_OP_GNU_entry_value
	.byte	1                               @ 1
	.byte	80                              @ DW_OP_reg0
	.byte	159                             @ DW_OP_stack_value
	.long	0
	.long	0
.Ldebug_loc16:
	.long	.Lfunc_begin13-.Lfunc_begin0
	.long	.Ltmp118-.Lfunc_begin0
	.short	1                               @ Loc expr size
	.byte	82                              @ DW_OP_reg2
	.long	.Ltmp118-.Lfunc_begin0
	.long	.Ltmp124-.Lfunc_begin0
	.short	4                               @ Loc expr size
	.byte	243                             @ DW_OP_GNU_entry_value
	.byte	1                               @ 1
	.byte	82                              @ DW_OP_reg2
	.byte	159                             @ DW_OP_stack_value
	.long	0
	.long	0
.Ldebug_loc17:
	.long	.Ltmp113-.Lfunc_begin0
	.long	.Ltmp122-.Lfunc_begin0
	.short	2                               @ Loc expr size
	.byte	48                              @ DW_OP_lit0
	.byte	159                             @ DW_OP_stack_value
	.long	.Ltmp122-.Lfunc_begin0
	.long	.Ltmp123-.Lfunc_begin0
	.short	6                               @ Loc expr size
	.byte	112                             @ DW_OP_breg0
	.byte	0                               @ 0
	.byte	115                             @ DW_OP_breg3
	.byte	0                               @ 0
	.byte	34                              @ DW_OP_plus
	.byte	159                             @ DW_OP_stack_value
	.long	0
	.long	0
.Ldebug_loc18:
	.long	.Ltmp113-.Lfunc_begin0
	.long	.Ltmp116-.Lfunc_begin0
	.short	2                               @ Loc expr size
	.byte	48                              @ DW_OP_lit0
	.byte	159                             @ DW_OP_stack_value
	.long	.Ltmp116-.Lfunc_begin0
	.long	.Ltmp117-.Lfunc_begin0
	.short	3                               @ Loc expr size
	.byte	117                             @ DW_OP_breg5
	.byte	16                              @ 16
	.byte	159                             @ DW_OP_stack_value
	.long	0
	.long	0
.Ldebug_loc19:
	.long	.Lfunc_begin17-.Lfunc_begin0
	.long	.Ltmp137-.Lfunc_begin0
	.short	1                               @ Loc expr size
	.byte	80                              @ DW_OP_reg0
	.long	.Ltmp137-.Lfunc_begin0
	.long	.Ltmp140-.Lfunc_begin0
	.short	4                               @ Loc expr size
	.byte	243                             @ DW_OP_GNU_entry_value
	.byte	1                               @ 1
	.byte	80                              @ DW_OP_reg0
	.byte	159                             @ DW_OP_stack_value
	.long	0
	.long	0
.Ldebug_loc20:
	.long	.Lfunc_begin17-.Lfunc_begin0
	.long	.Ltmp136-.Lfunc_begin0
	.short	2                               @ Loc expr size
	.byte	48                              @ DW_OP_lit0
	.byte	159                             @ DW_OP_stack_value
	.long	.Ltmp136-.Lfunc_begin0
	.long	.Ltmp140-.Lfunc_begin0
	.short	1                               @ Loc expr size
	.byte	82                              @ DW_OP_reg2
	.long	0
	.long	0
.Ldebug_loc21:
	.long	.Lfunc_begin17-.Lfunc_begin0
	.long	.Ltmp138-.Lfunc_begin0
	.short	2                               @ Loc expr size
	.byte	48                              @ DW_OP_lit0
	.byte	159                             @ DW_OP_stack_value
	.long	.Ltmp138-.Lfunc_begin0
	.long	.Ltmp139-.Lfunc_begin0
	.short	7                               @ Loc expr size
	.byte	112                             @ DW_OP_breg0
	.byte	132                             @ 1073742340
	.byte	132                             @ 
	.byte	128                             @ 
	.byte	128                             @ 
	.byte	4                               @ 
	.byte	159                             @ DW_OP_stack_value
	.long	0
	.long	0
.Ldebug_loc22:
	.long	.Lfunc_begin18-.Lfunc_begin0
	.long	.Ltmp144-.Lfunc_begin0
	.short	1                               @ Loc expr size
	.byte	80                              @ DW_OP_reg0
	.long	.Ltmp144-.Lfunc_begin0
	.long	.Ltmp147-.Lfunc_begin0
	.short	4                               @ Loc expr size
	.byte	243                             @ DW_OP_GNU_entry_value
	.byte	1                               @ 1
	.byte	80                              @ DW_OP_reg0
	.byte	159                             @ DW_OP_stack_value
	.long	0
	.long	0
.Ldebug_loc23:
	.long	.Lfunc_begin18-.Lfunc_begin0
	.long	.Ltmp143-.Lfunc_begin0
	.short	2                               @ Loc expr size
	.byte	48                              @ DW_OP_lit0
	.byte	159                             @ DW_OP_stack_value
	.long	0
	.long	0
.Ldebug_loc24:
	.long	.Lfunc_begin18-.Lfunc_begin0
	.long	.Ltmp145-.Lfunc_begin0
	.short	2                               @ Loc expr size
	.byte	48                              @ DW_OP_lit0
	.byte	159                             @ DW_OP_stack_value
	.long	.Ltmp145-.Lfunc_begin0
	.long	.Ltmp146-.Lfunc_begin0
	.short	7                               @ Loc expr size
	.byte	112                             @ DW_OP_breg0
	.byte	132                             @ 1073742340
	.byte	132                             @ 
	.byte	128                             @ 
	.byte	128                             @ 
	.byte	4                               @ 
	.byte	159                             @ DW_OP_stack_value
	.long	0
	.long	0
.Ldebug_loc25:
	.long	.Lfunc_begin19-.Lfunc_begin0
	.long	.Ltmp151-.Lfunc_begin0
	.short	1                               @ Loc expr size
	.byte	80                              @ DW_OP_reg0
	.long	.Ltmp151-.Lfunc_begin0
	.long	.Ltmp152-.Lfunc_begin0
	.short	4                               @ Loc expr size
	.byte	243                             @ DW_OP_GNU_entry_value
	.byte	1                               @ 1
	.byte	80                              @ DW_OP_reg0
	.byte	159                             @ DW_OP_stack_value
	.long	.Ltmp152-.Lfunc_begin0
	.long	.Ltmp154-.Lfunc_begin0
	.short	1                               @ Loc expr size
	.byte	80                              @ DW_OP_reg0
	.long	0
	.long	0
.Ldebug_loc26:
	.long	.Lfunc_begin19-.Lfunc_begin0
	.long	.Ltmp155-.Lfunc_begin0
	.short	1                               @ Loc expr size
	.byte	81                              @ DW_OP_reg1
	.long	.Ltmp155-.Lfunc_begin0
	.long	.Ltmp156-.Lfunc_begin0
	.short	4                               @ Loc expr size
	.byte	243                             @ DW_OP_GNU_entry_value
	.byte	1                               @ 1
	.byte	81                              @ DW_OP_reg1
	.byte	159                             @ DW_OP_stack_value
	.long	0
	.long	0
.Ldebug_loc27:
	.long	.Lfunc_begin21-.Lfunc_begin0
	.long	.Ltmp174-.Lfunc_begin0
	.short	1                               @ Loc expr size
	.byte	80                              @ DW_OP_reg0
	.long	.Ltmp174-.Lfunc_begin0
	.long	.Ltmp175-.Lfunc_begin0
	.short	4                               @ Loc expr size
	.byte	243                             @ DW_OP_GNU_entry_value
	.byte	1                               @ 1
	.byte	80                              @ DW_OP_reg0
	.byte	159                             @ DW_OP_stack_value
	.long	.Ltmp175-.Lfunc_begin0
	.long	.Ltmp176-.Lfunc_begin0
	.short	1                               @ Loc expr size
	.byte	80                              @ DW_OP_reg0
	.long	.Ltmp176-.Lfunc_begin0
	.long	.Ltmp177-.Lfunc_begin0
	.short	4                               @ Loc expr size
	.byte	243                             @ DW_OP_GNU_entry_value
	.byte	1                               @ 1
	.byte	80                              @ DW_OP_reg0
	.byte	159                             @ DW_OP_stack_value
	.long	0
	.long	0
.Ldebug_loc28:
	.long	.Ltmp162-.Lfunc_begin0
	.long	.Ltmp164-.Lfunc_begin0
	.short	1                               @ Loc expr size
	.byte	82                              @ DW_OP_reg2
	.long	.Ltmp164-.Lfunc_begin0
	.long	.Ltmp165-.Lfunc_begin0
	.short	3                               @ Loc expr size
	.byte	114                             @ DW_OP_breg2
	.byte	127                             @ -1
	.byte	159                             @ DW_OP_stack_value
	.long	.Ltmp165-.Lfunc_begin0
	.long	.Ltmp167-.Lfunc_begin0
	.short	3                               @ Loc expr size
	.byte	114                             @ DW_OP_breg2
	.byte	126                             @ -2
	.byte	159                             @ DW_OP_stack_value
	.long	.Ltmp167-.Lfunc_begin0
	.long	.Ltmp169-.Lfunc_begin0
	.short	3                               @ Loc expr size
	.byte	114                             @ DW_OP_breg2
	.byte	125                             @ -3
	.byte	159                             @ DW_OP_stack_value
	.long	.Ltmp169-.Lfunc_begin0
	.long	.Ltmp170-.Lfunc_begin0
	.short	1                               @ Loc expr size
	.byte	82                              @ DW_OP_reg2
	.long	.Ltmp170-.Lfunc_begin0
	.long	.Ltmp171-.Lfunc_begin0
	.short	2                               @ Loc expr size
	.byte	48                              @ DW_OP_lit0
	.byte	159                             @ DW_OP_stack_value
	.long	.Ltmp172-.Lfunc_begin0
	.long	.Ltmp175-.Lfunc_begin0
	.short	1                               @ Loc expr size
	.byte	82                              @ DW_OP_reg2
	.long	0
	.long	0
.Ldebug_loc29:
	.long	.Lfunc_begin22-.Lfunc_begin0
	.long	.Ltmp179-.Lfunc_begin0
	.short	1                               @ Loc expr size
	.byte	80                              @ DW_OP_reg0
	.long	.Ltmp179-.Lfunc_begin0
	.long	.Ltmp212-.Lfunc_begin0
	.short	1                               @ Loc expr size
	.byte	87                              @ DW_OP_reg7
	.long	0
	.long	0
.Ldebug_loc30:
	.long	.Ltmp181-.Lfunc_begin0
	.long	.Ltmp212-.Lfunc_begin0
	.short	1                               @ Loc expr size
	.byte	85                              @ DW_OP_reg5
	.long	0
	.long	0
.Ldebug_loc31:
	.long	.Ltmp182-.Lfunc_begin0
	.long	.Ltmp199-.Lfunc_begin0
	.short	1                               @ Loc expr size
	.byte	83                              @ DW_OP_reg3
	.long	.Ltmp200-.Lfunc_begin0
	.long	.Ltmp207-.Lfunc_begin0
	.short	1                               @ Loc expr size
	.byte	83                              @ DW_OP_reg3
	.long	0
	.long	0
.Ldebug_loc32:
	.long	.Ltmp183-.Lfunc_begin0
	.long	.Ltmp198-.Lfunc_begin0
	.short	1                               @ Loc expr size
	.byte	80                              @ DW_OP_reg0
	.long	.Ltmp200-.Lfunc_begin0
	.long	.Ltmp203-.Lfunc_begin0
	.short	1                               @ Loc expr size
	.byte	80                              @ DW_OP_reg0
	.long	.Ltmp204-.Lfunc_begin0
	.long	.Ltmp205-.Lfunc_begin0
	.short	1                               @ Loc expr size
	.byte	80                              @ DW_OP_reg0
	.long	0
	.long	0
.Ldebug_loc33:
	.long	.Ltmp184-.Lfunc_begin0
	.long	.Ltmp186-.Lfunc_begin0
	.short	1                               @ Loc expr size
	.byte	82                              @ DW_OP_reg2
	.long	.Ltmp186-.Lfunc_begin0
	.long	.Ltmp187-.Lfunc_begin0
	.short	3                               @ Loc expr size
	.byte	114                             @ DW_OP_breg2
	.byte	127                             @ -1
	.byte	159                             @ DW_OP_stack_value
	.long	.Ltmp187-.Lfunc_begin0
	.long	.Ltmp189-.Lfunc_begin0
	.short	3                               @ Loc expr size
	.byte	114                             @ DW_OP_breg2
	.byte	126                             @ -2
	.byte	159                             @ DW_OP_stack_value
	.long	.Ltmp189-.Lfunc_begin0
	.long	.Ltmp191-.Lfunc_begin0
	.short	3                               @ Loc expr size
	.byte	114                             @ DW_OP_breg2
	.byte	125                             @ -3
	.byte	159                             @ DW_OP_stack_value
	.long	.Ltmp191-.Lfunc_begin0
	.long	.Ltmp192-.Lfunc_begin0
	.short	1                               @ Loc expr size
	.byte	82                              @ DW_OP_reg2
	.long	.Ltmp193-.Lfunc_begin0
	.long	.Ltmp194-.Lfunc_begin0
	.short	1                               @ Loc expr size
	.byte	82                              @ DW_OP_reg2
	.long	.Ltmp195-.Lfunc_begin0
	.long	.Ltmp200-.Lfunc_begin0
	.short	1                               @ Loc expr size
	.byte	82                              @ DW_OP_reg2
	.long	.Ltmp200-.Lfunc_begin0
	.long	.Ltmp201-.Lfunc_begin0
	.short	3                               @ Loc expr size
	.byte	114                             @ DW_OP_breg2
	.byte	126                             @ -2
	.byte	159                             @ DW_OP_stack_value
	.long	.Ltmp201-.Lfunc_begin0
	.long	.Ltmp212-.Lfunc_begin0
	.short	1                               @ Loc expr size
	.byte	82                              @ DW_OP_reg2
	.long	0
	.long	0
.Ldebug_loc34:
	.long	.Lfunc_begin24-.Lfunc_begin0
	.long	.Ltmp218-.Lfunc_begin0
	.short	1                               @ Loc expr size
	.byte	80                              @ DW_OP_reg0
	.long	.Ltmp218-.Lfunc_begin0
	.long	.Ltmp225-.Lfunc_begin0
	.short	4                               @ Loc expr size
	.byte	243                             @ DW_OP_GNU_entry_value
	.byte	1                               @ 1
	.byte	80                              @ DW_OP_reg0
	.byte	159                             @ DW_OP_stack_value
	.long	0
	.long	0
.Ldebug_loc35:
	.long	.Lfunc_begin24-.Lfunc_begin0
	.long	.Ltmp222-.Lfunc_begin0
	.short	1                               @ Loc expr size
	.byte	81                              @ DW_OP_reg1
	.long	.Ltmp222-.Lfunc_begin0
	.long	.Ltmp225-.Lfunc_begin0
	.short	4                               @ Loc expr size
	.byte	243                             @ DW_OP_GNU_entry_value
	.byte	1                               @ 1
	.byte	81                              @ DW_OP_reg1
	.byte	159                             @ DW_OP_stack_value
	.long	0
	.long	0
.Ldebug_loc36:
	.long	.Lfunc_begin24-.Lfunc_begin0
	.long	.Ltmp223-.Lfunc_begin0
	.short	1                               @ Loc expr size
	.byte	82                              @ DW_OP_reg2
	.long	.Ltmp223-.Lfunc_begin0
	.long	.Ltmp225-.Lfunc_begin0
	.short	4                               @ Loc expr size
	.byte	243                             @ DW_OP_GNU_entry_value
	.byte	1                               @ 1
	.byte	82                              @ DW_OP_reg2
	.byte	159                             @ DW_OP_stack_value
	.long	0
	.long	0
.Ldebug_loc37:
	.long	.Ltmp217-.Lfunc_begin0
	.long	.Ltmp220-.Lfunc_begin0
	.short	2                               @ Loc expr size
	.byte	48                              @ DW_OP_lit0
	.byte	159                             @ DW_OP_stack_value
	.long	.Ltmp220-.Lfunc_begin0
	.long	.Ltmp221-.Lfunc_begin0
	.short	1                               @ Loc expr size
	.byte	85                              @ DW_OP_reg5
	.long	.Ltmp224-.Lfunc_begin0
	.long	.Ltmp225-.Lfunc_begin0
	.short	1                               @ Loc expr size
	.byte	82                              @ DW_OP_reg2
	.long	0
	.long	0
.Ldebug_loc38:
	.long	.Ltmp219-.Lfunc_begin0
	.long	.Ltmp225-.Lfunc_begin0
	.short	7                               @ Loc expr size
	.byte	112                             @ DW_OP_breg0
	.byte	164                             @ 1073742500
	.byte	133                             @ 
	.byte	128                             @ 
	.byte	128                             @ 
	.byte	4                               @ 
	.byte	159                             @ DW_OP_stack_value
	.long	0
	.long	0
.Ldebug_loc39:
	.long	.Lfunc_begin25-.Lfunc_begin0
	.long	.Ltmp229-.Lfunc_begin0
	.short	1                               @ Loc expr size
	.byte	80                              @ DW_OP_reg0
	.long	.Ltmp229-.Lfunc_begin0
	.long	.Ltmp233-.Lfunc_begin0
	.short	4                               @ Loc expr size
	.byte	243                             @ DW_OP_GNU_entry_value
	.byte	1                               @ 1
	.byte	80                              @ DW_OP_reg0
	.byte	159                             @ DW_OP_stack_value
	.long	.Ltmp233-.Lfunc_begin0
	.long	.Ltmp234-.Lfunc_begin0
	.short	1                               @ Loc expr size
	.byte	80                              @ DW_OP_reg0
	.long	.Ltmp234-.Lfunc_begin0
	.long	.Ltmp235-.Lfunc_begin0
	.short	4                               @ Loc expr size
	.byte	243                             @ DW_OP_GNU_entry_value
	.byte	1                               @ 1
	.byte	80                              @ DW_OP_reg0
	.byte	159                             @ DW_OP_stack_value
	.long	0
	.long	0
.Ldebug_loc40:
	.long	.Lfunc_begin25-.Lfunc_begin0
	.long	.Ltmp232-.Lfunc_begin0
	.short	2                               @ Loc expr size
	.byte	48                              @ DW_OP_lit0
	.byte	159                             @ DW_OP_stack_value
	.long	.Ltmp232-.Lfunc_begin0
	.long	.Ltmp233-.Lfunc_begin0
	.short	1                               @ Loc expr size
	.byte	80                              @ DW_OP_reg0
	.long	.Ltmp233-.Lfunc_begin0
	.long	.Ltmp234-.Lfunc_begin0
	.short	2                               @ Loc expr size
	.byte	48                              @ DW_OP_lit0
	.byte	159                             @ DW_OP_stack_value
	.long	.Ltmp234-.Lfunc_begin0
	.long	.Ltmp235-.Lfunc_begin0
	.short	1                               @ Loc expr size
	.byte	80                              @ DW_OP_reg0
	.long	0
	.long	0
.Ldebug_loc41:
	.long	.Lfunc_begin25-.Lfunc_begin0
	.long	.Ltmp230-.Lfunc_begin0
	.short	2                               @ Loc expr size
	.byte	48                              @ DW_OP_lit0
	.byte	159                             @ DW_OP_stack_value
	.long	.Ltmp230-.Lfunc_begin0
	.long	.Ltmp231-.Lfunc_begin0
	.short	7                               @ Loc expr size
	.byte	112                             @ DW_OP_breg0
	.byte	144                             @ 1073742352
	.byte	132                             @ 
	.byte	128                             @ 
	.byte	128                             @ 
	.byte	4                               @ 
	.byte	159                             @ DW_OP_stack_value
	.long	.Ltmp233-.Lfunc_begin0
	.long	.Ltmp235-.Lfunc_begin0
	.short	2                               @ Loc expr size
	.byte	48                              @ DW_OP_lit0
	.byte	159                             @ DW_OP_stack_value
	.long	0
	.long	0
.Ldebug_loc42:
	.long	.Lfunc_begin26-.Lfunc_begin0
	.long	.Ltmp239-.Lfunc_begin0
	.short	1                               @ Loc expr size
	.byte	80                              @ DW_OP_reg0
	.long	.Ltmp239-.Lfunc_begin0
	.long	.Ltmp243-.Lfunc_begin0
	.short	4                               @ Loc expr size
	.byte	243                             @ DW_OP_GNU_entry_value
	.byte	1                               @ 1
	.byte	80                              @ DW_OP_reg0
	.byte	159                             @ DW_OP_stack_value
	.long	.Ltmp243-.Lfunc_begin0
	.long	.Ltmp244-.Lfunc_begin0
	.short	1                               @ Loc expr size
	.byte	80                              @ DW_OP_reg0
	.long	.Ltmp244-.Lfunc_begin0
	.long	.Ltmp245-.Lfunc_begin0
	.short	4                               @ Loc expr size
	.byte	243                             @ DW_OP_GNU_entry_value
	.byte	1                               @ 1
	.byte	80                              @ DW_OP_reg0
	.byte	159                             @ DW_OP_stack_value
	.long	0
	.long	0
.Ldebug_loc43:
	.long	.Lfunc_begin26-.Lfunc_begin0
	.long	.Ltmp242-.Lfunc_begin0
	.short	2                               @ Loc expr size
	.byte	48                              @ DW_OP_lit0
	.byte	159                             @ DW_OP_stack_value
	.long	.Ltmp242-.Lfunc_begin0
	.long	.Ltmp243-.Lfunc_begin0
	.short	1                               @ Loc expr size
	.byte	80                              @ DW_OP_reg0
	.long	.Ltmp243-.Lfunc_begin0
	.long	.Ltmp244-.Lfunc_begin0
	.short	2                               @ Loc expr size
	.byte	48                              @ DW_OP_lit0
	.byte	159                             @ DW_OP_stack_value
	.long	.Ltmp244-.Lfunc_begin0
	.long	.Ltmp245-.Lfunc_begin0
	.short	1                               @ Loc expr size
	.byte	80                              @ DW_OP_reg0
	.long	0
	.long	0
.Ldebug_loc44:
	.long	.Lfunc_begin26-.Lfunc_begin0
	.long	.Ltmp240-.Lfunc_begin0
	.short	2                               @ Loc expr size
	.byte	48                              @ DW_OP_lit0
	.byte	159                             @ DW_OP_stack_value
	.long	.Ltmp240-.Lfunc_begin0
	.long	.Ltmp241-.Lfunc_begin0
	.short	7                               @ Loc expr size
	.byte	112                             @ DW_OP_breg0
	.byte	160                             @ 1073742368
	.byte	132                             @ 
	.byte	128                             @ 
	.byte	128                             @ 
	.byte	4                               @ 
	.byte	159                             @ DW_OP_stack_value
	.long	.Ltmp243-.Lfunc_begin0
	.long	.Ltmp245-.Lfunc_begin0
	.short	2                               @ Loc expr size
	.byte	48                              @ DW_OP_lit0
	.byte	159                             @ DW_OP_stack_value
	.long	0
	.long	0
	.section	.debug_abbrev,"",%progbits
	.byte	1                               @ Abbreviation Code
	.byte	17                              @ DW_TAG_compile_unit
	.byte	1                               @ DW_CHILDREN_yes
	.byte	37                              @ DW_AT_producer
	.byte	14                              @ DW_FORM_strp
	.byte	19                              @ DW_AT_language
	.byte	5                               @ DW_FORM_data2
	.byte	3                               @ DW_AT_name
	.byte	14                              @ DW_FORM_strp
	.byte	16                              @ DW_AT_stmt_list
	.byte	23                              @ DW_FORM_sec_offset
	.byte	27                              @ DW_AT_comp_dir
	.byte	14                              @ DW_FORM_strp
	.byte	17                              @ DW_AT_low_pc
	.byte	1                               @ DW_FORM_addr
	.byte	18                              @ DW_AT_high_pc
	.byte	6                               @ DW_FORM_data4
	.byte	0                               @ EOM(1)
	.byte	0                               @ EOM(2)
	.byte	2                               @ Abbreviation Code
	.byte	52                              @ DW_TAG_variable
	.byte	0                               @ DW_CHILDREN_no
	.byte	3                               @ DW_AT_name
	.byte	14                              @ DW_FORM_strp
	.byte	73                              @ DW_AT_type
	.byte	19                              @ DW_FORM_ref4
	.byte	63                              @ DW_AT_external
	.byte	25                              @ DW_FORM_flag_present
	.byte	58                              @ DW_AT_decl_file
	.byte	11                              @ DW_FORM_data1
	.byte	59                              @ DW_AT_decl_line
	.byte	11                              @ DW_FORM_data1
	.byte	2                               @ DW_AT_location
	.byte	24                              @ DW_FORM_exprloc
	.byte	0                               @ EOM(1)
	.byte	0                               @ EOM(2)
	.byte	3                               @ Abbreviation Code
	.byte	22                              @ DW_TAG_typedef
	.byte	0                               @ DW_CHILDREN_no
	.byte	73                              @ DW_AT_type
	.byte	19                              @ DW_FORM_ref4
	.byte	3                               @ DW_AT_name
	.byte	14                              @ DW_FORM_strp
	.byte	58                              @ DW_AT_decl_file
	.byte	11                              @ DW_FORM_data1
	.byte	59                              @ DW_AT_decl_line
	.byte	11                              @ DW_FORM_data1
	.byte	0                               @ EOM(1)
	.byte	0                               @ EOM(2)
	.byte	4                               @ Abbreviation Code
	.byte	36                              @ DW_TAG_base_type
	.byte	0                               @ DW_CHILDREN_no
	.byte	3                               @ DW_AT_name
	.byte	14                              @ DW_FORM_strp
	.byte	62                              @ DW_AT_encoding
	.byte	11                              @ DW_FORM_data1
	.byte	11                              @ DW_AT_byte_size
	.byte	11                              @ DW_FORM_data1
	.byte	0                               @ EOM(1)
	.byte	0                               @ EOM(2)
	.byte	5                               @ Abbreviation Code
	.byte	15                              @ DW_TAG_pointer_type
	.byte	0                               @ DW_CHILDREN_no
	.byte	73                              @ DW_AT_type
	.byte	19                              @ DW_FORM_ref4
	.byte	0                               @ EOM(1)
	.byte	0                               @ EOM(2)
	.byte	6                               @ Abbreviation Code
	.byte	22                              @ DW_TAG_typedef
	.byte	0                               @ DW_CHILDREN_no
	.byte	73                              @ DW_AT_type
	.byte	19                              @ DW_FORM_ref4
	.byte	3                               @ DW_AT_name
	.byte	14                              @ DW_FORM_strp
	.byte	58                              @ DW_AT_decl_file
	.byte	11                              @ DW_FORM_data1
	.byte	59                              @ DW_AT_decl_line
	.byte	5                               @ DW_FORM_data2
	.byte	0                               @ EOM(1)
	.byte	0                               @ EOM(2)
	.byte	7                               @ Abbreviation Code
	.byte	19                              @ DW_TAG_structure_type
	.byte	1                               @ DW_CHILDREN_yes
	.byte	11                              @ DW_AT_byte_size
	.byte	11                              @ DW_FORM_data1
	.byte	58                              @ DW_AT_decl_file
	.byte	11                              @ DW_FORM_data1
	.byte	59                              @ DW_AT_decl_line
	.byte	11                              @ DW_FORM_data1
	.byte	0                               @ EOM(1)
	.byte	0                               @ EOM(2)
	.byte	8                               @ Abbreviation Code
	.byte	13                              @ DW_TAG_member
	.byte	0                               @ DW_CHILDREN_no
	.byte	3                               @ DW_AT_name
	.byte	14                              @ DW_FORM_strp
	.byte	73                              @ DW_AT_type
	.byte	19                              @ DW_FORM_ref4
	.byte	58                              @ DW_AT_decl_file
	.byte	11                              @ DW_FORM_data1
	.byte	59                              @ DW_AT_decl_line
	.byte	5                               @ DW_FORM_data2
	.byte	56                              @ DW_AT_data_member_location
	.byte	11                              @ DW_FORM_data1
	.byte	0                               @ EOM(1)
	.byte	0                               @ EOM(2)
	.byte	9                               @ Abbreviation Code
	.byte	53                              @ DW_TAG_volatile_type
	.byte	0                               @ DW_CHILDREN_no
	.byte	73                              @ DW_AT_type
	.byte	19                              @ DW_FORM_ref4
	.byte	0                               @ EOM(1)
	.byte	0                               @ EOM(2)
	.byte	10                              @ Abbreviation Code
	.byte	1                               @ DW_TAG_array_type
	.byte	1                               @ DW_CHILDREN_yes
	.byte	73                              @ DW_AT_type
	.byte	19                              @ DW_FORM_ref4
	.byte	0                               @ EOM(1)
	.byte	0                               @ EOM(2)
	.byte	11                              @ Abbreviation Code
	.byte	33                              @ DW_TAG_subrange_type
	.byte	0                               @ DW_CHILDREN_no
	.byte	73                              @ DW_AT_type
	.byte	19                              @ DW_FORM_ref4
	.byte	55                              @ DW_AT_count
	.byte	11                              @ DW_FORM_data1
	.byte	0                               @ EOM(1)
	.byte	0                               @ EOM(2)
	.byte	12                              @ Abbreviation Code
	.byte	38                              @ DW_TAG_const_type
	.byte	0                               @ DW_CHILDREN_no
	.byte	73                              @ DW_AT_type
	.byte	19                              @ DW_FORM_ref4
	.byte	0                               @ EOM(1)
	.byte	0                               @ EOM(2)
	.byte	13                              @ Abbreviation Code
	.byte	36                              @ DW_TAG_base_type
	.byte	0                               @ DW_CHILDREN_no
	.byte	3                               @ DW_AT_name
	.byte	14                              @ DW_FORM_strp
	.byte	11                              @ DW_AT_byte_size
	.byte	11                              @ DW_FORM_data1
	.byte	62                              @ DW_AT_encoding
	.byte	11                              @ DW_FORM_data1
	.byte	0                               @ EOM(1)
	.byte	0                               @ EOM(2)
	.byte	14                              @ Abbreviation Code
	.byte	19                              @ DW_TAG_structure_type
	.byte	1                               @ DW_CHILDREN_yes
	.byte	11                              @ DW_AT_byte_size
	.byte	11                              @ DW_FORM_data1
	.byte	58                              @ DW_AT_decl_file
	.byte	11                              @ DW_FORM_data1
	.byte	59                              @ DW_AT_decl_line
	.byte	5                               @ DW_FORM_data2
	.byte	0                               @ EOM(1)
	.byte	0                               @ EOM(2)
	.byte	15                              @ Abbreviation Code
	.byte	13                              @ DW_TAG_member
	.byte	0                               @ DW_CHILDREN_no
	.byte	3                               @ DW_AT_name
	.byte	14                              @ DW_FORM_strp
	.byte	73                              @ DW_AT_type
	.byte	19                              @ DW_FORM_ref4
	.byte	58                              @ DW_AT_decl_file
	.byte	11                              @ DW_FORM_data1
	.byte	59                              @ DW_AT_decl_line
	.byte	11                              @ DW_FORM_data1
	.byte	56                              @ DW_AT_data_member_location
	.byte	11                              @ DW_FORM_data1
	.byte	0                               @ EOM(1)
	.byte	0                               @ EOM(2)
	.byte	16                              @ Abbreviation Code
	.byte	46                              @ DW_TAG_subprogram
	.byte	0                               @ DW_CHILDREN_no
	.byte	17                              @ DW_AT_low_pc
	.byte	1                               @ DW_FORM_addr
	.byte	18                              @ DW_AT_high_pc
	.byte	6                               @ DW_FORM_data4
	.byte	64                              @ DW_AT_frame_base
	.byte	24                              @ DW_FORM_exprloc
	.ascii	"\227B"                         @ DW_AT_GNU_all_call_sites
	.byte	25                              @ DW_FORM_flag_present
	.byte	3                               @ DW_AT_name
	.byte	14                              @ DW_FORM_strp
	.byte	58                              @ DW_AT_decl_file
	.byte	11                              @ DW_FORM_data1
	.byte	59                              @ DW_AT_decl_line
	.byte	11                              @ DW_FORM_data1
	.byte	39                              @ DW_AT_prototyped
	.byte	25                              @ DW_FORM_flag_present
	.byte	63                              @ DW_AT_external
	.byte	25                              @ DW_FORM_flag_present
	.byte	0                               @ EOM(1)
	.byte	0                               @ EOM(2)
	.byte	17                              @ Abbreviation Code
	.byte	46                              @ DW_TAG_subprogram
	.byte	1                               @ DW_CHILDREN_yes
	.byte	17                              @ DW_AT_low_pc
	.byte	1                               @ DW_FORM_addr
	.byte	18                              @ DW_AT_high_pc
	.byte	6                               @ DW_FORM_data4
	.byte	64                              @ DW_AT_frame_base
	.byte	24                              @ DW_FORM_exprloc
	.ascii	"\227B"                         @ DW_AT_GNU_all_call_sites
	.byte	25                              @ DW_FORM_flag_present
	.byte	3                               @ DW_AT_name
	.byte	14                              @ DW_FORM_strp
	.byte	58                              @ DW_AT_decl_file
	.byte	11                              @ DW_FORM_data1
	.byte	59                              @ DW_AT_decl_line
	.byte	11                              @ DW_FORM_data1
	.byte	39                              @ DW_AT_prototyped
	.byte	25                              @ DW_FORM_flag_present
	.byte	63                              @ DW_AT_external
	.byte	25                              @ DW_FORM_flag_present
	.byte	0                               @ EOM(1)
	.byte	0                               @ EOM(2)
	.byte	18                              @ Abbreviation Code
	.byte	5                               @ DW_TAG_formal_parameter
	.byte	0                               @ DW_CHILDREN_no
	.byte	2                               @ DW_AT_location
	.byte	24                              @ DW_FORM_exprloc
	.byte	3                               @ DW_AT_name
	.byte	14                              @ DW_FORM_strp
	.byte	58                              @ DW_AT_decl_file
	.byte	11                              @ DW_FORM_data1
	.byte	59                              @ DW_AT_decl_line
	.byte	11                              @ DW_FORM_data1
	.byte	73                              @ DW_AT_type
	.byte	19                              @ DW_FORM_ref4
	.byte	0                               @ EOM(1)
	.byte	0                               @ EOM(2)
	.byte	19                              @ Abbreviation Code
	.byte	5                               @ DW_TAG_formal_parameter
	.byte	0                               @ DW_CHILDREN_no
	.byte	2                               @ DW_AT_location
	.byte	23                              @ DW_FORM_sec_offset
	.byte	3                               @ DW_AT_name
	.byte	14                              @ DW_FORM_strp
	.byte	58                              @ DW_AT_decl_file
	.byte	11                              @ DW_FORM_data1
	.byte	59                              @ DW_AT_decl_line
	.byte	11                              @ DW_FORM_data1
	.byte	73                              @ DW_AT_type
	.byte	19                              @ DW_FORM_ref4
	.byte	0                               @ EOM(1)
	.byte	0                               @ EOM(2)
	.byte	20                              @ Abbreviation Code
	.byte	52                              @ DW_TAG_variable
	.byte	0                               @ DW_CHILDREN_no
	.byte	2                               @ DW_AT_location
	.byte	24                              @ DW_FORM_exprloc
	.byte	3                               @ DW_AT_name
	.byte	14                              @ DW_FORM_strp
	.byte	58                              @ DW_AT_decl_file
	.byte	11                              @ DW_FORM_data1
	.byte	59                              @ DW_AT_decl_line
	.byte	11                              @ DW_FORM_data1
	.byte	73                              @ DW_AT_type
	.byte	19                              @ DW_FORM_ref4
	.byte	0                               @ EOM(1)
	.byte	0                               @ EOM(2)
	.byte	21                              @ Abbreviation Code
	.byte	46                              @ DW_TAG_subprogram
	.byte	0                               @ DW_CHILDREN_no
	.byte	17                              @ DW_AT_low_pc
	.byte	1                               @ DW_FORM_addr
	.byte	18                              @ DW_AT_high_pc
	.byte	6                               @ DW_FORM_data4
	.byte	64                              @ DW_AT_frame_base
	.byte	24                              @ DW_FORM_exprloc
	.ascii	"\227B"                         @ DW_AT_GNU_all_call_sites
	.byte	25                              @ DW_FORM_flag_present
	.byte	3                               @ DW_AT_name
	.byte	14                              @ DW_FORM_strp
	.byte	58                              @ DW_AT_decl_file
	.byte	11                              @ DW_FORM_data1
	.byte	59                              @ DW_AT_decl_line
	.byte	11                              @ DW_FORM_data1
	.byte	39                              @ DW_AT_prototyped
	.byte	25                              @ DW_FORM_flag_present
	.byte	73                              @ DW_AT_type
	.byte	19                              @ DW_FORM_ref4
	.byte	63                              @ DW_AT_external
	.byte	25                              @ DW_FORM_flag_present
	.byte	0                               @ EOM(1)
	.byte	0                               @ EOM(2)
	.byte	22                              @ Abbreviation Code
	.byte	46                              @ DW_TAG_subprogram
	.byte	1                               @ DW_CHILDREN_yes
	.byte	17                              @ DW_AT_low_pc
	.byte	1                               @ DW_FORM_addr
	.byte	18                              @ DW_AT_high_pc
	.byte	6                               @ DW_FORM_data4
	.byte	64                              @ DW_AT_frame_base
	.byte	24                              @ DW_FORM_exprloc
	.ascii	"\227B"                         @ DW_AT_GNU_all_call_sites
	.byte	25                              @ DW_FORM_flag_present
	.byte	3                               @ DW_AT_name
	.byte	14                              @ DW_FORM_strp
	.byte	58                              @ DW_AT_decl_file
	.byte	11                              @ DW_FORM_data1
	.byte	59                              @ DW_AT_decl_line
	.byte	11                              @ DW_FORM_data1
	.byte	39                              @ DW_AT_prototyped
	.byte	25                              @ DW_FORM_flag_present
	.byte	73                              @ DW_AT_type
	.byte	19                              @ DW_FORM_ref4
	.byte	63                              @ DW_AT_external
	.byte	25                              @ DW_FORM_flag_present
	.byte	0                               @ EOM(1)
	.byte	0                               @ EOM(2)
	.byte	23                              @ Abbreviation Code
	.byte	52                              @ DW_TAG_variable
	.byte	0                               @ DW_CHILDREN_no
	.byte	2                               @ DW_AT_location
	.byte	23                              @ DW_FORM_sec_offset
	.byte	3                               @ DW_AT_name
	.byte	14                              @ DW_FORM_strp
	.byte	58                              @ DW_AT_decl_file
	.byte	11                              @ DW_FORM_data1
	.byte	59                              @ DW_AT_decl_line
	.byte	11                              @ DW_FORM_data1
	.byte	73                              @ DW_AT_type
	.byte	19                              @ DW_FORM_ref4
	.byte	0                               @ EOM(1)
	.byte	0                               @ EOM(2)
	.byte	24                              @ Abbreviation Code
	.byte	46                              @ DW_TAG_subprogram
	.byte	1                               @ DW_CHILDREN_yes
	.byte	3                               @ DW_AT_name
	.byte	14                              @ DW_FORM_strp
	.byte	58                              @ DW_AT_decl_file
	.byte	11                              @ DW_FORM_data1
	.byte	59                              @ DW_AT_decl_line
	.byte	11                              @ DW_FORM_data1
	.byte	39                              @ DW_AT_prototyped
	.byte	25                              @ DW_FORM_flag_present
	.byte	63                              @ DW_AT_external
	.byte	25                              @ DW_FORM_flag_present
	.byte	32                              @ DW_AT_inline
	.byte	11                              @ DW_FORM_data1
	.byte	0                               @ EOM(1)
	.byte	0                               @ EOM(2)
	.byte	25                              @ Abbreviation Code
	.byte	5                               @ DW_TAG_formal_parameter
	.byte	0                               @ DW_CHILDREN_no
	.byte	3                               @ DW_AT_name
	.byte	14                              @ DW_FORM_strp
	.byte	58                              @ DW_AT_decl_file
	.byte	11                              @ DW_FORM_data1
	.byte	59                              @ DW_AT_decl_line
	.byte	11                              @ DW_FORM_data1
	.byte	73                              @ DW_AT_type
	.byte	19                              @ DW_FORM_ref4
	.byte	0                               @ EOM(1)
	.byte	0                               @ EOM(2)
	.byte	26                              @ Abbreviation Code
	.byte	52                              @ DW_TAG_variable
	.byte	0                               @ DW_CHILDREN_no
	.byte	3                               @ DW_AT_name
	.byte	14                              @ DW_FORM_strp
	.byte	58                              @ DW_AT_decl_file
	.byte	11                              @ DW_FORM_data1
	.byte	59                              @ DW_AT_decl_line
	.byte	11                              @ DW_FORM_data1
	.byte	73                              @ DW_AT_type
	.byte	19                              @ DW_FORM_ref4
	.byte	0                               @ EOM(1)
	.byte	0                               @ EOM(2)
	.byte	27                              @ Abbreviation Code
	.byte	46                              @ DW_TAG_subprogram
	.byte	1                               @ DW_CHILDREN_yes
	.byte	3                               @ DW_AT_name
	.byte	14                              @ DW_FORM_strp
	.byte	58                              @ DW_AT_decl_file
	.byte	11                              @ DW_FORM_data1
	.byte	59                              @ DW_AT_decl_line
	.byte	5                               @ DW_FORM_data2
	.byte	39                              @ DW_AT_prototyped
	.byte	25                              @ DW_FORM_flag_present
	.byte	73                              @ DW_AT_type
	.byte	19                              @ DW_FORM_ref4
	.byte	63                              @ DW_AT_external
	.byte	25                              @ DW_FORM_flag_present
	.byte	32                              @ DW_AT_inline
	.byte	11                              @ DW_FORM_data1
	.byte	0                               @ EOM(1)
	.byte	0                               @ EOM(2)
	.byte	28                              @ Abbreviation Code
	.byte	5                               @ DW_TAG_formal_parameter
	.byte	0                               @ DW_CHILDREN_no
	.byte	3                               @ DW_AT_name
	.byte	14                              @ DW_FORM_strp
	.byte	58                              @ DW_AT_decl_file
	.byte	11                              @ DW_FORM_data1
	.byte	59                              @ DW_AT_decl_line
	.byte	5                               @ DW_FORM_data2
	.byte	73                              @ DW_AT_type
	.byte	19                              @ DW_FORM_ref4
	.byte	0                               @ EOM(1)
	.byte	0                               @ EOM(2)
	.byte	29                              @ Abbreviation Code
	.byte	52                              @ DW_TAG_variable
	.byte	0                               @ DW_CHILDREN_no
	.byte	3                               @ DW_AT_name
	.byte	14                              @ DW_FORM_strp
	.byte	58                              @ DW_AT_decl_file
	.byte	11                              @ DW_FORM_data1
	.byte	59                              @ DW_AT_decl_line
	.byte	5                               @ DW_FORM_data2
	.byte	73                              @ DW_AT_type
	.byte	19                              @ DW_FORM_ref4
	.byte	0                               @ EOM(1)
	.byte	0                               @ EOM(2)
	.byte	30                              @ Abbreviation Code
	.byte	5                               @ DW_TAG_formal_parameter
	.byte	0                               @ DW_CHILDREN_no
	.byte	28                              @ DW_AT_const_value
	.byte	15                              @ DW_FORM_udata
	.byte	3                               @ DW_AT_name
	.byte	14                              @ DW_FORM_strp
	.byte	58                              @ DW_AT_decl_file
	.byte	11                              @ DW_FORM_data1
	.byte	59                              @ DW_AT_decl_line
	.byte	11                              @ DW_FORM_data1
	.byte	73                              @ DW_AT_type
	.byte	19                              @ DW_FORM_ref4
	.byte	0                               @ EOM(1)
	.byte	0                               @ EOM(2)
	.byte	31                              @ Abbreviation Code
	.byte	29                              @ DW_TAG_inlined_subroutine
	.byte	1                               @ DW_CHILDREN_yes
	.byte	49                              @ DW_AT_abstract_origin
	.byte	19                              @ DW_FORM_ref4
	.byte	17                              @ DW_AT_low_pc
	.byte	1                               @ DW_FORM_addr
	.byte	18                              @ DW_AT_high_pc
	.byte	6                               @ DW_FORM_data4
	.byte	88                              @ DW_AT_call_file
	.byte	11                              @ DW_FORM_data1
	.byte	89                              @ DW_AT_call_line
	.byte	11                              @ DW_FORM_data1
	.byte	87                              @ DW_AT_call_column
	.byte	11                              @ DW_FORM_data1
	.byte	0                               @ EOM(1)
	.byte	0                               @ EOM(2)
	.byte	32                              @ Abbreviation Code
	.byte	5                               @ DW_TAG_formal_parameter
	.byte	0                               @ DW_CHILDREN_no
	.byte	28                              @ DW_AT_const_value
	.byte	15                              @ DW_FORM_udata
	.byte	49                              @ DW_AT_abstract_origin
	.byte	19                              @ DW_FORM_ref4
	.byte	0                               @ EOM(1)
	.byte	0                               @ EOM(2)
	.byte	33                              @ Abbreviation Code
	.byte	52                              @ DW_TAG_variable
	.byte	0                               @ DW_CHILDREN_no
	.byte	2                               @ DW_AT_location
	.byte	23                              @ DW_FORM_sec_offset
	.byte	49                              @ DW_AT_abstract_origin
	.byte	19                              @ DW_FORM_ref4
	.byte	0                               @ EOM(1)
	.byte	0                               @ EOM(2)
	.byte	34                              @ Abbreviation Code
	.byte	5                               @ DW_TAG_formal_parameter
	.byte	0                               @ DW_CHILDREN_no
	.byte	2                               @ DW_AT_location
	.byte	23                              @ DW_FORM_sec_offset
	.byte	49                              @ DW_AT_abstract_origin
	.byte	19                              @ DW_FORM_ref4
	.byte	0                               @ EOM(1)
	.byte	0                               @ EOM(2)
	.byte	35                              @ Abbreviation Code
	.byte	52                              @ DW_TAG_variable
	.byte	0                               @ DW_CHILDREN_no
	.byte	28                              @ DW_AT_const_value
	.byte	15                              @ DW_FORM_udata
	.byte	49                              @ DW_AT_abstract_origin
	.byte	19                              @ DW_FORM_ref4
	.byte	0                               @ EOM(1)
	.byte	0                               @ EOM(2)
	.byte	36                              @ Abbreviation Code
	.byte	46                              @ DW_TAG_subprogram
	.byte	1                               @ DW_CHILDREN_yes
	.byte	17                              @ DW_AT_low_pc
	.byte	1                               @ DW_FORM_addr
	.byte	18                              @ DW_AT_high_pc
	.byte	6                               @ DW_FORM_data4
	.byte	64                              @ DW_AT_frame_base
	.byte	24                              @ DW_FORM_exprloc
	.ascii	"\227B"                         @ DW_AT_GNU_all_call_sites
	.byte	25                              @ DW_FORM_flag_present
	.byte	49                              @ DW_AT_abstract_origin
	.byte	19                              @ DW_FORM_ref4
	.byte	0                               @ EOM(1)
	.byte	0                               @ EOM(2)
	.byte	37                              @ Abbreviation Code
	.byte	29                              @ DW_TAG_inlined_subroutine
	.byte	1                               @ DW_CHILDREN_yes
	.byte	49                              @ DW_AT_abstract_origin
	.byte	19                              @ DW_FORM_ref4
	.byte	85                              @ DW_AT_ranges
	.byte	23                              @ DW_FORM_sec_offset
	.byte	88                              @ DW_AT_call_file
	.byte	11                              @ DW_FORM_data1
	.byte	89                              @ DW_AT_call_line
	.byte	11                              @ DW_FORM_data1
	.byte	87                              @ DW_AT_call_column
	.byte	11                              @ DW_FORM_data1
	.byte	0                               @ EOM(1)
	.byte	0                               @ EOM(2)
	.byte	38                              @ Abbreviation Code
	.byte	46                              @ DW_TAG_subprogram
	.byte	1                               @ DW_CHILDREN_yes
	.byte	17                              @ DW_AT_low_pc
	.byte	1                               @ DW_FORM_addr
	.byte	18                              @ DW_AT_high_pc
	.byte	6                               @ DW_FORM_data4
	.byte	64                              @ DW_AT_frame_base
	.byte	24                              @ DW_FORM_exprloc
	.ascii	"\227B"                         @ DW_AT_GNU_all_call_sites
	.byte	25                              @ DW_FORM_flag_present
	.byte	3                               @ DW_AT_name
	.byte	14                              @ DW_FORM_strp
	.byte	58                              @ DW_AT_decl_file
	.byte	11                              @ DW_FORM_data1
	.byte	59                              @ DW_AT_decl_line
	.byte	5                               @ DW_FORM_data2
	.byte	39                              @ DW_AT_prototyped
	.byte	25                              @ DW_FORM_flag_present
	.byte	63                              @ DW_AT_external
	.byte	25                              @ DW_FORM_flag_present
	.byte	0                               @ EOM(1)
	.byte	0                               @ EOM(2)
	.byte	39                              @ Abbreviation Code
	.byte	5                               @ DW_TAG_formal_parameter
	.byte	0                               @ DW_CHILDREN_no
	.byte	2                               @ DW_AT_location
	.byte	23                              @ DW_FORM_sec_offset
	.byte	3                               @ DW_AT_name
	.byte	14                              @ DW_FORM_strp
	.byte	58                              @ DW_AT_decl_file
	.byte	11                              @ DW_FORM_data1
	.byte	59                              @ DW_AT_decl_line
	.byte	5                               @ DW_FORM_data2
	.byte	73                              @ DW_AT_type
	.byte	19                              @ DW_FORM_ref4
	.byte	0                               @ EOM(1)
	.byte	0                               @ EOM(2)
	.byte	40                              @ Abbreviation Code
	.byte	5                               @ DW_TAG_formal_parameter
	.byte	0                               @ DW_CHILDREN_no
	.byte	2                               @ DW_AT_location
	.byte	24                              @ DW_FORM_exprloc
	.byte	3                               @ DW_AT_name
	.byte	14                              @ DW_FORM_strp
	.byte	58                              @ DW_AT_decl_file
	.byte	11                              @ DW_FORM_data1
	.byte	59                              @ DW_AT_decl_line
	.byte	5                               @ DW_FORM_data2
	.byte	73                              @ DW_AT_type
	.byte	19                              @ DW_FORM_ref4
	.byte	0                               @ EOM(1)
	.byte	0                               @ EOM(2)
	.byte	41                              @ Abbreviation Code
	.byte	52                              @ DW_TAG_variable
	.byte	0                               @ DW_CHILDREN_no
	.byte	2                               @ DW_AT_location
	.byte	23                              @ DW_FORM_sec_offset
	.byte	3                               @ DW_AT_name
	.byte	14                              @ DW_FORM_strp
	.byte	58                              @ DW_AT_decl_file
	.byte	11                              @ DW_FORM_data1
	.byte	59                              @ DW_AT_decl_line
	.byte	5                               @ DW_FORM_data2
	.byte	73                              @ DW_AT_type
	.byte	19                              @ DW_FORM_ref4
	.byte	0                               @ EOM(1)
	.byte	0                               @ EOM(2)
	.byte	42                              @ Abbreviation Code
	.byte	46                              @ DW_TAG_subprogram
	.byte	0                               @ DW_CHILDREN_no
	.byte	17                              @ DW_AT_low_pc
	.byte	1                               @ DW_FORM_addr
	.byte	18                              @ DW_AT_high_pc
	.byte	6                               @ DW_FORM_data4
	.byte	64                              @ DW_AT_frame_base
	.byte	24                              @ DW_FORM_exprloc
	.ascii	"\227B"                         @ DW_AT_GNU_all_call_sites
	.byte	25                              @ DW_FORM_flag_present
	.byte	3                               @ DW_AT_name
	.byte	14                              @ DW_FORM_strp
	.byte	58                              @ DW_AT_decl_file
	.byte	11                              @ DW_FORM_data1
	.byte	59                              @ DW_AT_decl_line
	.byte	5                               @ DW_FORM_data2
	.byte	39                              @ DW_AT_prototyped
	.byte	25                              @ DW_FORM_flag_present
	.byte	63                              @ DW_AT_external
	.byte	25                              @ DW_FORM_flag_present
	.byte	0                               @ EOM(1)
	.byte	0                               @ EOM(2)
	.byte	43                              @ Abbreviation Code
	.byte	46                              @ DW_TAG_subprogram
	.byte	1                               @ DW_CHILDREN_yes
	.byte	17                              @ DW_AT_low_pc
	.byte	1                               @ DW_FORM_addr
	.byte	18                              @ DW_AT_high_pc
	.byte	6                               @ DW_FORM_data4
	.byte	64                              @ DW_AT_frame_base
	.byte	24                              @ DW_FORM_exprloc
	.ascii	"\227B"                         @ DW_AT_GNU_all_call_sites
	.byte	25                              @ DW_FORM_flag_present
	.byte	3                               @ DW_AT_name
	.byte	14                              @ DW_FORM_strp
	.byte	58                              @ DW_AT_decl_file
	.byte	11                              @ DW_FORM_data1
	.byte	59                              @ DW_AT_decl_line
	.byte	5                               @ DW_FORM_data2
	.byte	39                              @ DW_AT_prototyped
	.byte	25                              @ DW_FORM_flag_present
	.byte	73                              @ DW_AT_type
	.byte	19                              @ DW_FORM_ref4
	.byte	63                              @ DW_AT_external
	.byte	25                              @ DW_FORM_flag_present
	.byte	0                               @ EOM(1)
	.byte	0                               @ EOM(2)
	.byte	44                              @ Abbreviation Code
	.byte	46                              @ DW_TAG_subprogram
	.byte	0                               @ DW_CHILDREN_no
	.byte	17                              @ DW_AT_low_pc
	.byte	1                               @ DW_FORM_addr
	.byte	18                              @ DW_AT_high_pc
	.byte	6                               @ DW_FORM_data4
	.byte	64                              @ DW_AT_frame_base
	.byte	24                              @ DW_FORM_exprloc
	.ascii	"\227B"                         @ DW_AT_GNU_all_call_sites
	.byte	25                              @ DW_FORM_flag_present
	.byte	3                               @ DW_AT_name
	.byte	14                              @ DW_FORM_strp
	.byte	58                              @ DW_AT_decl_file
	.byte	11                              @ DW_FORM_data1
	.byte	59                              @ DW_AT_decl_line
	.byte	5                               @ DW_FORM_data2
	.byte	39                              @ DW_AT_prototyped
	.byte	25                              @ DW_FORM_flag_present
	.byte	73                              @ DW_AT_type
	.byte	19                              @ DW_FORM_ref4
	.byte	63                              @ DW_AT_external
	.byte	25                              @ DW_FORM_flag_present
	.byte	0                               @ EOM(1)
	.byte	0                               @ EOM(2)
	.byte	0                               @ EOM(3)
	.section	.debug_info,"",%progbits
.Lcu_begin0:
	.long	.Ldebug_info_end0-.Ldebug_info_start0 @ Length of Unit
.Ldebug_info_start0:
	.short	4                               @ DWARF version number
	.long	.debug_abbrev                   @ Offset Into Abbrev. Section
	.byte	4                               @ Address Size (in bytes)
	.byte	1                               @ Abbrev [1] 0xb:0x9f5 DW_TAG_compile_unit
	.long	.Linfo_string0                  @ DW_AT_producer
	.short	12                              @ DW_AT_language
	.long	.Linfo_string1                  @ DW_AT_name
	.long	.Lline_table_start0             @ DW_AT_stmt_list
	.long	.Linfo_string2                  @ DW_AT_comp_dir
	.long	.Lfunc_begin0                   @ DW_AT_low_pc
	.long	.Lfunc_end26-.Lfunc_begin0      @ DW_AT_high_pc
	.byte	2                               @ Abbrev [2] 0x26:0x11 DW_TAG_variable
	.long	.Linfo_string3                  @ DW_AT_name
	.long	55                              @ DW_AT_type
                                        @ DW_AT_external
	.byte	2                               @ DW_AT_decl_file
	.byte	20                              @ DW_AT_decl_line
	.byte	5                               @ DW_AT_location
	.byte	3
	.long	g_CLK_i32ErrCode
	.byte	3                               @ Abbrev [3] 0x37:0xb DW_TAG_typedef
	.long	66                              @ DW_AT_type
	.long	.Linfo_string5                  @ DW_AT_name
	.byte	1                               @ DW_AT_decl_file
	.byte	58                              @ DW_AT_decl_line
	.byte	4                               @ Abbrev [4] 0x42:0x7 DW_TAG_base_type
	.long	.Linfo_string4                  @ DW_AT_name
	.byte	5                               @ DW_AT_encoding
	.byte	4                               @ DW_AT_byte_size
	.byte	5                               @ Abbrev [5] 0x49:0x5 DW_TAG_pointer_type
	.long	78                              @ DW_AT_type
	.byte	6                               @ Abbrev [6] 0x4e:0xc DW_TAG_typedef
	.long	90                              @ DW_AT_type
	.long	.Linfo_string42                 @ DW_AT_name
	.byte	3                               @ DW_AT_decl_file
	.short	749                             @ DW_AT_decl_line
	.byte	7                               @ Abbrev [7] 0x5a:0x1b2 DW_TAG_structure_type
	.byte	184                             @ DW_AT_byte_size
	.byte	3                               @ DW_AT_decl_file
	.byte	27                              @ DW_AT_decl_line
	.byte	8                               @ Abbrev [8] 0x5e:0xd DW_TAG_member
	.long	.Linfo_string6                  @ DW_AT_name
	.long	524                             @ DW_AT_type
	.byte	3                               @ DW_AT_decl_file
	.short	716                             @ DW_AT_decl_line
	.byte	0                               @ DW_AT_data_member_location
	.byte	8                               @ Abbrev [8] 0x6b:0xd DW_TAG_member
	.long	.Linfo_string9                  @ DW_AT_name
	.long	524                             @ DW_AT_type
	.byte	3                               @ DW_AT_decl_file
	.short	717                             @ DW_AT_decl_line
	.byte	4                               @ DW_AT_data_member_location
	.byte	8                               @ Abbrev [8] 0x78:0xd DW_TAG_member
	.long	.Linfo_string10                 @ DW_AT_name
	.long	524                             @ DW_AT_type
	.byte	3                               @ DW_AT_decl_file
	.short	718                             @ DW_AT_decl_line
	.byte	8                               @ DW_AT_data_member_location
	.byte	8                               @ Abbrev [8] 0x85:0xd DW_TAG_member
	.long	.Linfo_string11                 @ DW_AT_name
	.long	524                             @ DW_AT_type
	.byte	3                               @ DW_AT_decl_file
	.short	719                             @ DW_AT_decl_line
	.byte	12                              @ DW_AT_data_member_location
	.byte	8                               @ Abbrev [8] 0x92:0xd DW_TAG_member
	.long	.Linfo_string12                 @ DW_AT_name
	.long	524                             @ DW_AT_type
	.byte	3                               @ DW_AT_decl_file
	.short	720                             @ DW_AT_decl_line
	.byte	16                              @ DW_AT_data_member_location
	.byte	8                               @ Abbrev [8] 0x9f:0xd DW_TAG_member
	.long	.Linfo_string13                 @ DW_AT_name
	.long	524                             @ DW_AT_type
	.byte	3                               @ DW_AT_decl_file
	.short	721                             @ DW_AT_decl_line
	.byte	20                              @ DW_AT_data_member_location
	.byte	8                               @ Abbrev [8] 0xac:0xd DW_TAG_member
	.long	.Linfo_string14                 @ DW_AT_name
	.long	524                             @ DW_AT_type
	.byte	3                               @ DW_AT_decl_file
	.short	722                             @ DW_AT_decl_line
	.byte	24                              @ DW_AT_data_member_location
	.byte	8                               @ Abbrev [8] 0xb9:0xd DW_TAG_member
	.long	.Linfo_string15                 @ DW_AT_name
	.long	547                             @ DW_AT_type
	.byte	3                               @ DW_AT_decl_file
	.short	723                             @ DW_AT_decl_line
	.byte	28                              @ DW_AT_data_member_location
	.byte	8                               @ Abbrev [8] 0xc6:0xd DW_TAG_member
	.long	.Linfo_string17                 @ DW_AT_name
	.long	524                             @ DW_AT_type
	.byte	3                               @ DW_AT_decl_file
	.short	724                             @ DW_AT_decl_line
	.byte	32                              @ DW_AT_data_member_location
	.byte	8                               @ Abbrev [8] 0xd3:0xd DW_TAG_member
	.long	.Linfo_string18                 @ DW_AT_name
	.long	571                             @ DW_AT_type
	.byte	3                               @ DW_AT_decl_file
	.short	725                             @ DW_AT_decl_line
	.byte	36                              @ DW_AT_data_member_location
	.byte	8                               @ Abbrev [8] 0xe0:0xd DW_TAG_member
	.long	.Linfo_string19                 @ DW_AT_name
	.long	524                             @ DW_AT_type
	.byte	3                               @ DW_AT_decl_file
	.short	726                             @ DW_AT_decl_line
	.byte	52                              @ DW_AT_data_member_location
	.byte	8                               @ Abbrev [8] 0xed:0xd DW_TAG_member
	.long	.Linfo_string20                 @ DW_AT_name
	.long	583                             @ DW_AT_type
	.byte	3                               @ DW_AT_decl_file
	.short	727                             @ DW_AT_decl_line
	.byte	56                              @ DW_AT_data_member_location
	.byte	8                               @ Abbrev [8] 0xfa:0xd DW_TAG_member
	.long	.Linfo_string21                 @ DW_AT_name
	.long	559                             @ DW_AT_type
	.byte	3                               @ DW_AT_decl_file
	.short	728                             @ DW_AT_decl_line
	.byte	80                              @ DW_AT_data_member_location
	.byte	8                               @ Abbrev [8] 0x107:0xd DW_TAG_member
	.long	.Linfo_string22                 @ DW_AT_name
	.long	595                             @ DW_AT_type
	.byte	3                               @ DW_AT_decl_file
	.short	729                             @ DW_AT_decl_line
	.byte	84                              @ DW_AT_data_member_location
	.byte	8                               @ Abbrev [8] 0x114:0xd DW_TAG_member
	.long	.Linfo_string23                 @ DW_AT_name
	.long	524                             @ DW_AT_type
	.byte	3                               @ DW_AT_decl_file
	.short	730                             @ DW_AT_decl_line
	.byte	96                              @ DW_AT_data_member_location
	.byte	8                               @ Abbrev [8] 0x121:0xd DW_TAG_member
	.long	.Linfo_string24                 @ DW_AT_name
	.long	595                             @ DW_AT_type
	.byte	3                               @ DW_AT_decl_file
	.short	731                             @ DW_AT_decl_line
	.byte	100                             @ DW_AT_data_member_location
	.byte	8                               @ Abbrev [8] 0x12e:0xd DW_TAG_member
	.long	.Linfo_string25                 @ DW_AT_name
	.long	524                             @ DW_AT_type
	.byte	3                               @ DW_AT_decl_file
	.short	732                             @ DW_AT_decl_line
	.byte	112                             @ DW_AT_data_member_location
	.byte	8                               @ Abbrev [8] 0x13b:0xd DW_TAG_member
	.long	.Linfo_string26                 @ DW_AT_name
	.long	524                             @ DW_AT_type
	.byte	3                               @ DW_AT_decl_file
	.short	733                             @ DW_AT_decl_line
	.byte	116                             @ DW_AT_data_member_location
	.byte	8                               @ Abbrev [8] 0x148:0xd DW_TAG_member
	.long	.Linfo_string27                 @ DW_AT_name
	.long	524                             @ DW_AT_type
	.byte	3                               @ DW_AT_decl_file
	.short	734                             @ DW_AT_decl_line
	.byte	120                             @ DW_AT_data_member_location
	.byte	8                               @ Abbrev [8] 0x155:0xd DW_TAG_member
	.long	.Linfo_string28                 @ DW_AT_name
	.long	524                             @ DW_AT_type
	.byte	3                               @ DW_AT_decl_file
	.short	735                             @ DW_AT_decl_line
	.byte	124                             @ DW_AT_data_member_location
	.byte	8                               @ Abbrev [8] 0x162:0xd DW_TAG_member
	.long	.Linfo_string29                 @ DW_AT_name
	.long	547                             @ DW_AT_type
	.byte	3                               @ DW_AT_decl_file
	.short	736                             @ DW_AT_decl_line
	.byte	128                             @ DW_AT_data_member_location
	.byte	8                               @ Abbrev [8] 0x16f:0xd DW_TAG_member
	.long	.Linfo_string30                 @ DW_AT_name
	.long	524                             @ DW_AT_type
	.byte	3                               @ DW_AT_decl_file
	.short	737                             @ DW_AT_decl_line
	.byte	132                             @ DW_AT_data_member_location
	.byte	8                               @ Abbrev [8] 0x17c:0xd DW_TAG_member
	.long	.Linfo_string31                 @ DW_AT_name
	.long	607                             @ DW_AT_type
	.byte	3                               @ DW_AT_decl_file
	.short	738                             @ DW_AT_decl_line
	.byte	136                             @ DW_AT_data_member_location
	.byte	8                               @ Abbrev [8] 0x189:0xd DW_TAG_member
	.long	.Linfo_string32                 @ DW_AT_name
	.long	524                             @ DW_AT_type
	.byte	3                               @ DW_AT_decl_file
	.short	739                             @ DW_AT_decl_line
	.byte	144                             @ DW_AT_data_member_location
	.byte	8                               @ Abbrev [8] 0x196:0xd DW_TAG_member
	.long	.Linfo_string33                 @ DW_AT_name
	.long	524                             @ DW_AT_type
	.byte	3                               @ DW_AT_decl_file
	.short	740                             @ DW_AT_decl_line
	.byte	148                             @ DW_AT_data_member_location
	.byte	8                               @ Abbrev [8] 0x1a3:0xd DW_TAG_member
	.long	.Linfo_string34                 @ DW_AT_name
	.long	547                             @ DW_AT_type
	.byte	3                               @ DW_AT_decl_file
	.short	741                             @ DW_AT_decl_line
	.byte	152                             @ DW_AT_data_member_location
	.byte	8                               @ Abbrev [8] 0x1b0:0xd DW_TAG_member
	.long	.Linfo_string35                 @ DW_AT_name
	.long	524                             @ DW_AT_type
	.byte	3                               @ DW_AT_decl_file
	.short	742                             @ DW_AT_decl_line
	.byte	156                             @ DW_AT_data_member_location
	.byte	8                               @ Abbrev [8] 0x1bd:0xd DW_TAG_member
	.long	.Linfo_string36                 @ DW_AT_name
	.long	524                             @ DW_AT_type
	.byte	3                               @ DW_AT_decl_file
	.short	743                             @ DW_AT_decl_line
	.byte	160                             @ DW_AT_data_member_location
	.byte	8                               @ Abbrev [8] 0x1ca:0xd DW_TAG_member
	.long	.Linfo_string37                 @ DW_AT_name
	.long	524                             @ DW_AT_type
	.byte	3                               @ DW_AT_decl_file
	.short	744                             @ DW_AT_decl_line
	.byte	164                             @ DW_AT_data_member_location
	.byte	8                               @ Abbrev [8] 0x1d7:0xd DW_TAG_member
	.long	.Linfo_string38                 @ DW_AT_name
	.long	524                             @ DW_AT_type
	.byte	3                               @ DW_AT_decl_file
	.short	745                             @ DW_AT_decl_line
	.byte	168                             @ DW_AT_data_member_location
	.byte	8                               @ Abbrev [8] 0x1e4:0xd DW_TAG_member
	.long	.Linfo_string39                 @ DW_AT_name
	.long	524                             @ DW_AT_type
	.byte	3                               @ DW_AT_decl_file
	.short	746                             @ DW_AT_decl_line
	.byte	172                             @ DW_AT_data_member_location
	.byte	8                               @ Abbrev [8] 0x1f1:0xd DW_TAG_member
	.long	.Linfo_string40                 @ DW_AT_name
	.long	524                             @ DW_AT_type
	.byte	3                               @ DW_AT_decl_file
	.short	747                             @ DW_AT_decl_line
	.byte	176                             @ DW_AT_data_member_location
	.byte	8                               @ Abbrev [8] 0x1fe:0xd DW_TAG_member
	.long	.Linfo_string41                 @ DW_AT_name
	.long	524                             @ DW_AT_type
	.byte	3                               @ DW_AT_decl_file
	.short	748                             @ DW_AT_decl_line
	.byte	180                             @ DW_AT_data_member_location
	.byte	0                               @ End Of Children Mark
	.byte	9                               @ Abbrev [9] 0x20c:0x5 DW_TAG_volatile_type
	.long	529                             @ DW_AT_type
	.byte	3                               @ Abbrev [3] 0x211:0xb DW_TAG_typedef
	.long	540                             @ DW_AT_type
	.long	.Linfo_string8                  @ DW_AT_name
	.byte	1                               @ DW_AT_decl_file
	.byte	64                              @ DW_AT_decl_line
	.byte	4                               @ Abbrev [4] 0x21c:0x7 DW_TAG_base_type
	.long	.Linfo_string7                  @ DW_AT_name
	.byte	7                               @ DW_AT_encoding
	.byte	4                               @ DW_AT_byte_size
	.byte	10                              @ Abbrev [10] 0x223:0xc DW_TAG_array_type
	.long	559                             @ DW_AT_type
	.byte	11                              @ Abbrev [11] 0x228:0x6 DW_TAG_subrange_type
	.long	564                             @ DW_AT_type
	.byte	1                               @ DW_AT_count
	.byte	0                               @ End Of Children Mark
	.byte	12                              @ Abbrev [12] 0x22f:0x5 DW_TAG_const_type
	.long	524                             @ DW_AT_type
	.byte	13                              @ Abbrev [13] 0x234:0x7 DW_TAG_base_type
	.long	.Linfo_string16                 @ DW_AT_name
	.byte	8                               @ DW_AT_byte_size
	.byte	7                               @ DW_AT_encoding
	.byte	10                              @ Abbrev [10] 0x23b:0xc DW_TAG_array_type
	.long	559                             @ DW_AT_type
	.byte	11                              @ Abbrev [11] 0x240:0x6 DW_TAG_subrange_type
	.long	564                             @ DW_AT_type
	.byte	4                               @ DW_AT_count
	.byte	0                               @ End Of Children Mark
	.byte	10                              @ Abbrev [10] 0x247:0xc DW_TAG_array_type
	.long	559                             @ DW_AT_type
	.byte	11                              @ Abbrev [11] 0x24c:0x6 DW_TAG_subrange_type
	.long	564                             @ DW_AT_type
	.byte	6                               @ DW_AT_count
	.byte	0                               @ End Of Children Mark
	.byte	10                              @ Abbrev [10] 0x253:0xc DW_TAG_array_type
	.long	559                             @ DW_AT_type
	.byte	11                              @ Abbrev [11] 0x258:0x6 DW_TAG_subrange_type
	.long	564                             @ DW_AT_type
	.byte	3                               @ DW_AT_count
	.byte	0                               @ End Of Children Mark
	.byte	10                              @ Abbrev [10] 0x25f:0xc DW_TAG_array_type
	.long	559                             @ DW_AT_type
	.byte	11                              @ Abbrev [11] 0x264:0x6 DW_TAG_subrange_type
	.long	564                             @ DW_AT_type
	.byte	2                               @ DW_AT_count
	.byte	0                               @ End Of Children Mark
	.byte	5                               @ Abbrev [5] 0x26b:0x5 DW_TAG_pointer_type
	.long	624                             @ DW_AT_type
	.byte	6                               @ Abbrev [6] 0x270:0xc DW_TAG_typedef
	.long	636                             @ DW_AT_type
	.long	.Linfo_string52                 @ DW_AT_name
	.byte	4                               @ DW_AT_decl_file
	.short	397                             @ DW_AT_decl_line
	.byte	14                              @ Abbrev [14] 0x27c:0x7b DW_TAG_structure_type
	.byte	40                              @ DW_AT_byte_size
	.byte	4                               @ DW_AT_decl_file
	.short	382                             @ DW_AT_decl_line
	.byte	8                               @ Abbrev [8] 0x281:0xd DW_TAG_member
	.long	.Linfo_string43                 @ DW_AT_name
	.long	559                             @ DW_AT_type
	.byte	4                               @ DW_AT_decl_file
	.short	384                             @ DW_AT_decl_line
	.byte	0                               @ DW_AT_data_member_location
	.byte	8                               @ Abbrev [8] 0x28e:0xd DW_TAG_member
	.long	.Linfo_string44                 @ DW_AT_name
	.long	524                             @ DW_AT_type
	.byte	4                               @ DW_AT_decl_file
	.short	385                             @ DW_AT_decl_line
	.byte	4                               @ DW_AT_data_member_location
	.byte	8                               @ Abbrev [8] 0x29b:0xd DW_TAG_member
	.long	.Linfo_string45                 @ DW_AT_name
	.long	524                             @ DW_AT_type
	.byte	4                               @ DW_AT_decl_file
	.short	387                             @ DW_AT_decl_line
	.byte	8                               @ DW_AT_data_member_location
	.byte	8                               @ Abbrev [8] 0x2a8:0xd DW_TAG_member
	.long	.Linfo_string46                 @ DW_AT_name
	.long	524                             @ DW_AT_type
	.byte	4                               @ DW_AT_decl_file
	.short	391                             @ DW_AT_decl_line
	.byte	12                              @ DW_AT_data_member_location
	.byte	8                               @ Abbrev [8] 0x2b5:0xd DW_TAG_member
	.long	.Linfo_string47                 @ DW_AT_name
	.long	524                             @ DW_AT_type
	.byte	4                               @ DW_AT_decl_file
	.short	392                             @ DW_AT_decl_line
	.byte	16                              @ DW_AT_data_member_location
	.byte	8                               @ Abbrev [8] 0x2c2:0xd DW_TAG_member
	.long	.Linfo_string48                 @ DW_AT_name
	.long	524                             @ DW_AT_type
	.byte	4                               @ DW_AT_decl_file
	.short	393                             @ DW_AT_decl_line
	.byte	20                              @ DW_AT_data_member_location
	.byte	8                               @ Abbrev [8] 0x2cf:0xd DW_TAG_member
	.long	.Linfo_string49                 @ DW_AT_name
	.long	529                             @ DW_AT_type
	.byte	4                               @ DW_AT_decl_file
	.short	394                             @ DW_AT_decl_line
	.byte	24                              @ DW_AT_data_member_location
	.byte	8                               @ Abbrev [8] 0x2dc:0xd DW_TAG_member
	.long	.Linfo_string50                 @ DW_AT_name
	.long	759                             @ DW_AT_type
	.byte	4                               @ DW_AT_decl_file
	.short	395                             @ DW_AT_decl_line
	.byte	28                              @ DW_AT_data_member_location
	.byte	8                               @ Abbrev [8] 0x2e9:0xd DW_TAG_member
	.long	.Linfo_string51                 @ DW_AT_name
	.long	524                             @ DW_AT_type
	.byte	4                               @ DW_AT_decl_file
	.short	396                             @ DW_AT_decl_line
	.byte	36                              @ DW_AT_data_member_location
	.byte	0                               @ End Of Children Mark
	.byte	10                              @ Abbrev [10] 0x2f7:0xc DW_TAG_array_type
	.long	524                             @ DW_AT_type
	.byte	11                              @ Abbrev [11] 0x2fc:0x6 DW_TAG_subrange_type
	.long	564                             @ DW_AT_type
	.byte	2                               @ DW_AT_count
	.byte	0                               @ End Of Children Mark
	.byte	5                               @ Abbrev [5] 0x303:0x5 DW_TAG_pointer_type
	.long	776                             @ DW_AT_type
	.byte	6                               @ Abbrev [6] 0x308:0xc DW_TAG_typedef
	.long	788                             @ DW_AT_type
	.long	.Linfo_string57                 @ DW_AT_name
	.byte	4                               @ DW_AT_decl_file
	.short	565                             @ DW_AT_decl_line
	.byte	14                              @ Abbrev [14] 0x314:0x3a DW_TAG_structure_type
	.byte	16                              @ DW_AT_byte_size
	.byte	4                               @ DW_AT_decl_file
	.short	559                             @ DW_AT_decl_line
	.byte	8                               @ Abbrev [8] 0x319:0xd DW_TAG_member
	.long	.Linfo_string53                 @ DW_AT_name
	.long	524                             @ DW_AT_type
	.byte	4                               @ DW_AT_decl_file
	.short	561                             @ DW_AT_decl_line
	.byte	0                               @ DW_AT_data_member_location
	.byte	8                               @ Abbrev [8] 0x326:0xd DW_TAG_member
	.long	.Linfo_string54                 @ DW_AT_name
	.long	524                             @ DW_AT_type
	.byte	4                               @ DW_AT_decl_file
	.short	562                             @ DW_AT_decl_line
	.byte	4                               @ DW_AT_data_member_location
	.byte	8                               @ Abbrev [8] 0x333:0xd DW_TAG_member
	.long	.Linfo_string55                 @ DW_AT_name
	.long	524                             @ DW_AT_type
	.byte	4                               @ DW_AT_decl_file
	.short	563                             @ DW_AT_decl_line
	.byte	8                               @ DW_AT_data_member_location
	.byte	8                               @ Abbrev [8] 0x340:0xd DW_TAG_member
	.long	.Linfo_string56                 @ DW_AT_name
	.long	559                             @ DW_AT_type
	.byte	4                               @ DW_AT_decl_file
	.short	564                             @ DW_AT_decl_line
	.byte	12                              @ DW_AT_data_member_location
	.byte	0                               @ End Of Children Mark
	.byte	5                               @ Abbrev [5] 0x34e:0x5 DW_TAG_pointer_type
	.long	851                             @ DW_AT_type
	.byte	3                               @ Abbrev [3] 0x353:0xb DW_TAG_typedef
	.long	862                             @ DW_AT_type
	.long	.Linfo_string65                 @ DW_AT_name
	.byte	5                               @ DW_AT_decl_file
	.byte	206                             @ DW_AT_decl_line
	.byte	7                               @ Abbrev [7] 0x35e:0x71 DW_TAG_structure_type
	.byte	80                              @ DW_AT_byte_size
	.byte	5                               @ DW_AT_decl_file
	.byte	26                              @ DW_AT_decl_line
	.byte	15                              @ Abbrev [15] 0x362:0xc DW_TAG_member
	.long	.Linfo_string58                 @ DW_AT_name
	.long	524                             @ DW_AT_type
	.byte	5                               @ DW_AT_decl_file
	.byte	196                             @ DW_AT_decl_line
	.byte	0                               @ DW_AT_data_member_location
	.byte	15                              @ Abbrev [15] 0x36e:0xc DW_TAG_member
	.long	.Linfo_string59                 @ DW_AT_name
	.long	524                             @ DW_AT_type
	.byte	5                               @ DW_AT_decl_file
	.byte	197                             @ DW_AT_decl_line
	.byte	4                               @ DW_AT_data_member_location
	.byte	15                              @ Abbrev [15] 0x37a:0xc DW_TAG_member
	.long	.Linfo_string60                 @ DW_AT_name
	.long	524                             @ DW_AT_type
	.byte	5                               @ DW_AT_decl_file
	.byte	198                             @ DW_AT_decl_line
	.byte	8                               @ DW_AT_data_member_location
	.byte	15                              @ Abbrev [15] 0x386:0xc DW_TAG_member
	.long	.Linfo_string61                 @ DW_AT_name
	.long	524                             @ DW_AT_type
	.byte	5                               @ DW_AT_decl_file
	.byte	199                             @ DW_AT_decl_line
	.byte	12                              @ DW_AT_data_member_location
	.byte	15                              @ Abbrev [15] 0x392:0xc DW_TAG_member
	.long	.Linfo_string62                 @ DW_AT_name
	.long	524                             @ DW_AT_type
	.byte	5                               @ DW_AT_decl_file
	.byte	200                             @ DW_AT_decl_line
	.byte	16                              @ DW_AT_data_member_location
	.byte	15                              @ Abbrev [15] 0x39e:0xc DW_TAG_member
	.long	.Linfo_string15                 @ DW_AT_name
	.long	975                             @ DW_AT_type
	.byte	5                               @ DW_AT_decl_file
	.byte	201                             @ DW_AT_decl_line
	.byte	20                              @ DW_AT_data_member_location
	.byte	15                              @ Abbrev [15] 0x3aa:0xc DW_TAG_member
	.long	.Linfo_string63                 @ DW_AT_name
	.long	524                             @ DW_AT_type
	.byte	5                               @ DW_AT_decl_file
	.byte	202                             @ DW_AT_decl_line
	.byte	64                              @ DW_AT_data_member_location
	.byte	15                              @ Abbrev [15] 0x3b6:0xc DW_TAG_member
	.long	.Linfo_string18                 @ DW_AT_name
	.long	607                             @ DW_AT_type
	.byte	5                               @ DW_AT_decl_file
	.byte	203                             @ DW_AT_decl_line
	.byte	68                              @ DW_AT_data_member_location
	.byte	15                              @ Abbrev [15] 0x3c2:0xc DW_TAG_member
	.long	.Linfo_string64                 @ DW_AT_name
	.long	524                             @ DW_AT_type
	.byte	5                               @ DW_AT_decl_file
	.byte	204                             @ DW_AT_decl_line
	.byte	76                              @ DW_AT_data_member_location
	.byte	0                               @ End Of Children Mark
	.byte	10                              @ Abbrev [10] 0x3cf:0xc DW_TAG_array_type
	.long	559                             @ DW_AT_type
	.byte	11                              @ Abbrev [11] 0x3d4:0x6 DW_TAG_subrange_type
	.long	564                             @ DW_AT_type
	.byte	11                              @ DW_AT_count
	.byte	0                               @ End Of Children Mark
	.byte	5                               @ Abbrev [5] 0x3db:0x5 DW_TAG_pointer_type
	.long	992                             @ DW_AT_type
	.byte	6                               @ Abbrev [6] 0x3e0:0xc DW_TAG_typedef
	.long	1004                            @ DW_AT_type
	.long	.Linfo_string67                 @ DW_AT_name
	.byte	6                               @ DW_AT_decl_file
	.short	363                             @ DW_AT_decl_line
	.byte	9                               @ Abbrev [9] 0x3ec:0x5 DW_TAG_volatile_type
	.long	1009                            @ DW_AT_type
	.byte	4                               @ Abbrev [4] 0x3f1:0x7 DW_TAG_base_type
	.long	.Linfo_string66                 @ DW_AT_name
	.byte	7                               @ DW_AT_encoding
	.byte	4                               @ DW_AT_byte_size
	.byte	5                               @ Abbrev [5] 0x3f8:0x5 DW_TAG_pointer_type
	.long	524                             @ DW_AT_type
	.byte	5                               @ Abbrev [5] 0x3fd:0x5 DW_TAG_pointer_type
	.long	529                             @ DW_AT_type
	.byte	5                               @ Abbrev [5] 0x402:0x5 DW_TAG_pointer_type
	.long	1031                            @ DW_AT_type
	.byte	9                               @ Abbrev [9] 0x407:0x5 DW_TAG_volatile_type
	.long	540                             @ DW_AT_type
	.byte	16                              @ Abbrev [16] 0x40c:0x11 DW_TAG_subprogram
	.long	.Lfunc_begin0                   @ DW_AT_low_pc
	.long	.Lfunc_end0-.Lfunc_begin0       @ DW_AT_high_pc
	.byte	1                               @ DW_AT_frame_base
	.byte	93
                                        @ DW_AT_GNU_all_call_sites
	.long	.Linfo_string76                 @ DW_AT_name
	.byte	2                               @ DW_AT_decl_file
	.byte	32                              @ DW_AT_decl_line
                                        @ DW_AT_prototyped
                                        @ DW_AT_external
	.byte	17                              @ Abbrev [17] 0x41d:0x3d DW_TAG_subprogram
	.long	.Lfunc_begin1                   @ DW_AT_low_pc
	.long	.Lfunc_end1-.Lfunc_begin1       @ DW_AT_high_pc
	.byte	1                               @ DW_AT_frame_base
	.byte	93
                                        @ DW_AT_GNU_all_call_sites
	.long	.Linfo_string77                 @ DW_AT_name
	.byte	2                               @ DW_AT_decl_file
	.byte	55                              @ DW_AT_decl_line
                                        @ DW_AT_prototyped
                                        @ DW_AT_external
	.byte	18                              @ Abbrev [18] 0x42e:0xd DW_TAG_formal_parameter
	.byte	1                               @ DW_AT_location
	.byte	80
	.long	.Linfo_string69                 @ DW_AT_name
	.byte	2                               @ DW_AT_decl_file
	.byte	55                              @ DW_AT_decl_line
	.long	529                             @ DW_AT_type
	.byte	19                              @ Abbrev [19] 0x43b:0xf DW_TAG_formal_parameter
	.long	.Ldebug_loc0                    @ DW_AT_location
	.long	.Linfo_string70                 @ DW_AT_name
	.byte	2                               @ DW_AT_decl_file
	.byte	55                              @ DW_AT_decl_line
	.long	529                             @ DW_AT_type
	.byte	19                              @ Abbrev [19] 0x44a:0xf DW_TAG_formal_parameter
	.long	.Ldebug_loc1                    @ DW_AT_location
	.long	.Linfo_string101                @ DW_AT_name
	.byte	2                               @ DW_AT_decl_file
	.byte	55                              @ DW_AT_decl_line
	.long	529                             @ DW_AT_type
	.byte	0                               @ End Of Children Mark
	.byte	17                              @ Abbrev [17] 0x45a:0x20 DW_TAG_subprogram
	.long	.Lfunc_begin2                   @ DW_AT_low_pc
	.long	.Lfunc_end2-.Lfunc_begin2       @ DW_AT_high_pc
	.byte	1                               @ DW_AT_frame_base
	.byte	93
                                        @ DW_AT_GNU_all_call_sites
	.long	.Linfo_string78                 @ DW_AT_name
	.byte	2                               @ DW_AT_decl_file
	.byte	74                              @ DW_AT_decl_line
                                        @ DW_AT_prototyped
                                        @ DW_AT_external
	.byte	20                              @ Abbrev [20] 0x46b:0xe DW_TAG_variable
	.byte	2                               @ DW_AT_location
	.byte	145
	.byte	0
	.long	.Linfo_string102                @ DW_AT_name
	.byte	2                               @ DW_AT_decl_file
	.byte	76                              @ DW_AT_decl_line
	.long	524                             @ DW_AT_type
	.byte	0                               @ End Of Children Mark
	.byte	16                              @ Abbrev [16] 0x47a:0x11 DW_TAG_subprogram
	.long	.Lfunc_begin3                   @ DW_AT_low_pc
	.long	.Lfunc_end3-.Lfunc_begin3       @ DW_AT_high_pc
	.byte	1                               @ DW_AT_frame_base
	.byte	93
                                        @ DW_AT_GNU_all_call_sites
	.long	.Linfo_string79                 @ DW_AT_name
	.byte	2                               @ DW_AT_decl_file
	.byte	105                             @ DW_AT_decl_line
                                        @ DW_AT_prototyped
                                        @ DW_AT_external
	.byte	21                              @ Abbrev [21] 0x48b:0x15 DW_TAG_subprogram
	.long	.Lfunc_begin4                   @ DW_AT_low_pc
	.long	.Lfunc_end4-.Lfunc_begin4       @ DW_AT_high_pc
	.byte	1                               @ DW_AT_frame_base
	.byte	93
                                        @ DW_AT_GNU_all_call_sites
	.long	.Linfo_string80                 @ DW_AT_name
	.byte	2                               @ DW_AT_decl_file
	.byte	124                             @ DW_AT_decl_line
                                        @ DW_AT_prototyped
	.long	529                             @ DW_AT_type
                                        @ DW_AT_external
	.byte	21                              @ Abbrev [21] 0x4a0:0x15 DW_TAG_subprogram
	.long	.Lfunc_begin5                   @ DW_AT_low_pc
	.long	.Lfunc_end5-.Lfunc_begin5       @ DW_AT_high_pc
	.byte	1                               @ DW_AT_frame_base
	.byte	93
                                        @ DW_AT_GNU_all_call_sites
	.long	.Linfo_string81                 @ DW_AT_name
	.byte	2                               @ DW_AT_decl_file
	.byte	139                             @ DW_AT_decl_line
                                        @ DW_AT_prototyped
	.long	529                             @ DW_AT_type
                                        @ DW_AT_external
	.byte	22                              @ Abbrev [22] 0x4b5:0x25 DW_TAG_subprogram
	.long	.Lfunc_begin6                   @ DW_AT_low_pc
	.long	.Lfunc_end6-.Lfunc_begin6       @ DW_AT_high_pc
	.byte	1                               @ DW_AT_frame_base
	.byte	93
                                        @ DW_AT_GNU_all_call_sites
	.long	.Linfo_string82                 @ DW_AT_name
	.byte	2                               @ DW_AT_decl_file
	.byte	151                             @ DW_AT_decl_line
                                        @ DW_AT_prototyped
	.long	529                             @ DW_AT_type
                                        @ DW_AT_external
	.byte	23                              @ Abbrev [23] 0x4ca:0xf DW_TAG_variable
	.long	.Ldebug_loc2                    @ DW_AT_location
	.long	.Linfo_string103                @ DW_AT_name
	.byte	2                               @ DW_AT_decl_file
	.byte	153                             @ DW_AT_decl_line
	.long	529                             @ DW_AT_type
	.byte	0                               @ End Of Children Mark
	.byte	22                              @ Abbrev [22] 0x4da:0x25 DW_TAG_subprogram
	.long	.Lfunc_begin7                   @ DW_AT_low_pc
	.long	.Lfunc_end7-.Lfunc_begin7       @ DW_AT_high_pc
	.byte	1                               @ DW_AT_frame_base
	.byte	93
                                        @ DW_AT_GNU_all_call_sites
	.long	.Linfo_string83                 @ DW_AT_name
	.byte	2                               @ DW_AT_decl_file
	.byte	166                             @ DW_AT_decl_line
                                        @ DW_AT_prototyped
	.long	529                             @ DW_AT_type
                                        @ DW_AT_external
	.byte	23                              @ Abbrev [23] 0x4ef:0xf DW_TAG_variable
	.long	.Ldebug_loc3                    @ DW_AT_location
	.long	.Linfo_string104                @ DW_AT_name
	.byte	2                               @ DW_AT_decl_file
	.byte	168                             @ DW_AT_decl_line
	.long	529                             @ DW_AT_type
	.byte	0                               @ End Of Children Mark
	.byte	22                              @ Abbrev [22] 0x4ff:0x25 DW_TAG_subprogram
	.long	.Lfunc_begin8                   @ DW_AT_low_pc
	.long	.Lfunc_end8-.Lfunc_begin8       @ DW_AT_high_pc
	.byte	1                               @ DW_AT_frame_base
	.byte	93
                                        @ DW_AT_GNU_all_call_sites
	.long	.Linfo_string84                 @ DW_AT_name
	.byte	2                               @ DW_AT_decl_file
	.byte	181                             @ DW_AT_decl_line
                                        @ DW_AT_prototyped
	.long	529                             @ DW_AT_type
                                        @ DW_AT_external
	.byte	23                              @ Abbrev [23] 0x514:0xf DW_TAG_variable
	.long	.Ldebug_loc4                    @ DW_AT_location
	.long	.Linfo_string105                @ DW_AT_name
	.byte	2                               @ DW_AT_decl_file
	.byte	183                             @ DW_AT_decl_line
	.long	529                             @ DW_AT_type
	.byte	0                               @ End Of Children Mark
	.byte	21                              @ Abbrev [21] 0x524:0x15 DW_TAG_subprogram
	.long	.Lfunc_begin9                   @ DW_AT_low_pc
	.long	.Lfunc_end9-.Lfunc_begin9       @ DW_AT_high_pc
	.byte	1                               @ DW_AT_frame_base
	.byte	93
                                        @ DW_AT_GNU_all_call_sites
	.long	.Linfo_string85                 @ DW_AT_name
	.byte	2                               @ DW_AT_decl_file
	.byte	196                             @ DW_AT_decl_line
                                        @ DW_AT_prototyped
	.long	529                             @ DW_AT_type
                                        @ DW_AT_external
	.byte	24                              @ Abbrev [24] 0x539:0x2a DW_TAG_subprogram
	.long	.Linfo_string68                 @ DW_AT_name
	.byte	2                               @ DW_AT_decl_file
	.byte	239                             @ DW_AT_decl_line
                                        @ DW_AT_prototyped
                                        @ DW_AT_external
	.byte	1                               @ DW_AT_inline
	.byte	25                              @ Abbrev [25] 0x541:0xb DW_TAG_formal_parameter
	.long	.Linfo_string69                 @ DW_AT_name
	.byte	2                               @ DW_AT_decl_file
	.byte	239                             @ DW_AT_decl_line
	.long	529                             @ DW_AT_type
	.byte	25                              @ Abbrev [25] 0x54c:0xb DW_TAG_formal_parameter
	.long	.Linfo_string70                 @ DW_AT_name
	.byte	2                               @ DW_AT_decl_file
	.byte	239                             @ DW_AT_decl_line
	.long	529                             @ DW_AT_type
	.byte	26                              @ Abbrev [26] 0x557:0xb DW_TAG_variable
	.long	.Linfo_string71                 @ DW_AT_name
	.byte	2                               @ DW_AT_decl_file
	.byte	241                             @ DW_AT_decl_line
	.long	529                             @ DW_AT_type
	.byte	0                               @ End Of Children Mark
	.byte	27                              @ Abbrev [27] 0x563:0x32 DW_TAG_subprogram
	.long	.Linfo_string72                 @ DW_AT_name
	.byte	2                               @ DW_AT_decl_file
	.short	506                             @ DW_AT_decl_line
                                        @ DW_AT_prototyped
	.long	529                             @ DW_AT_type
                                        @ DW_AT_external
	.byte	1                               @ DW_AT_inline
	.byte	28                              @ Abbrev [28] 0x570:0xc DW_TAG_formal_parameter
	.long	.Linfo_string73                 @ DW_AT_name
	.byte	2                               @ DW_AT_decl_file
	.short	506                             @ DW_AT_decl_line
	.long	529                             @ DW_AT_type
	.byte	29                              @ Abbrev [29] 0x57c:0xc DW_TAG_variable
	.long	.Linfo_string74                 @ DW_AT_name
	.byte	2                               @ DW_AT_decl_file
	.short	511                             @ DW_AT_decl_line
	.long	529                             @ DW_AT_type
	.byte	29                              @ Abbrev [29] 0x588:0xc DW_TAG_variable
	.long	.Linfo_string75                 @ DW_AT_name
	.byte	2                               @ DW_AT_decl_file
	.short	509                             @ DW_AT_decl_line
	.long	529                             @ DW_AT_type
	.byte	0                               @ End Of Children Mark
	.byte	22                              @ Abbrev [22] 0x595:0x74 DW_TAG_subprogram
	.long	.Lfunc_begin10                  @ DW_AT_low_pc
	.long	.Lfunc_end10-.Lfunc_begin10     @ DW_AT_high_pc
	.byte	1                               @ DW_AT_frame_base
	.byte	93
                                        @ DW_AT_GNU_all_call_sites
	.long	.Linfo_string86                 @ DW_AT_name
	.byte	2                               @ DW_AT_decl_file
	.byte	211                             @ DW_AT_decl_line
                                        @ DW_AT_prototyped
	.long	529                             @ DW_AT_type
                                        @ DW_AT_external
	.byte	30                              @ Abbrev [30] 0x5aa:0xf DW_TAG_formal_parameter
	.ascii	"\200\354\270\013"              @ DW_AT_const_value
	.long	.Linfo_string106                @ DW_AT_name
	.byte	2                               @ DW_AT_decl_file
	.byte	211                             @ DW_AT_decl_line
	.long	529                             @ DW_AT_type
	.byte	31                              @ Abbrev [31] 0x5b9:0x4f DW_TAG_inlined_subroutine
	.long	1337                            @ DW_AT_abstract_origin
	.long	.Ltmp44                         @ DW_AT_low_pc
	.long	.Ltmp64-.Ltmp44                 @ DW_AT_high_pc
	.byte	2                               @ DW_AT_call_file
	.byte	220                             @ DW_AT_call_line
	.byte	5                               @ DW_AT_call_column
	.byte	32                              @ Abbrev [32] 0x5c9:0x6 DW_TAG_formal_parameter
	.byte	5                               @ DW_AT_const_value
	.long	1345                            @ DW_AT_abstract_origin
	.byte	32                              @ Abbrev [32] 0x5cf:0x6 DW_TAG_formal_parameter
	.byte	0                               @ DW_AT_const_value
	.long	1356                            @ DW_AT_abstract_origin
	.byte	33                              @ Abbrev [33] 0x5d5:0x9 DW_TAG_variable
	.long	.Ldebug_loc5                    @ DW_AT_location
	.long	1367                            @ DW_AT_abstract_origin
	.byte	31                              @ Abbrev [31] 0x5de:0x29 DW_TAG_inlined_subroutine
	.long	1379                            @ DW_AT_abstract_origin
	.long	.Ltmp47                         @ DW_AT_low_pc
	.long	.Ltmp62-.Ltmp47                 @ DW_AT_high_pc
	.byte	2                               @ DW_AT_call_file
	.byte	251                             @ DW_AT_call_line
	.byte	5                               @ DW_AT_call_column
	.byte	34                              @ Abbrev [34] 0x5ee:0x9 DW_TAG_formal_parameter
	.long	.Ldebug_loc6                    @ DW_AT_location
	.long	1392                            @ DW_AT_abstract_origin
	.byte	35                              @ Abbrev [35] 0x5f7:0x6 DW_TAG_variable
	.byte	1                               @ DW_AT_const_value
	.long	1404                            @ DW_AT_abstract_origin
	.byte	33                              @ Abbrev [33] 0x5fd:0x9 DW_TAG_variable
	.long	.Ldebug_loc7                    @ DW_AT_location
	.long	1416                            @ DW_AT_abstract_origin
	.byte	0                               @ End Of Children Mark
	.byte	0                               @ End Of Children Mark
	.byte	0                               @ End Of Children Mark
	.byte	36                              @ Abbrev [36] 0x609:0x50 DW_TAG_subprogram
	.long	.Lfunc_begin11                  @ DW_AT_low_pc
	.long	.Lfunc_end11-.Lfunc_begin11     @ DW_AT_high_pc
	.byte	1                               @ DW_AT_frame_base
	.byte	93
                                        @ DW_AT_GNU_all_call_sites
	.long	1337                            @ DW_AT_abstract_origin
	.byte	34                              @ Abbrev [34] 0x618:0x9 DW_TAG_formal_parameter
	.long	.Ldebug_loc8                    @ DW_AT_location
	.long	1345                            @ DW_AT_abstract_origin
	.byte	34                              @ Abbrev [34] 0x621:0x9 DW_TAG_formal_parameter
	.long	.Ldebug_loc9                    @ DW_AT_location
	.long	1356                            @ DW_AT_abstract_origin
	.byte	33                              @ Abbrev [33] 0x62a:0x9 DW_TAG_variable
	.long	.Ldebug_loc11                   @ DW_AT_location
	.long	1367                            @ DW_AT_abstract_origin
	.byte	37                              @ Abbrev [37] 0x633:0x25 DW_TAG_inlined_subroutine
	.long	1379                            @ DW_AT_abstract_origin
	.long	.Ldebug_ranges0                 @ DW_AT_ranges
	.byte	2                               @ DW_AT_call_file
	.byte	251                             @ DW_AT_call_line
	.byte	5                               @ DW_AT_call_column
	.byte	34                              @ Abbrev [34] 0x63f:0x9 DW_TAG_formal_parameter
	.long	.Ldebug_loc10                   @ DW_AT_location
	.long	1392                            @ DW_AT_abstract_origin
	.byte	35                              @ Abbrev [35] 0x648:0x6 DW_TAG_variable
	.byte	1                               @ DW_AT_const_value
	.long	1404                            @ DW_AT_abstract_origin
	.byte	33                              @ Abbrev [33] 0x64e:0x9 DW_TAG_variable
	.long	.Ldebug_loc12                   @ DW_AT_location
	.long	1416                            @ DW_AT_abstract_origin
	.byte	0                               @ End Of Children Mark
	.byte	0                               @ End Of Children Mark
	.byte	36                              @ Abbrev [36] 0x659:0x28 DW_TAG_subprogram
	.long	.Lfunc_begin12                  @ DW_AT_low_pc
	.long	.Lfunc_end12-.Lfunc_begin12     @ DW_AT_high_pc
	.byte	1                               @ DW_AT_frame_base
	.byte	93
                                        @ DW_AT_GNU_all_call_sites
	.long	1379                            @ DW_AT_abstract_origin
	.byte	34                              @ Abbrev [34] 0x668:0x9 DW_TAG_formal_parameter
	.long	.Ldebug_loc13                   @ DW_AT_location
	.long	1392                            @ DW_AT_abstract_origin
	.byte	35                              @ Abbrev [35] 0x671:0x6 DW_TAG_variable
	.byte	1                               @ DW_AT_const_value
	.long	1404                            @ DW_AT_abstract_origin
	.byte	33                              @ Abbrev [33] 0x677:0x9 DW_TAG_variable
	.long	.Ldebug_loc14                   @ DW_AT_location
	.long	1416                            @ DW_AT_abstract_origin
	.byte	0                               @ End Of Children Mark
	.byte	38                              @ Abbrev [38] 0x681:0x79 DW_TAG_subprogram
	.long	.Lfunc_begin13                  @ DW_AT_low_pc
	.long	.Lfunc_end13-.Lfunc_begin13     @ DW_AT_high_pc
	.byte	1                               @ DW_AT_frame_base
	.byte	93
                                        @ DW_AT_GNU_all_call_sites
	.long	.Linfo_string87                 @ DW_AT_name
	.byte	2                               @ DW_AT_decl_file
	.short	327                             @ DW_AT_decl_line
                                        @ DW_AT_prototyped
                                        @ DW_AT_external
	.byte	39                              @ Abbrev [39] 0x693:0x10 DW_TAG_formal_parameter
	.long	.Ldebug_loc15                   @ DW_AT_location
	.long	.Linfo_string107                @ DW_AT_name
	.byte	2                               @ DW_AT_decl_file
	.short	327                             @ DW_AT_decl_line
	.long	529                             @ DW_AT_type
	.byte	40                              @ Abbrev [40] 0x6a3:0xe DW_TAG_formal_parameter
	.byte	1                               @ DW_AT_location
	.byte	81
	.long	.Linfo_string69                 @ DW_AT_name
	.byte	2                               @ DW_AT_decl_file
	.short	327                             @ DW_AT_decl_line
	.long	529                             @ DW_AT_type
	.byte	39                              @ Abbrev [39] 0x6b1:0x10 DW_TAG_formal_parameter
	.long	.Ldebug_loc16                   @ DW_AT_location
	.long	.Linfo_string70                 @ DW_AT_name
	.byte	2                               @ DW_AT_decl_file
	.short	327                             @ DW_AT_decl_line
	.long	529                             @ DW_AT_type
	.byte	41                              @ Abbrev [41] 0x6c1:0x10 DW_TAG_variable
	.long	.Ldebug_loc17                   @ DW_AT_location
	.long	.Linfo_string108                @ DW_AT_name
	.byte	2                               @ DW_AT_decl_file
	.short	329                             @ DW_AT_decl_line
	.long	529                             @ DW_AT_type
	.byte	41                              @ Abbrev [41] 0x6d1:0x10 DW_TAG_variable
	.long	.Ldebug_loc18                   @ DW_AT_location
	.long	.Linfo_string109                @ DW_AT_name
	.byte	2                               @ DW_AT_decl_file
	.short	329                             @ DW_AT_decl_line
	.long	529                             @ DW_AT_type
	.byte	29                              @ Abbrev [29] 0x6e1:0xc DW_TAG_variable
	.long	.Linfo_string110                @ DW_AT_name
	.byte	2                               @ DW_AT_decl_file
	.short	330                             @ DW_AT_decl_line
	.long	2547                            @ DW_AT_type
	.byte	29                              @ Abbrev [29] 0x6ed:0xc DW_TAG_variable
	.long	.Linfo_string111                @ DW_AT_name
	.byte	2                               @ DW_AT_decl_file
	.short	331                             @ DW_AT_decl_line
	.long	2547                            @ DW_AT_type
	.byte	0                               @ End Of Children Mark
	.byte	38                              @ Abbrev [38] 0x6fa:0x21 DW_TAG_subprogram
	.long	.Lfunc_begin14                  @ DW_AT_low_pc
	.long	.Lfunc_end14-.Lfunc_begin14     @ DW_AT_high_pc
	.byte	1                               @ DW_AT_frame_base
	.byte	93
                                        @ DW_AT_GNU_all_call_sites
	.long	.Linfo_string88                 @ DW_AT_name
	.byte	2                               @ DW_AT_decl_file
	.short	359                             @ DW_AT_decl_line
                                        @ DW_AT_prototyped
                                        @ DW_AT_external
	.byte	40                              @ Abbrev [40] 0x70c:0xe DW_TAG_formal_parameter
	.byte	1                               @ DW_AT_location
	.byte	80
	.long	.Linfo_string69                 @ DW_AT_name
	.byte	2                               @ DW_AT_decl_file
	.short	359                             @ DW_AT_decl_line
	.long	529                             @ DW_AT_type
	.byte	0                               @ End Of Children Mark
	.byte	38                              @ Abbrev [38] 0x71b:0x21 DW_TAG_subprogram
	.long	.Lfunc_begin15                  @ DW_AT_low_pc
	.long	.Lfunc_end15-.Lfunc_begin15     @ DW_AT_high_pc
	.byte	1                               @ DW_AT_frame_base
	.byte	93
                                        @ DW_AT_GNU_all_call_sites
	.long	.Linfo_string89                 @ DW_AT_name
	.byte	2                               @ DW_AT_decl_file
	.short	373                             @ DW_AT_decl_line
                                        @ DW_AT_prototyped
                                        @ DW_AT_external
	.byte	40                              @ Abbrev [40] 0x72d:0xe DW_TAG_formal_parameter
	.byte	1                               @ DW_AT_location
	.byte	80
	.long	.Linfo_string73                 @ DW_AT_name
	.byte	2                               @ DW_AT_decl_file
	.short	373                             @ DW_AT_decl_line
	.long	529                             @ DW_AT_type
	.byte	0                               @ End Of Children Mark
	.byte	38                              @ Abbrev [38] 0x73c:0x21 DW_TAG_subprogram
	.long	.Lfunc_begin16                  @ DW_AT_low_pc
	.long	.Lfunc_end16-.Lfunc_begin16     @ DW_AT_high_pc
	.byte	1                               @ DW_AT_frame_base
	.byte	93
                                        @ DW_AT_GNU_all_call_sites
	.long	.Linfo_string90                 @ DW_AT_name
	.byte	2                               @ DW_AT_decl_file
	.short	387                             @ DW_AT_decl_line
                                        @ DW_AT_prototyped
                                        @ DW_AT_external
	.byte	40                              @ Abbrev [40] 0x74e:0xe DW_TAG_formal_parameter
	.byte	1                               @ DW_AT_location
	.byte	80
	.long	.Linfo_string73                 @ DW_AT_name
	.byte	2                               @ DW_AT_decl_file
	.short	387                             @ DW_AT_decl_line
	.long	529                             @ DW_AT_type
	.byte	0                               @ End Of Children Mark
	.byte	38                              @ Abbrev [38] 0x75d:0x43 DW_TAG_subprogram
	.long	.Lfunc_begin17                  @ DW_AT_low_pc
	.long	.Lfunc_end17-.Lfunc_begin17     @ DW_AT_high_pc
	.byte	1                               @ DW_AT_frame_base
	.byte	93
                                        @ DW_AT_GNU_all_call_sites
	.long	.Linfo_string91                 @ DW_AT_name
	.byte	2                               @ DW_AT_decl_file
	.short	433                             @ DW_AT_decl_line
                                        @ DW_AT_prototyped
                                        @ DW_AT_external
	.byte	39                              @ Abbrev [39] 0x76f:0x10 DW_TAG_formal_parameter
	.long	.Ldebug_loc19                   @ DW_AT_location
	.long	.Linfo_string107                @ DW_AT_name
	.byte	2                               @ DW_AT_decl_file
	.short	433                             @ DW_AT_decl_line
	.long	529                             @ DW_AT_type
	.byte	41                              @ Abbrev [41] 0x77f:0x10 DW_TAG_variable
	.long	.Ldebug_loc20                   @ DW_AT_location
	.long	.Linfo_string112                @ DW_AT_name
	.byte	2                               @ DW_AT_decl_file
	.short	435                             @ DW_AT_decl_line
	.long	529                             @ DW_AT_type
	.byte	41                              @ Abbrev [41] 0x78f:0x10 DW_TAG_variable
	.long	.Ldebug_loc21                   @ DW_AT_location
	.long	.Linfo_string113                @ DW_AT_name
	.byte	2                               @ DW_AT_decl_file
	.short	435                             @ DW_AT_decl_line
	.long	529                             @ DW_AT_type
	.byte	0                               @ End Of Children Mark
	.byte	38                              @ Abbrev [38] 0x7a0:0x43 DW_TAG_subprogram
	.long	.Lfunc_begin18                  @ DW_AT_low_pc
	.long	.Lfunc_end18-.Lfunc_begin18     @ DW_AT_high_pc
	.byte	1                               @ DW_AT_frame_base
	.byte	93
                                        @ DW_AT_GNU_all_call_sites
	.long	.Linfo_string92                 @ DW_AT_name
	.byte	2                               @ DW_AT_decl_file
	.short	485                             @ DW_AT_decl_line
                                        @ DW_AT_prototyped
                                        @ DW_AT_external
	.byte	39                              @ Abbrev [39] 0x7b2:0x10 DW_TAG_formal_parameter
	.long	.Ldebug_loc22                   @ DW_AT_location
	.long	.Linfo_string107                @ DW_AT_name
	.byte	2                               @ DW_AT_decl_file
	.short	485                             @ DW_AT_decl_line
	.long	529                             @ DW_AT_type
	.byte	41                              @ Abbrev [41] 0x7c2:0x10 DW_TAG_variable
	.long	.Ldebug_loc23                   @ DW_AT_location
	.long	.Linfo_string112                @ DW_AT_name
	.byte	2                               @ DW_AT_decl_file
	.short	487                             @ DW_AT_decl_line
	.long	529                             @ DW_AT_type
	.byte	41                              @ Abbrev [41] 0x7d2:0x10 DW_TAG_variable
	.long	.Ldebug_loc24                   @ DW_AT_location
	.long	.Linfo_string113                @ DW_AT_name
	.byte	2                               @ DW_AT_decl_file
	.short	487                             @ DW_AT_decl_line
	.long	529                             @ DW_AT_type
	.byte	0                               @ End Of Children Mark
	.byte	38                              @ Abbrev [38] 0x7e3:0x33 DW_TAG_subprogram
	.long	.Lfunc_begin19                  @ DW_AT_low_pc
	.long	.Lfunc_end19-.Lfunc_begin19     @ DW_AT_high_pc
	.byte	1                               @ DW_AT_frame_base
	.byte	93
                                        @ DW_AT_GNU_all_call_sites
	.long	.Linfo_string93                 @ DW_AT_name
	.byte	2                               @ DW_AT_decl_file
	.short	542                             @ DW_AT_decl_line
                                        @ DW_AT_prototyped
                                        @ DW_AT_external
	.byte	39                              @ Abbrev [39] 0x7f5:0x10 DW_TAG_formal_parameter
	.long	.Ldebug_loc25                   @ DW_AT_location
	.long	.Linfo_string69                 @ DW_AT_name
	.byte	2                               @ DW_AT_decl_file
	.short	542                             @ DW_AT_decl_line
	.long	529                             @ DW_AT_type
	.byte	39                              @ Abbrev [39] 0x805:0x10 DW_TAG_formal_parameter
	.long	.Ldebug_loc26                   @ DW_AT_location
	.long	.Linfo_string114                @ DW_AT_name
	.byte	2                               @ DW_AT_decl_file
	.short	542                             @ DW_AT_decl_line
	.long	529                             @ DW_AT_type
	.byte	0                               @ End Of Children Mark
	.byte	42                              @ Abbrev [42] 0x816:0x12 DW_TAG_subprogram
	.long	.Lfunc_begin20                  @ DW_AT_low_pc
	.long	.Lfunc_end20-.Lfunc_begin20     @ DW_AT_high_pc
	.byte	1                               @ DW_AT_frame_base
	.byte	93
                                        @ DW_AT_GNU_all_call_sites
	.long	.Linfo_string94                 @ DW_AT_name
	.byte	2                               @ DW_AT_decl_file
	.short	574                             @ DW_AT_decl_line
                                        @ DW_AT_prototyped
                                        @ DW_AT_external
	.byte	43                              @ Abbrev [43] 0x828:0x37 DW_TAG_subprogram
	.long	.Lfunc_begin21                  @ DW_AT_low_pc
	.long	.Lfunc_end21-.Lfunc_begin21     @ DW_AT_high_pc
	.byte	1                               @ DW_AT_frame_base
	.byte	93
                                        @ DW_AT_GNU_all_call_sites
	.long	.Linfo_string95                 @ DW_AT_name
	.byte	2                               @ DW_AT_decl_file
	.short	589                             @ DW_AT_decl_line
                                        @ DW_AT_prototyped
	.long	55                              @ DW_AT_type
                                        @ DW_AT_external
	.byte	39                              @ Abbrev [39] 0x83e:0x10 DW_TAG_formal_parameter
	.long	.Ldebug_loc27                   @ DW_AT_location
	.long	.Linfo_string115                @ DW_AT_name
	.byte	2                               @ DW_AT_decl_file
	.short	589                             @ DW_AT_decl_line
	.long	529                             @ DW_AT_type
	.byte	41                              @ Abbrev [41] 0x84e:0x10 DW_TAG_variable
	.long	.Ldebug_loc28                   @ DW_AT_location
	.long	.Linfo_string75                 @ DW_AT_name
	.byte	2                               @ DW_AT_decl_file
	.short	591                             @ DW_AT_decl_line
	.long	529                             @ DW_AT_type
	.byte	0                               @ End Of Children Mark
	.byte	43                              @ Abbrev [43] 0x85f:0x67 DW_TAG_subprogram
	.long	.Lfunc_begin22                  @ DW_AT_low_pc
	.long	.Lfunc_end22-.Lfunc_begin22     @ DW_AT_high_pc
	.byte	1                               @ DW_AT_frame_base
	.byte	93
                                        @ DW_AT_GNU_all_call_sites
	.long	.Linfo_string96                 @ DW_AT_name
	.byte	2                               @ DW_AT_decl_file
	.short	625                             @ DW_AT_decl_line
                                        @ DW_AT_prototyped
	.long	55                              @ DW_AT_type
                                        @ DW_AT_external
	.byte	39                              @ Abbrev [39] 0x875:0x10 DW_TAG_formal_parameter
	.long	.Ldebug_loc29                   @ DW_AT_location
	.long	.Linfo_string116                @ DW_AT_name
	.byte	2                               @ DW_AT_decl_file
	.short	625                             @ DW_AT_decl_line
	.long	529                             @ DW_AT_type
	.byte	41                              @ Abbrev [41] 0x885:0x10 DW_TAG_variable
	.long	.Ldebug_loc30                   @ DW_AT_location
	.long	.Linfo_string117                @ DW_AT_name
	.byte	2                               @ DW_AT_decl_file
	.short	628                             @ DW_AT_decl_line
	.long	529                             @ DW_AT_type
	.byte	41                              @ Abbrev [41] 0x895:0x10 DW_TAG_variable
	.long	.Ldebug_loc31                   @ DW_AT_location
	.long	.Linfo_string118                @ DW_AT_name
	.byte	2                               @ DW_AT_decl_file
	.short	628                             @ DW_AT_decl_line
	.long	529                             @ DW_AT_type
	.byte	41                              @ Abbrev [41] 0x8a5:0x10 DW_TAG_variable
	.long	.Ldebug_loc32                   @ DW_AT_location
	.long	.Linfo_string119                @ DW_AT_name
	.byte	2                               @ DW_AT_decl_file
	.short	628                             @ DW_AT_decl_line
	.long	529                             @ DW_AT_type
	.byte	41                              @ Abbrev [41] 0x8b5:0x10 DW_TAG_variable
	.long	.Ldebug_loc33                   @ DW_AT_location
	.long	.Linfo_string75                 @ DW_AT_name
	.byte	2                               @ DW_AT_decl_file
	.short	627                             @ DW_AT_decl_line
	.long	529                             @ DW_AT_type
	.byte	0                               @ End Of Children Mark
	.byte	44                              @ Abbrev [44] 0x8c6:0x16 DW_TAG_subprogram
	.long	.Lfunc_begin23                  @ DW_AT_low_pc
	.long	.Lfunc_end23-.Lfunc_begin23     @ DW_AT_high_pc
	.byte	1                               @ DW_AT_frame_base
	.byte	93
                                        @ DW_AT_GNU_all_call_sites
	.long	.Linfo_string97                 @ DW_AT_name
	.byte	2                               @ DW_AT_decl_file
	.short	671                             @ DW_AT_decl_line
                                        @ DW_AT_prototyped
	.long	529                             @ DW_AT_type
                                        @ DW_AT_external
	.byte	38                              @ Abbrev [38] 0x8dc:0x71 DW_TAG_subprogram
	.long	.Lfunc_begin24                  @ DW_AT_low_pc
	.long	.Lfunc_end24-.Lfunc_begin24     @ DW_AT_high_pc
	.byte	1                               @ DW_AT_frame_base
	.byte	93
                                        @ DW_AT_GNU_all_call_sites
	.long	.Linfo_string98                 @ DW_AT_name
	.byte	2                               @ DW_AT_decl_file
	.short	689                             @ DW_AT_decl_line
                                        @ DW_AT_prototyped
                                        @ DW_AT_external
	.byte	39                              @ Abbrev [39] 0x8ee:0x10 DW_TAG_formal_parameter
	.long	.Ldebug_loc34                   @ DW_AT_location
	.long	.Linfo_string120                @ DW_AT_name
	.byte	2                               @ DW_AT_decl_file
	.short	689                             @ DW_AT_decl_line
	.long	529                             @ DW_AT_type
	.byte	39                              @ Abbrev [39] 0x8fe:0x10 DW_TAG_formal_parameter
	.long	.Ldebug_loc35                   @ DW_AT_location
	.long	.Linfo_string121                @ DW_AT_name
	.byte	2                               @ DW_AT_decl_file
	.short	689                             @ DW_AT_decl_line
	.long	529                             @ DW_AT_type
	.byte	39                              @ Abbrev [39] 0x90e:0x10 DW_TAG_formal_parameter
	.long	.Ldebug_loc36                   @ DW_AT_location
	.long	.Linfo_string116                @ DW_AT_name
	.byte	2                               @ DW_AT_decl_file
	.short	689                             @ DW_AT_decl_line
	.long	529                             @ DW_AT_type
	.byte	40                              @ Abbrev [40] 0x91e:0xe DW_TAG_formal_parameter
	.byte	1                               @ DW_AT_location
	.byte	83
	.long	.Linfo_string122                @ DW_AT_name
	.byte	2                               @ DW_AT_decl_file
	.short	689                             @ DW_AT_decl_line
	.long	529                             @ DW_AT_type
	.byte	41                              @ Abbrev [41] 0x92c:0x10 DW_TAG_variable
	.long	.Ldebug_loc37                   @ DW_AT_location
	.long	.Linfo_string112                @ DW_AT_name
	.byte	2                               @ DW_AT_decl_file
	.short	692                             @ DW_AT_decl_line
	.long	529                             @ DW_AT_type
	.byte	41                              @ Abbrev [41] 0x93c:0x10 DW_TAG_variable
	.long	.Ldebug_loc38                   @ DW_AT_location
	.long	.Linfo_string113                @ DW_AT_name
	.byte	2                               @ DW_AT_decl_file
	.short	691                             @ DW_AT_decl_line
	.long	529                             @ DW_AT_type
	.byte	0                               @ End Of Children Mark
	.byte	43                              @ Abbrev [43] 0x94d:0x53 DW_TAG_subprogram
	.long	.Lfunc_begin25                  @ DW_AT_low_pc
	.long	.Lfunc_end25-.Lfunc_begin25     @ DW_AT_high_pc
	.byte	1                               @ DW_AT_frame_base
	.byte	93
                                        @ DW_AT_GNU_all_call_sites
	.long	.Linfo_string99                 @ DW_AT_name
	.byte	2                               @ DW_AT_decl_file
	.short	726                             @ DW_AT_decl_line
                                        @ DW_AT_prototyped
	.long	529                             @ DW_AT_type
                                        @ DW_AT_external
	.byte	39                              @ Abbrev [39] 0x963:0x10 DW_TAG_formal_parameter
	.long	.Ldebug_loc39                   @ DW_AT_location
	.long	.Linfo_string107                @ DW_AT_name
	.byte	2                               @ DW_AT_decl_file
	.short	726                             @ DW_AT_decl_line
	.long	529                             @ DW_AT_type
	.byte	41                              @ Abbrev [41] 0x973:0x10 DW_TAG_variable
	.long	.Ldebug_loc40                   @ DW_AT_location
	.long	.Linfo_string112                @ DW_AT_name
	.byte	2                               @ DW_AT_decl_file
	.short	728                             @ DW_AT_decl_line
	.long	529                             @ DW_AT_type
	.byte	41                              @ Abbrev [41] 0x983:0x10 DW_TAG_variable
	.long	.Ldebug_loc41                   @ DW_AT_location
	.long	.Linfo_string113                @ DW_AT_name
	.byte	2                               @ DW_AT_decl_file
	.short	728                             @ DW_AT_decl_line
	.long	529                             @ DW_AT_type
	.byte	29                              @ Abbrev [29] 0x993:0xc DW_TAG_variable
	.long	.Linfo_string110                @ DW_AT_name
	.byte	2                               @ DW_AT_decl_file
	.short	729                             @ DW_AT_decl_line
	.long	2547                            @ DW_AT_type
	.byte	0                               @ End Of Children Mark
	.byte	43                              @ Abbrev [43] 0x9a0:0x53 DW_TAG_subprogram
	.long	.Lfunc_begin26                  @ DW_AT_low_pc
	.long	.Lfunc_end26-.Lfunc_begin26     @ DW_AT_high_pc
	.byte	1                               @ DW_AT_frame_base
	.byte	93
                                        @ DW_AT_GNU_all_call_sites
	.long	.Linfo_string100                @ DW_AT_name
	.byte	2                               @ DW_AT_decl_file
	.short	754                             @ DW_AT_decl_line
                                        @ DW_AT_prototyped
	.long	529                             @ DW_AT_type
                                        @ DW_AT_external
	.byte	39                              @ Abbrev [39] 0x9b6:0x10 DW_TAG_formal_parameter
	.long	.Ldebug_loc42                   @ DW_AT_location
	.long	.Linfo_string107                @ DW_AT_name
	.byte	2                               @ DW_AT_decl_file
	.short	754                             @ DW_AT_decl_line
	.long	529                             @ DW_AT_type
	.byte	41                              @ Abbrev [41] 0x9c6:0x10 DW_TAG_variable
	.long	.Ldebug_loc43                   @ DW_AT_location
	.long	.Linfo_string112                @ DW_AT_name
	.byte	2                               @ DW_AT_decl_file
	.short	756                             @ DW_AT_decl_line
	.long	529                             @ DW_AT_type
	.byte	41                              @ Abbrev [41] 0x9d6:0x10 DW_TAG_variable
	.long	.Ldebug_loc44                   @ DW_AT_location
	.long	.Linfo_string113                @ DW_AT_name
	.byte	2                               @ DW_AT_decl_file
	.short	756                             @ DW_AT_decl_line
	.long	529                             @ DW_AT_type
	.byte	29                              @ Abbrev [29] 0x9e6:0xc DW_TAG_variable
	.long	.Linfo_string111                @ DW_AT_name
	.byte	2                               @ DW_AT_decl_file
	.short	757                             @ DW_AT_decl_line
	.long	2547                            @ DW_AT_type
	.byte	0                               @ End Of Children Mark
	.byte	10                              @ Abbrev [10] 0x9f3:0xc DW_TAG_array_type
	.long	529                             @ DW_AT_type
	.byte	11                              @ Abbrev [11] 0x9f8:0x6 DW_TAG_subrange_type
	.long	564                             @ DW_AT_type
	.byte	4                               @ DW_AT_count
	.byte	0                               @ End Of Children Mark
	.byte	0                               @ End Of Children Mark
.Ldebug_info_end0:
	.section	.debug_ranges,"",%progbits
.Ldebug_ranges0:
	.long	.Ltmp69-.Lfunc_begin0
	.long	.Ltmp70-.Lfunc_begin0
	.long	.Ltmp71-.Lfunc_begin0
	.long	.Ltmp85-.Lfunc_begin0
	.long	0
	.long	0
	.section	.debug_str,"MS",%progbits,1
.Linfo_string0:
	.asciz	"Component: Arm Compiler for Embedded 6.24 Tool: armclang [5f371800]" @ string offset=0
.Linfo_string1:
	.asciz	"../../../../Library/StdDriver/src\\clk.c" @ string offset=68
.Linfo_string2:
	.asciz	"D:\\BSP\\M2003BSP-master\\CM2003xC_CM2003xE_CM2003xG_Series\\SampleCode\\StdDriver\\GPIO_INT\\Keil" @ string offset=108
.Linfo_string3:
	.asciz	"g_CLK_i32ErrCode"              @ string offset=200
.Linfo_string4:
	.asciz	"int"                           @ string offset=217
.Linfo_string5:
	.asciz	"int32_t"                       @ string offset=221
.Linfo_string6:
	.asciz	"PWRCTL"                        @ string offset=229
.Linfo_string7:
	.asciz	"unsigned int"                  @ string offset=236
.Linfo_string8:
	.asciz	"uint32_t"                      @ string offset=249
.Linfo_string9:
	.asciz	"AHBCLK"                        @ string offset=258
.Linfo_string10:
	.asciz	"APBCLK0"                       @ string offset=265
.Linfo_string11:
	.asciz	"APBCLK1"                       @ string offset=273
.Linfo_string12:
	.asciz	"CLKSEL0"                       @ string offset=281
.Linfo_string13:
	.asciz	"CLKSEL1"                       @ string offset=289
.Linfo_string14:
	.asciz	"CLKSEL2"                       @ string offset=297
.Linfo_string15:
	.asciz	"RESERVE0"                      @ string offset=305
.Linfo_string16:
	.asciz	"__ARRAY_SIZE_TYPE__"           @ string offset=314
.Linfo_string17:
	.asciz	"CLKDIV0"                       @ string offset=334
.Linfo_string18:
	.asciz	"RESERVE1"                      @ string offset=342
.Linfo_string19:
	.asciz	"PCLKDIV"                       @ string offset=351
.Linfo_string20:
	.asciz	"RESERVE2"                      @ string offset=359
.Linfo_string21:
	.asciz	"STATUS"                        @ string offset=368
.Linfo_string22:
	.asciz	"RESERVE3"                      @ string offset=375
.Linfo_string23:
	.asciz	"CLKOCTL"                       @ string offset=384
.Linfo_string24:
	.asciz	"RESERVE4"                      @ string offset=392
.Linfo_string25:
	.asciz	"CLKDCTL"                       @ string offset=401
.Linfo_string26:
	.asciz	"CLKDSTS"                       @ string offset=409
.Linfo_string27:
	.asciz	"CDUPB"                         @ string offset=417
.Linfo_string28:
	.asciz	"CDLOWB"                        @ string offset=423
.Linfo_string29:
	.asciz	"RESERVE5"                      @ string offset=430
.Linfo_string30:
	.asciz	"HXTCTL"                        @ string offset=439
.Linfo_string31:
	.asciz	"RESERVE6"                      @ string offset=446
.Linfo_string32:
	.asciz	"PMUCTL"                        @ string offset=455
.Linfo_string33:
	.asciz	"PMUSTS"                        @ string offset=462
.Linfo_string34:
	.asciz	"RESERVE7"                      @ string offset=469
.Linfo_string35:
	.asciz	"SWKDBCTL"                      @ string offset=478
.Linfo_string36:
	.asciz	"PASWKCTL"                      @ string offset=487
.Linfo_string37:
	.asciz	"PBSWKCTL"                      @ string offset=496
.Linfo_string38:
	.asciz	"PCSWKCTL"                      @ string offset=505
.Linfo_string39:
	.asciz	"PDSWKCTL"                      @ string offset=514
.Linfo_string40:
	.asciz	"IOPDCTL"                       @ string offset=523
.Linfo_string41:
	.asciz	"HXTFSEL"                       @ string offset=531
.Linfo_string42:
	.asciz	"CLK_T"                         @ string offset=539
.Linfo_string43:
	.asciz	"CPUID"                         @ string offset=545
.Linfo_string44:
	.asciz	"ICSR"                          @ string offset=551
.Linfo_string45:
	.asciz	"VTOR"                          @ string offset=556
.Linfo_string46:
	.asciz	"AIRCR"                         @ string offset=561
.Linfo_string47:
	.asciz	"SCR"                           @ string offset=567
.Linfo_string48:
	.asciz	"CCR"                           @ string offset=571
.Linfo_string49:
	.asciz	"RESERVED1"                     @ string offset=575
.Linfo_string50:
	.asciz	"SHPR"                          @ string offset=585
.Linfo_string51:
	.asciz	"SHCSR"                         @ string offset=590
.Linfo_string52:
	.asciz	"SCB_Type"                      @ string offset=596
.Linfo_string53:
	.asciz	"CTRL"                          @ string offset=605
.Linfo_string54:
	.asciz	"LOAD"                          @ string offset=610
.Linfo_string55:
	.asciz	"VAL"                           @ string offset=615
.Linfo_string56:
	.asciz	"CALIB"                         @ string offset=619
.Linfo_string57:
	.asciz	"SysTick_Type"                  @ string offset=625
.Linfo_string58:
	.asciz	"ISPCTL"                        @ string offset=638
.Linfo_string59:
	.asciz	"ISPADDR"                       @ string offset=645
.Linfo_string60:
	.asciz	"ISPDAT"                        @ string offset=653
.Linfo_string61:
	.asciz	"ISPCMD"                        @ string offset=660
.Linfo_string62:
	.asciz	"ISPTRG"                        @ string offset=667
.Linfo_string63:
	.asciz	"ISPSTS"                        @ string offset=674
.Linfo_string64:
	.asciz	"CYCCTL"                        @ string offset=681
.Linfo_string65:
	.asciz	"FMC_T"                         @ string offset=688
.Linfo_string66:
	.asciz	"unsigned long"                 @ string offset=694
.Linfo_string67:
	.asciz	"vu32"                          @ string offset=708
.Linfo_string68:
	.asciz	"CLK_SetHCLK"                   @ string offset=713
.Linfo_string69:
	.asciz	"u32ClkSrc"                     @ string offset=725
.Linfo_string70:
	.asciz	"u32ClkDiv"                     @ string offset=735
.Linfo_string71:
	.asciz	"u32HIRCSTB"                    @ string offset=745
.Linfo_string72:
	.asciz	"CLK_WaitClockReady"            @ string offset=756
.Linfo_string73:
	.asciz	"u32ClkMask"                    @ string offset=775
.Linfo_string74:
	.asciz	"u32Ret"                        @ string offset=786
.Linfo_string75:
	.asciz	"u32TimeOutCnt"                 @ string offset=793
.Linfo_string76:
	.asciz	"CLK_DisableCKO"                @ string offset=807
.Linfo_string77:
	.asciz	"CLK_EnableCKO"                 @ string offset=822
.Linfo_string78:
	.asciz	"CLK_PowerDown"                 @ string offset=836
.Linfo_string79:
	.asciz	"CLK_Idle"                      @ string offset=850
.Linfo_string80:
	.asciz	"CLK_GetHXTFreq"                @ string offset=859
.Linfo_string81:
	.asciz	"CLK_GetHCLKFreq"               @ string offset=874
.Linfo_string82:
	.asciz	"CLK_GetPCLK0Freq"              @ string offset=890
.Linfo_string83:
	.asciz	"CLK_GetPCLK1Freq"              @ string offset=907
.Linfo_string84:
	.asciz	"CLK_GetPCLK2Freq"              @ string offset=924
.Linfo_string85:
	.asciz	"CLK_GetCPUFreq"                @ string offset=941
.Linfo_string86:
	.asciz	"CLK_SetCoreClock"              @ string offset=956
.Linfo_string87:
	.asciz	"CLK_SetModuleClock"            @ string offset=973
.Linfo_string88:
	.asciz	"CLK_SetSysTickClockSrc"        @ string offset=992
.Linfo_string89:
	.asciz	"CLK_EnableXtalRC"              @ string offset=1015
.Linfo_string90:
	.asciz	"CLK_DisableXtalRC"             @ string offset=1032
.Linfo_string91:
	.asciz	"CLK_EnableModuleClock"         @ string offset=1050
.Linfo_string92:
	.asciz	"CLK_DisableModuleClock"        @ string offset=1072
.Linfo_string93:
	.asciz	"CLK_EnableSysTick"             @ string offset=1095
.Linfo_string94:
	.asciz	"CLK_DisableSysTick"            @ string offset=1113
.Linfo_string95:
	.asciz	"CLK_SetPowerDownMode"          @ string offset=1132
.Linfo_string96:
	.asciz	"CLK_EnableDPDWKPin"            @ string offset=1153
.Linfo_string97:
	.asciz	"CLK_GetPMUWKSrc"               @ string offset=1172
.Linfo_string98:
	.asciz	"CLK_EnableSPDWKPin"            @ string offset=1188
.Linfo_string99:
	.asciz	"CLK_GetModuleClockSource"      @ string offset=1207
.Linfo_string100:
	.asciz	"CLK_GetModuleClockDivider"     @ string offset=1232
.Linfo_string101:
	.asciz	"u32ClkDivBy1En"                @ string offset=1258
.Linfo_string102:
	.asciz	"u32SysTickTICKINT"             @ string offset=1273
.Linfo_string103:
	.asciz	"PCLK0Div"                      @ string offset=1291
.Linfo_string104:
	.asciz	"PCLK1Div"                      @ string offset=1300
.Linfo_string105:
	.asciz	"PCLK2Div"                      @ string offset=1309
.Linfo_string106:
	.asciz	"u32Hclk"                       @ string offset=1318
.Linfo_string107:
	.asciz	"u32ModuleIdx"                  @ string offset=1326
.Linfo_string108:
	.asciz	"u32Sel"                        @ string offset=1339
.Linfo_string109:
	.asciz	"u32Div"                        @ string offset=1346
.Linfo_string110:
	.asciz	"au32SelTbl"                    @ string offset=1353
.Linfo_string111:
	.asciz	"au32DivTbl"                    @ string offset=1364
.Linfo_string112:
	.asciz	"u32TmpVal"                     @ string offset=1375
.Linfo_string113:
	.asciz	"u32TmpAddr"                    @ string offset=1385
.Linfo_string114:
	.asciz	"u32Count"                      @ string offset=1396
.Linfo_string115:
	.asciz	"u32PDMode"                     @ string offset=1405
.Linfo_string116:
	.asciz	"u32TriggerType"                @ string offset=1415
.Linfo_string117:
	.asciz	"u32Pin3"                       @ string offset=1430
.Linfo_string118:
	.asciz	"u32Pin2"                       @ string offset=1438
.Linfo_string119:
	.asciz	"u32Pin1"                       @ string offset=1446
.Linfo_string120:
	.asciz	"u32Port"                       @ string offset=1454
.Linfo_string121:
	.asciz	"u32Pin"                        @ string offset=1462
.Linfo_string122:
	.asciz	"u32DebounceEn"                 @ string offset=1469
	.ident	"Component: Arm Compiler for Embedded 6.24 Tool: armclang [5f371800]"
	.section	".note.GNU-stack","",%progbits
	.eabi_attribute	30, 1	@ Tag_ABI_optimization_goals
	.ARM_attribute	16, 1	@ Tag_AV_eba
	.section	.debug_line,"",%progbits
.Lline_table_start0:
