	.text
	.syntax unified
	.eabi_attribute	67, "2.09"	@ Tag_conformance
	.cpu	cortex-m23
	.eabi_attribute	6, 16	@ Tag_CPU_arch
	.eabi_attribute	7, 77	@ Tag_CPU_arch_profile
	.eabi_attribute	8, 0	@ Tag_ARM_ISA_use
	.eabi_attribute	9, 3	@ Tag_THUMB_ISA_use
	.eabi_attribute	34, 0	@ Tag_CPU_unaligned_access
	.eabi_attribute	17, 1	@ Tag_ABI_PCS_GOT_use
	.eabi_attribute	20, 2	@ Tag_ABI_FP_denormal
	.eabi_attribute	21, 0	@ Tag_ABI_FP_exceptions
	.eabi_attribute	23, 1	@ Tag_ABI_FP_number_model
	.eabi_attribute	24, 1	@ Tag_ABI_align_needed
	.eabi_attribute	25, 1	@ Tag_ABI_align_preserved
	.eabi_attribute	38, 1	@ Tag_ABI_FP_16bit_format
	.eabi_attribute	18, 2	@ Tag_ABI_PCS_wchar_t
	.eabi_attribute	26, 1	@ Tag_ABI_enum_size
	.eabi_attribute	14, 0	@ Tag_ABI_PCS_R9_use
	.file	"main.c"
	.file	1 "D:\\BSP\\M2003BSP-master\\CM2003xC_CM2003xE_CM2003xG_Series\\SampleCode\\StdDriver\\GPIO_INT\\Keil" "../main.c"
	.file	2 "D:\\BSP\\M2003BSP-master\\CM2003xC_CM2003xE_CM2003xG_Series\\SampleCode\\StdDriver\\GPIO_INT\\Keil" "../../../../Library/Device/Nuvoton/CM2003/Include\\CM2003.h"
	.file	3 "C:\\Keil_v5\\ARM\\ARMCLANG\\bin\\..\\include" "stdint.h"
	.file	4 "D:\\BSP\\M2003BSP-master\\CM2003xC_CM2003xE_CM2003xG_Series\\SampleCode\\StdDriver\\GPIO_INT\\Keil" "../../../../Library/Device/Nuvoton/CM2003/Include\\uart_reg.h"
	.file	5 "D:\\BSP\\M2003BSP-master\\CM2003xC_CM2003xE_CM2003xG_Series\\SampleCode\\StdDriver\\GPIO_INT\\Keil" "../../../../Library/Device/Nuvoton/CM2003/Include\\gpio_reg.h"
	.file	6 "D:\\BSP\\M2003BSP-master\\CM2003xC_CM2003xE_CM2003xG_Series\\SampleCode\\StdDriver\\GPIO_INT\\Keil" "../../../../Library/Device/Nuvoton/CM2003/Include\\sys_reg.h"
	.file	7 "D:\\BSP\\M2003BSP-master\\CM2003xC_CM2003xE_CM2003xG_Series\\SampleCode\\StdDriver\\GPIO_INT\\Keil" "../../../../Library/CMSIS/Core/Include\\core_cm23.h"
	.hidden	SYS_Init                        @ -- Begin function SYS_Init
	.globl	SYS_Init
	.p2align	2
	.type	SYS_Init,%function
	.code	16                              @ @SYS_Init
	.thumb_func
SYS_Init:
.Lfunc_begin0:
	.loc	1 18 0                          @ ../main.c:18:0
	.fnstart
	.cfi_sections .debug_frame
	.cfi_startproc
@ %bb.0:
	.save	{r4, r5, r6, lr}
	push	{r4, r5, r6, lr}
	.cfi_def_cfa_offset 16
	.cfi_offset lr, -4
	.cfi_offset r6, -8
	.cfi_offset r5, -12
	.cfi_offset r4, -16
	ldr	r6, __arm_cp.0_0
	movs	r0, #89
	movs	r1, #22
	movs	r2, #136
.LBB0_1:                                @ =>This Inner Loop Header: Depth=1
.Ltmp0:
	.file	8 "D:\\BSP\\M2003BSP-master\\CM2003xC_CM2003xE_CM2003xG_Series\\SampleCode\\StdDriver\\GPIO_INT\\Keil" "../../../../Library/StdDriver/inc\\sys.h"
	.loc	8 998 22 prologue_end           @ ../../../../Library/StdDriver/inc\sys.h:998:22
	str	r0, [r6]
	.loc	8 999 22                        @ ../../../../Library/StdDriver/inc\sys.h:999:22
	str	r1, [r6]
	.loc	8 1000 22                       @ ../../../../Library/StdDriver/inc\sys.h:1000:22
	str	r2, [r6]
.Ltmp1:
	.loc	8 1002 16                       @ ../../../../Library/StdDriver/inc\sys.h:1002:16
	ldr	r3, [r6]
.Ltmp2:
	.loc	8 1001 5                        @ ../../../../Library/StdDriver/inc\sys.h:1001:5
	cbnz	r3, .LBB0_5
@ %bb.2:                                @   in Loop: Header=BB0_1 Depth=1
	.loc	8 998 22                        @ ../../../../Library/StdDriver/inc\sys.h:998:22
	str	r0, [r6]
	.loc	8 999 22                        @ ../../../../Library/StdDriver/inc\sys.h:999:22
	str	r1, [r6]
	.loc	8 1000 22                       @ ../../../../Library/StdDriver/inc\sys.h:1000:22
	str	r2, [r6]
.Ltmp3:
	.loc	8 1002 16                       @ ../../../../Library/StdDriver/inc\sys.h:1002:16
	ldr	r3, [r6]
.Ltmp4:
	.loc	8 1001 5                        @ ../../../../Library/StdDriver/inc\sys.h:1001:5
	cbnz	r3, .LBB0_5
@ %bb.3:                                @   in Loop: Header=BB0_1 Depth=1
	.loc	8 998 22                        @ ../../../../Library/StdDriver/inc\sys.h:998:22
	str	r0, [r6]
	.loc	8 999 22                        @ ../../../../Library/StdDriver/inc\sys.h:999:22
	str	r1, [r6]
	.loc	8 1000 22                       @ ../../../../Library/StdDriver/inc\sys.h:1000:22
	str	r2, [r6]
.Ltmp5:
	.loc	8 1002 16                       @ ../../../../Library/StdDriver/inc\sys.h:1002:16
	ldr	r3, [r6]
.Ltmp6:
	.loc	8 1001 5                        @ ../../../../Library/StdDriver/inc\sys.h:1001:5
	cbnz	r3, .LBB0_5
@ %bb.4:                                @   in Loop: Header=BB0_1 Depth=1
	.loc	8 998 22                        @ ../../../../Library/StdDriver/inc\sys.h:998:22
	str	r0, [r6]
	.loc	8 999 22                        @ ../../../../Library/StdDriver/inc\sys.h:999:22
	str	r1, [r6]
	.loc	8 1000 22                       @ ../../../../Library/StdDriver/inc\sys.h:1000:22
	str	r2, [r6]
.Ltmp7:
	.loc	8 1002 16                       @ ../../../../Library/StdDriver/inc\sys.h:1002:16
	ldr	r3, [r6]
.Ltmp8:
	.loc	8 1001 5                        @ ../../../../Library/StdDriver/inc\sys.h:1001:5
	cmp	r3, #0
	beq	.LBB0_1
.Ltmp9:
.LBB0_5:
	.loc	8 0 5 is_stmt 0                 @ ../../../../Library/StdDriver/inc\sys.h:0:5
	movs	r0, #4
	.loc	1 26 5 is_stmt 1                @ ../main.c:26:5
	bl	CLK_EnableXtalRC
.Ltmp10:
	.loc	1 0 5 is_stmt 0                 @ ../main.c:0:5
	movs	r0, #16
	.loc	1 29 5 is_stmt 1                @ ../main.c:29:5
	bl	CLK_WaitClockReady
.Ltmp11:
	.loc	1 0 5 is_stmt 0                 @ ../main.c:0:5
	movs	r0, #5
	movs	r4, #0
	.loc	1 32 5 is_stmt 1                @ ../main.c:32:5
	mov	r1, r4
	bl	CLK_SetHCLK
.Ltmp12:
	.loc	1 36 5                          @ ../main.c:36:5
	bl	SystemCoreClockUpdate
.Ltmp13:
	.loc	1 0 5 is_stmt 0                 @ ../main.c:0:5
	movs	r0, #3
	lsls	r1, r0, #16
	ldr	r5, __arm_cp.0_1
	.loc	1 39 5 is_stmt 1                @ ../main.c:39:5
	mov	r0, r5
	mov	r2, r4
	bl	CLK_SetModuleClock
.Ltmp14:
	.loc	1 42 5                          @ ../main.c:42:5
	mov	r0, r5
	bl	CLK_EnableModuleClock
.Ltmp15:
	.loc	1 0 5 is_stmt 0                 @ ../main.c:0:5
	movs	r0, #17
	.loc	1 45 5 is_stmt 1                @ ../main.c:45:5
	bl	CLK_EnableModuleClock
.Ltmp16:
	.loc	1 50 5                          @ ../main.c:50:5
	bl	Uart0DefaultMPF
.Ltmp17:
	.loc	8 1014 18                       @ ../../../../Library/StdDriver/inc\sys.h:1014:18
	str	r4, [r6]
.Ltmp18:
	.loc	1 54 1 epilogue_begin           @ ../main.c:54:1
	pop	{r4, r5, r6, pc}
.Ltmp19:
	.loc	1 0 1 is_stmt 0                 @ :0:1
.Ltmp20:
	.p2align	2
@ %bb.6:
__arm_cp.0_0:
	.long	1073742080                      @ 0x40000100
.Lcpi_end0:
	.size	__arm_cp.0_0, .Lcpi_end0-__arm_cp.0_0
__arm_cp.0_1:
	.long	1862286608                      @ 0x6f003d10
.Lcpi_end1:
	.size	__arm_cp.0_1, .Lcpi_end1-__arm_cp.0_1
.Lfunc_end0:
	.size	SYS_Init, .Lfunc_end0-SYS_Init
	.cfi_endproc
	.cantunwind
	.fnend
                                        @ -- End function
	.hidden	UART0_Init                      @ -- Begin function UART0_Init
	.globl	UART0_Init
	.p2align	2
	.type	UART0_Init,%function
	.code	16                              @ @UART0_Init
	.thumb_func
UART0_Init:
.Lfunc_begin1:
	.loc	1 57 0 is_stmt 1                @ ../main.c:57:0
	.fnstart
	.cfi_startproc
@ %bb.0:
	.save	{r7, lr}
	push	{r7, lr}
	.cfi_def_cfa_offset 8
	.cfi_offset lr, -4
	.cfi_offset r7, -8
	ldr	r0, __arm_cp.1_0
.Ltmp21:
	.loc	1 59 5 prologue_end             @ ../main.c:59:5
	bl	SYS_ResetModule
.Ltmp22:
	.loc	1 0 5 is_stmt 0                 @ ../main.c:0:5
	movs	r0, #225
	lsls	r1, r0, #9
	ldr	r0, __arm_cp.1_1
	.loc	1 62 5 epilogue_begin is_stmt 1 @ ../main.c:62:5
	pop	{r7}
	pop	{r2}
	mov	lr, r2
.Ltmp23:
	b	UART_Open
.Ltmp24:
	.loc	1 0 5 is_stmt 0                 @ :0:5
.Ltmp25:
	.p2align	2
@ %bb.1:
__arm_cp.1_0:
	.long	67108880                        @ 0x4000010
.Lcpi_end2:
	.size	__arm_cp.1_0, .Lcpi_end2-__arm_cp.1_0
__arm_cp.1_1:
	.long	1074200576                      @ 0x40070000
.Lcpi_end3:
	.size	__arm_cp.1_1, .Lcpi_end3-__arm_cp.1_1
.Lfunc_end1:
	.size	UART0_Init, .Lfunc_end1-UART0_Init
	.cfi_endproc
	.file	9 "D:\\BSP\\M2003BSP-master\\CM2003xC_CM2003xE_CM2003xG_Series\\SampleCode\\StdDriver\\GPIO_INT\\Keil" "../../../../Library/StdDriver/inc\\uart.h"
	.cantunwind
	.fnend
                                        @ -- End function
	.hidden	GPB_IRQHandler                  @ -- Begin function GPB_IRQHandler
	.globl	GPB_IRQHandler
	.p2align	2
	.type	GPB_IRQHandler,%function
	.code	16                              @ @GPB_IRQHandler
	.thumb_func
GPB_IRQHandler:
.Lfunc_begin2:
	.loc	1 66 0 is_stmt 1                @ ../main.c:66:0
	.fnstart
	.cfi_startproc
@ %bb.0:
	.pad	#4
	sub	sp, #4
	.cfi_def_cfa_offset 4
	ldr	r1, __arm_cp.2_0
.Ltmp26:
	.loc	1 69 8 prologue_end             @ ../main.c:69:8
	ldr	r0, [r1]
.Ltmp27:
	.loc	1 69 8 is_stmt 0                @ ../main.c:69:8
	lsls	r0, r0, #26
	bmi	.LBB2_4
@ %bb.1:
.Ltmp28:
	.loc	1 74 13 is_stmt 1               @ ../main.c:74:13
	ldr	r0, [r1]
.Ltmp29:
	.loc	1 74 13 is_stmt 0               @ ../main.c:74:13
	lsls	r0, r0, #27
	bmi	.LBB2_5
@ %bb.2:
.Ltmp30:
	.loc	1 79 13 is_stmt 1               @ ../main.c:79:13
	ldr	r0, [r1]
.Ltmp31:
	.loc	1 79 13 is_stmt 0               @ ../main.c:79:13
	lsls	r0, r0, #28
	bmi	.LBB2_6
@ %bb.3:
.Ltmp32:
	.loc	1 87 20 is_stmt 1               @ ../main.c:87:20
	ldr	r0, [r1]
	.loc	1 87 14 is_stmt 0               @ ../main.c:87:14
	str	r0, [sp]
	adr	r0, .LCPI2_4
	.loc	1 88 22 is_stmt 1               @ ../main.c:88:22
	ldr	r2, [sp]
	b	.LBB2_7
.Ltmp33:
.LBB2_4:
	.loc	1 0 22 is_stmt 0                @ ../main.c:0:22
	adr	r0, .LCPI2_1
	movs	r2, #32
	.loc	1 69 8 is_stmt 1                @ ../main.c:69:8
	b	.LBB2_7
.LBB2_5:
	.loc	1 0 8 is_stmt 0                 @ ../main.c:0:8
	adr	r0, .LCPI2_2
	movs	r2, #16
.Ltmp34:
	.loc	1 74 13 is_stmt 1               @ ../main.c:74:13
	b	.LBB2_7
.LBB2_6:
	.loc	1 0 13 is_stmt 0                @ ../main.c:0:13
	adr	r0, .LCPI2_3
	movs	r2, #8
.LBB2_7:
	str	r2, [r1]
	add	sp, #4
.Ltmp35:
	b	puts
.Ltmp36:
	.p2align	2
@ %bb.8:
__arm_cp.2_0:
	.long	1073758304                      @ 0x40004060
.Lcpi_end4:
	.size	__arm_cp.2_0, .Lcpi_end4-__arm_cp.2_0
.LCPI2_1:
.Lstr.15:
	.asciz	"PB.5 interrupt occurred.\000\000\000"
.LCPI2_2:
.Lstr.14:
	.asciz	"PB.4 interrupt occurred.\000\000\000"
.LCPI2_3:
.Lstr.13:
	.asciz	"PB.3 interrupt occurred.\000\000\000"
.LCPI2_4:
.Lstr:
	.asciz	"Un-expected PB interrupts occurred."
.Lfunc_end2:
	.size	GPB_IRQHandler, .Lfunc_end2-GPB_IRQHandler
	.cfi_endproc
	.cantunwind
	.fnend
                                        @ -- End function
	.hidden	GPIO_FunctionTest               @ -- Begin function GPIO_FunctionTest
	.globl	GPIO_FunctionTest
	.p2align	2
	.type	GPIO_FunctionTest,%function
	.code	16                              @ @GPIO_FunctionTest
	.thumb_func
GPIO_FunctionTest:
.Lfunc_begin3:
	.loc	1 94 0 is_stmt 1                @ ../main.c:94:0
	.fnstart
	.cfi_startproc
@ %bb.0:
	.save	{r4, r5, r6, r7, lr}
	push	{r4, r5, r6, r7, lr}
	.cfi_def_cfa_offset 20
	.cfi_offset lr, -4
	.cfi_offset r7, -8
	.cfi_offset r6, -12
	.cfi_offset r5, -16
	.cfi_offset r4, -20
	.pad	#4
	sub	sp, #4
	.cfi_def_cfa_offset 24
.Ltmp37:
	.loc	1 95 5 prologue_end             @ ../main.c:95:5
	ldr	r0, __arm_cp.3_0
	bl	puts
.Ltmp38:
	.loc	1 96 5                          @ ../main.c:96:5
	ldr	r0, __arm_cp.3_1
	bl	puts
.Ltmp39:
	.loc	1 97 5                          @ ../main.c:97:5
	ldr	r0, __arm_cp.3_2
	bl	puts
.Ltmp40:
	.loc	1 102 5                         @ ../main.c:102:5
	ldr	r0, __arm_cp.3_3
	bl	puts
.Ltmp41:
	.loc	1 103 5                         @ ../main.c:103:5
	adr	r0, .LCPI3_4
	bl	puts
.Ltmp42:
	.loc	1 104 5                         @ ../main.c:104:5
	adr	r0, .LCPI3_5
	bl	puts
.Ltmp43:
	.loc	1 105 5                         @ ../main.c:105:5
	adr	r0, .LCPI3_6
	bl	puts
.Ltmp44:
	.loc	1 0 5 is_stmt 0                 @ ../main.c:0:5
	ldr	r4, __arm_cp.3_7
	movs	r1, #32
	movs	r5, #0
	.loc	1 108 5 is_stmt 1               @ ../main.c:108:5
	mov	r0, r4
	mov	r2, r5
	bl	GPIO_SetMode
.Ltmp45:
	.loc	1 0 5 is_stmt 0                 @ ../main.c:0:5
	movs	r1, #5
	movs	r6, #1
	.loc	1 109 5 is_stmt 1               @ ../main.c:109:5
	mov	r0, r4
	mov	r2, r6
	bl	GPIO_EnableInt
.Ltmp46:
	@DEBUG_VALUE: __NVIC_EnableIRQ:IRQn <- 17
	.loc	7 1484 5                        @ ../../../../Library/CMSIS/Core/Include\core_cm23.h:1484:5
	@APP
	@NO_APP
	lsls	r7, r6, #17
	ldr	r0, __arm_cp.3_8
	.loc	7 1485 43                       @ ../../../../Library/CMSIS/Core/Include\core_cm23.h:1485:43
	str	r7, [r0]
	.loc	7 1486 5                        @ ../../../../Library/CMSIS/Core/Include\core_cm23.h:1486:5
	@APP
	@NO_APP
	movs	r1, #16
.Ltmp47:
	.loc	1 113 5                         @ ../main.c:113:5
	mov	r0, r4
	mov	r2, r5
	bl	GPIO_SetMode
.Ltmp48:
	.loc	1 0 5 is_stmt 0                 @ ../main.c:0:5
	lsls	r6, r6, #16
	movs	r1, #4
	.loc	1 114 5 is_stmt 1               @ ../main.c:114:5
	mov	r0, r4
	mov	r2, r6
	bl	GPIO_EnableInt
.Ltmp49:
	@DEBUG_VALUE: __NVIC_EnableIRQ:IRQn <- 17
	.loc	7 1484 5                        @ ../../../../Library/CMSIS/Core/Include\core_cm23.h:1484:5
	@APP
	@NO_APP
	.loc	7 1485 43                       @ ../../../../Library/CMSIS/Core/Include\core_cm23.h:1485:43
	ldr	r0, __arm_cp.3_8
	str	r7, [r0]
	.loc	7 1486 5                        @ ../../../../Library/CMSIS/Core/Include\core_cm23.h:1486:5
	@APP
	@NO_APP
	movs	r1, #8
.Ltmp50:
	.loc	1 118 5                         @ ../main.c:118:5
	mov	r0, r4
	mov	r2, r5
	bl	GPIO_SetMode
.Ltmp51:
	.loc	1 119 5                         @ ../main.c:119:5
	adds	r2, r6, #1
	movs	r1, #3
	mov	r0, r4
	bl	GPIO_EnableInt
.Ltmp52:
	@DEBUG_VALUE: __NVIC_EnableIRQ:IRQn <- 17
	.loc	7 1484 5                        @ ../../../../Library/CMSIS/Core/Include\core_cm23.h:1484:5
	@APP
	@NO_APP
	.loc	7 1485 43                       @ ../../../../Library/CMSIS/Core/Include\core_cm23.h:1485:43
	ldr	r0, __arm_cp.3_8
	str	r7, [r0]
	.loc	7 1486 5                        @ ../../../../Library/CMSIS/Core/Include\core_cm23.h:1486:5
	@APP
	@NO_APP
	movs	r0, #58
.Ltmp53:
	.loc	1 123 5                         @ ../main.c:123:5
	str	r0, [r4, #52]
	.loc	1 124 5                         @ ../main.c:124:5
	ldr	r0, [r4, #20]
	movs	r1, #56
	orrs	r1, r0
	str	r1, [r4, #20]
	.loc	1 125 1 epilogue_begin          @ ../main.c:125:1
	add	sp, #4
	pop	{r4, r5, r6, r7, pc}
.Ltmp54:
	.loc	1 0 1 is_stmt 0                 @ :0:1
.Ltmp55:
	.p2align	2
@ %bb.1:
__arm_cp.3_0:
	.long	.Lstr.16
.Lcpi_end5:
	.size	__arm_cp.3_0, .Lcpi_end5-__arm_cp.3_0
__arm_cp.3_1:
	.long	.Lstr.17
.Lcpi_end6:
	.size	__arm_cp.3_1, .Lcpi_end6-__arm_cp.3_1
__arm_cp.3_2:
	.long	.Lstr.18
.Lcpi_end7:
	.size	__arm_cp.3_2, .Lcpi_end7-__arm_cp.3_2
__arm_cp.3_3:
	.long	.Lstr.19
.Lcpi_end8:
	.size	__arm_cp.3_3, .Lcpi_end8-__arm_cp.3_3
.LCPI3_4:
.Lstr.20:
	.asciz	"    PB.5 is falling edge trigger.\000\000"
.LCPI3_5:
.Lstr.21:
	.asciz	"    PB.4 is rising edge trigger.\000\000\000"
.LCPI3_6:
.Lstr.22:
	.asciz	"    PB.3 is both falling edge and rising edge trigger.\000"
__arm_cp.3_7:
	.long	1073758272                      @ 0x40004040
.Lcpi_end9:
	.size	__arm_cp.3_7, .Lcpi_end9-__arm_cp.3_7
__arm_cp.3_8:
	.long	3758153984                      @ 0xe000e100
.Lcpi_end10:
	.size	__arm_cp.3_8, .Lcpi_end10-__arm_cp.3_8
.Lfunc_end3:
	.size	GPIO_FunctionTest, .Lfunc_end3-GPIO_FunctionTest
	.cfi_endproc
	.cantunwind
	.fnend
                                        @ -- End function
	.hidden	main                            @ -- Begin function main
	.globl	main
	.p2align	2
	.type	main,%function
	.code	16                              @ @main
	.thumb_func
main:
.Lfunc_begin4:
	.fnstart
	.cfi_startproc
@ %bb.0:
	.loc	1 130 5 prologue_end is_stmt 1  @ ../main.c:130:5
	bl	SYS_Init
.Ltmp56:
	.loc	1 0 5 is_stmt 0                 @ ../main.c:0:5
	ldr	r0, __arm_cp.4_0
.Ltmp57:
	.loc	1 59 5 is_stmt 1                @ ../main.c:59:5
	bl	SYS_ResetModule
.Ltmp58:
	.loc	1 0 5 is_stmt 0                 @ ../main.c:0:5
	movs	r0, #225
	lsls	r1, r0, #9
	ldr	r0, __arm_cp.4_1
	.loc	1 62 5 is_stmt 1                @ ../main.c:62:5
	bl	UART_Open
.Ltmp59:
	.loc	1 135 44                        @ ../main.c:135:44
	ldr	r0, __arm_cp.4_2
	ldr	r1, [r0]
	.loc	1 135 5 is_stmt 0               @ ../main.c:135:5
	adr	r0, .LCPI4_3
	bl	__2printf
.Ltmp60:
	.loc	1 138 5 is_stmt 1               @ ../main.c:138:5
	bl	GPIO_FunctionTest
.Ltmp61:
	.loc	1 140 5                         @ ../main.c:140:5
	adr	r0, .LCPI4_4
	bl	puts
.Ltmp62:
.LBB4_1:                                @ =>This Inner Loop Header: Depth=1
	.loc	1 143 5                         @ ../main.c:143:5
	b	.LBB4_1
.Ltmp63:
	.loc	1 0 5 is_stmt 0                 @ :0:5
.Ltmp64:
	.p2align	2
@ %bb.2:
__arm_cp.4_0:
	.long	67108880                        @ 0x4000010
.Lcpi_end11:
	.size	__arm_cp.4_0, .Lcpi_end11-__arm_cp.4_0
__arm_cp.4_1:
	.long	1074200576                      @ 0x40070000
.Lcpi_end12:
	.size	__arm_cp.4_1, .Lcpi_end12-__arm_cp.4_1
__arm_cp.4_2:
	.long	SystemCoreClock
.Lcpi_end13:
	.size	__arm_cp.4_2, .Lcpi_end13-__arm_cp.4_2
.LCPI4_3:
.L.str.11:
	.asciz	"\nSystem clock rate: %d Hz\n\000"
.LCPI4_4:
.Lstr.23:
	.asciz	"Exit GPIO sample code\000\000"
.Lfunc_end4:
	.size	main, .Lfunc_end4-main
	.cfi_endproc
	.cantunwind
	.fnend
                                        @ -- End function
	.type	.Lstr.16,%object                @ @str.16
	.section	.rodata.str1.1,"aMS",%progbits,1
.Lstr.16:
	.asciz	"+---------------------------------------+"
	.size	.Lstr.16, 42

	.type	.Lstr.17,%object                @ @str.17
.Lstr.17:
	.asciz	"|       GPIO Interrupt Sample Code      |"
	.size	.Lstr.17, 42

	.type	.Lstr.18,%object                @ @str.18
.Lstr.18:
	.asciz	"+---------------------------------------+\n"
	.size	.Lstr.18, 43

	.type	.Lstr.19,%object                @ @str.19
.Lstr.19:
	.asciz	"PB.5, PB.4, and PB.3 are used to test interrupt"
	.size	.Lstr.19, 48

	.type	__ARM_use_no_argv,%object       @ @__ARM_use_no_argv
	.section	.ARM.use_no_argv,"awR",%progbits,unique,1
	.globl	__ARM_use_no_argv
	.p2align	2, 0x0
__ARM_use_no_argv:
	.long	1                               @ 0x1
	.size	__ARM_use_no_argv, 4

	.hidden	_printf_percent
	.hidden	_printf_d
	.hidden	_printf_int_dec
	.section	.debug_abbrev,"",%progbits
	.byte	1                               @ Abbreviation Code
	.byte	17                              @ DW_TAG_compile_unit
	.byte	1                               @ DW_CHILDREN_yes
	.byte	37                              @ DW_AT_producer
	.byte	14                              @ DW_FORM_strp
	.byte	19                              @ DW_AT_language
	.byte	5                               @ DW_FORM_data2
	.byte	3                               @ DW_AT_name
	.byte	14                              @ DW_FORM_strp
	.byte	16                              @ DW_AT_stmt_list
	.byte	23                              @ DW_FORM_sec_offset
	.byte	27                              @ DW_AT_comp_dir
	.byte	14                              @ DW_FORM_strp
	.byte	17                              @ DW_AT_low_pc
	.byte	1                               @ DW_FORM_addr
	.byte	18                              @ DW_AT_high_pc
	.byte	6                               @ DW_FORM_data4
	.byte	0                               @ EOM(1)
	.byte	0                               @ EOM(2)
	.byte	2                               @ Abbreviation Code
	.byte	52                              @ DW_TAG_variable
	.byte	0                               @ DW_CHILDREN_no
	.byte	73                              @ DW_AT_type
	.byte	19                              @ DW_FORM_ref4
	.byte	58                              @ DW_AT_decl_file
	.byte	11                              @ DW_FORM_data1
	.byte	59                              @ DW_AT_decl_line
	.byte	11                              @ DW_FORM_data1
	.byte	0                               @ EOM(1)
	.byte	0                               @ EOM(2)
	.byte	3                               @ Abbreviation Code
	.byte	1                               @ DW_TAG_array_type
	.byte	1                               @ DW_CHILDREN_yes
	.byte	73                              @ DW_AT_type
	.byte	19                              @ DW_FORM_ref4
	.byte	0                               @ EOM(1)
	.byte	0                               @ EOM(2)
	.byte	4                               @ Abbreviation Code
	.byte	33                              @ DW_TAG_subrange_type
	.byte	0                               @ DW_CHILDREN_no
	.byte	73                              @ DW_AT_type
	.byte	19                              @ DW_FORM_ref4
	.byte	55                              @ DW_AT_count
	.byte	11                              @ DW_FORM_data1
	.byte	0                               @ EOM(1)
	.byte	0                               @ EOM(2)
	.byte	5                               @ Abbreviation Code
	.byte	36                              @ DW_TAG_base_type
	.byte	0                               @ DW_CHILDREN_no
	.byte	3                               @ DW_AT_name
	.byte	14                              @ DW_FORM_strp
	.byte	62                              @ DW_AT_encoding
	.byte	11                              @ DW_FORM_data1
	.byte	11                              @ DW_AT_byte_size
	.byte	11                              @ DW_FORM_data1
	.byte	0                               @ EOM(1)
	.byte	0                               @ EOM(2)
	.byte	6                               @ Abbreviation Code
	.byte	36                              @ DW_TAG_base_type
	.byte	0                               @ DW_CHILDREN_no
	.byte	3                               @ DW_AT_name
	.byte	14                              @ DW_FORM_strp
	.byte	11                              @ DW_AT_byte_size
	.byte	11                              @ DW_FORM_data1
	.byte	62                              @ DW_AT_encoding
	.byte	11                              @ DW_FORM_data1
	.byte	0                               @ EOM(1)
	.byte	0                               @ EOM(2)
	.byte	7                               @ Abbreviation Code
	.byte	52                              @ DW_TAG_variable
	.byte	0                               @ DW_CHILDREN_no
	.byte	73                              @ DW_AT_type
	.byte	19                              @ DW_FORM_ref4
	.byte	58                              @ DW_AT_decl_file
	.byte	11                              @ DW_FORM_data1
	.byte	59                              @ DW_AT_decl_line
	.byte	11                              @ DW_FORM_data1
	.byte	2                               @ DW_AT_location
	.byte	24                              @ DW_FORM_exprloc
	.byte	0                               @ EOM(1)
	.byte	0                               @ EOM(2)
	.byte	8                               @ Abbreviation Code
	.byte	4                               @ DW_TAG_enumeration_type
	.byte	1                               @ DW_CHILDREN_yes
	.byte	73                              @ DW_AT_type
	.byte	19                              @ DW_FORM_ref4
	.byte	3                               @ DW_AT_name
	.byte	14                              @ DW_FORM_strp
	.byte	11                              @ DW_AT_byte_size
	.byte	11                              @ DW_FORM_data1
	.byte	58                              @ DW_AT_decl_file
	.byte	11                              @ DW_FORM_data1
	.byte	59                              @ DW_AT_decl_line
	.byte	11                              @ DW_FORM_data1
	.byte	0                               @ EOM(1)
	.byte	0                               @ EOM(2)
	.byte	9                               @ Abbreviation Code
	.byte	40                              @ DW_TAG_enumerator
	.byte	0                               @ DW_CHILDREN_no
	.byte	3                               @ DW_AT_name
	.byte	14                              @ DW_FORM_strp
	.byte	28                              @ DW_AT_const_value
	.byte	13                              @ DW_FORM_sdata
	.byte	0                               @ EOM(1)
	.byte	0                               @ EOM(2)
	.byte	10                              @ Abbreviation Code
	.byte	22                              @ DW_TAG_typedef
	.byte	0                               @ DW_CHILDREN_no
	.byte	73                              @ DW_AT_type
	.byte	19                              @ DW_FORM_ref4
	.byte	3                               @ DW_AT_name
	.byte	14                              @ DW_FORM_strp
	.byte	58                              @ DW_AT_decl_file
	.byte	11                              @ DW_FORM_data1
	.byte	59                              @ DW_AT_decl_line
	.byte	11                              @ DW_FORM_data1
	.byte	0                               @ EOM(1)
	.byte	0                               @ EOM(2)
	.byte	11                              @ Abbreviation Code
	.byte	15                              @ DW_TAG_pointer_type
	.byte	0                               @ DW_CHILDREN_no
	.byte	73                              @ DW_AT_type
	.byte	19                              @ DW_FORM_ref4
	.byte	0                               @ EOM(1)
	.byte	0                               @ EOM(2)
	.byte	12                              @ Abbreviation Code
	.byte	22                              @ DW_TAG_typedef
	.byte	0                               @ DW_CHILDREN_no
	.byte	73                              @ DW_AT_type
	.byte	19                              @ DW_FORM_ref4
	.byte	3                               @ DW_AT_name
	.byte	14                              @ DW_FORM_strp
	.byte	58                              @ DW_AT_decl_file
	.byte	11                              @ DW_FORM_data1
	.byte	59                              @ DW_AT_decl_line
	.byte	5                               @ DW_FORM_data2
	.byte	0                               @ EOM(1)
	.byte	0                               @ EOM(2)
	.byte	13                              @ Abbreviation Code
	.byte	19                              @ DW_TAG_structure_type
	.byte	1                               @ DW_CHILDREN_yes
	.byte	11                              @ DW_AT_byte_size
	.byte	11                              @ DW_FORM_data1
	.byte	58                              @ DW_AT_decl_file
	.byte	11                              @ DW_FORM_data1
	.byte	59                              @ DW_AT_decl_line
	.byte	11                              @ DW_FORM_data1
	.byte	0                               @ EOM(1)
	.byte	0                               @ EOM(2)
	.byte	14                              @ Abbreviation Code
	.byte	13                              @ DW_TAG_member
	.byte	0                               @ DW_CHILDREN_no
	.byte	3                               @ DW_AT_name
	.byte	14                              @ DW_FORM_strp
	.byte	73                              @ DW_AT_type
	.byte	19                              @ DW_FORM_ref4
	.byte	58                              @ DW_AT_decl_file
	.byte	11                              @ DW_FORM_data1
	.byte	59                              @ DW_AT_decl_line
	.byte	5                               @ DW_FORM_data2
	.byte	56                              @ DW_AT_data_member_location
	.byte	11                              @ DW_FORM_data1
	.byte	0                               @ EOM(1)
	.byte	0                               @ EOM(2)
	.byte	15                              @ Abbreviation Code
	.byte	53                              @ DW_TAG_volatile_type
	.byte	0                               @ DW_CHILDREN_no
	.byte	73                              @ DW_AT_type
	.byte	19                              @ DW_FORM_ref4
	.byte	0                               @ EOM(1)
	.byte	0                               @ EOM(2)
	.byte	16                              @ Abbreviation Code
	.byte	13                              @ DW_TAG_member
	.byte	0                               @ DW_CHILDREN_no
	.byte	3                               @ DW_AT_name
	.byte	14                              @ DW_FORM_strp
	.byte	73                              @ DW_AT_type
	.byte	19                              @ DW_FORM_ref4
	.byte	58                              @ DW_AT_decl_file
	.byte	11                              @ DW_FORM_data1
	.byte	59                              @ DW_AT_decl_line
	.byte	11                              @ DW_FORM_data1
	.byte	56                              @ DW_AT_data_member_location
	.byte	11                              @ DW_FORM_data1
	.byte	0                               @ EOM(1)
	.byte	0                               @ EOM(2)
	.byte	17                              @ Abbreviation Code
	.byte	38                              @ DW_TAG_const_type
	.byte	0                               @ DW_CHILDREN_no
	.byte	73                              @ DW_AT_type
	.byte	19                              @ DW_FORM_ref4
	.byte	0                               @ EOM(1)
	.byte	0                               @ EOM(2)
	.byte	18                              @ Abbreviation Code
	.byte	19                              @ DW_TAG_structure_type
	.byte	1                               @ DW_CHILDREN_yes
	.byte	11                              @ DW_AT_byte_size
	.byte	5                               @ DW_FORM_data2
	.byte	58                              @ DW_AT_decl_file
	.byte	11                              @ DW_FORM_data1
	.byte	59                              @ DW_AT_decl_line
	.byte	11                              @ DW_FORM_data1
	.byte	0                               @ EOM(1)
	.byte	0                               @ EOM(2)
	.byte	19                              @ Abbreviation Code
	.byte	13                              @ DW_TAG_member
	.byte	0                               @ DW_CHILDREN_no
	.byte	3                               @ DW_AT_name
	.byte	14                              @ DW_FORM_strp
	.byte	73                              @ DW_AT_type
	.byte	19                              @ DW_FORM_ref4
	.byte	58                              @ DW_AT_decl_file
	.byte	11                              @ DW_FORM_data1
	.byte	59                              @ DW_AT_decl_line
	.byte	5                               @ DW_FORM_data2
	.byte	56                              @ DW_AT_data_member_location
	.byte	5                               @ DW_FORM_data2
	.byte	0                               @ EOM(1)
	.byte	0                               @ EOM(2)
	.byte	20                              @ Abbreviation Code
	.byte	19                              @ DW_TAG_structure_type
	.byte	1                               @ DW_CHILDREN_yes
	.byte	11                              @ DW_AT_byte_size
	.byte	5                               @ DW_FORM_data2
	.byte	58                              @ DW_AT_decl_file
	.byte	11                              @ DW_FORM_data1
	.byte	59                              @ DW_AT_decl_line
	.byte	5                               @ DW_FORM_data2
	.byte	0                               @ EOM(1)
	.byte	0                               @ EOM(2)
	.byte	21                              @ Abbreviation Code
	.byte	46                              @ DW_TAG_subprogram
	.byte	0                               @ DW_CHILDREN_no
	.byte	3                               @ DW_AT_name
	.byte	14                              @ DW_FORM_strp
	.byte	58                              @ DW_AT_decl_file
	.byte	11                              @ DW_FORM_data1
	.byte	59                              @ DW_AT_decl_line
	.byte	5                               @ DW_FORM_data2
	.byte	39                              @ DW_AT_prototyped
	.byte	25                              @ DW_FORM_flag_present
	.byte	32                              @ DW_AT_inline
	.byte	11                              @ DW_FORM_data1
	.byte	0                               @ EOM(1)
	.byte	0                               @ EOM(2)
	.byte	22                              @ Abbreviation Code
	.byte	46                              @ DW_TAG_subprogram
	.byte	1                               @ DW_CHILDREN_yes
	.byte	17                              @ DW_AT_low_pc
	.byte	1                               @ DW_FORM_addr
	.byte	18                              @ DW_AT_high_pc
	.byte	6                               @ DW_FORM_data4
	.byte	64                              @ DW_AT_frame_base
	.byte	24                              @ DW_FORM_exprloc
	.ascii	"\227B"                         @ DW_AT_GNU_all_call_sites
	.byte	25                              @ DW_FORM_flag_present
	.byte	3                               @ DW_AT_name
	.byte	14                              @ DW_FORM_strp
	.byte	58                              @ DW_AT_decl_file
	.byte	11                              @ DW_FORM_data1
	.byte	59                              @ DW_AT_decl_line
	.byte	11                              @ DW_FORM_data1
	.byte	39                              @ DW_AT_prototyped
	.byte	25                              @ DW_FORM_flag_present
	.byte	63                              @ DW_AT_external
	.byte	25                              @ DW_FORM_flag_present
	.byte	0                               @ EOM(1)
	.byte	0                               @ EOM(2)
	.byte	23                              @ Abbreviation Code
	.byte	29                              @ DW_TAG_inlined_subroutine
	.byte	0                               @ DW_CHILDREN_no
	.byte	49                              @ DW_AT_abstract_origin
	.byte	19                              @ DW_FORM_ref4
	.byte	17                              @ DW_AT_low_pc
	.byte	1                               @ DW_FORM_addr
	.byte	18                              @ DW_AT_high_pc
	.byte	6                               @ DW_FORM_data4
	.byte	88                              @ DW_AT_call_file
	.byte	11                              @ DW_FORM_data1
	.byte	89                              @ DW_AT_call_line
	.byte	11                              @ DW_FORM_data1
	.byte	87                              @ DW_AT_call_column
	.byte	11                              @ DW_FORM_data1
	.byte	0                               @ EOM(1)
	.byte	0                               @ EOM(2)
	.byte	24                              @ Abbreviation Code
	.byte	46                              @ DW_TAG_subprogram
	.byte	1                               @ DW_CHILDREN_yes
	.byte	17                              @ DW_AT_low_pc
	.byte	1                               @ DW_FORM_addr
	.byte	18                              @ DW_AT_high_pc
	.byte	6                               @ DW_FORM_data4
	.byte	64                              @ DW_AT_frame_base
	.byte	24                              @ DW_FORM_exprloc
	.ascii	"\227B"                         @ DW_AT_GNU_all_call_sites
	.byte	25                              @ DW_FORM_flag_present
	.byte	49                              @ DW_AT_abstract_origin
	.byte	19                              @ DW_FORM_ref4
	.byte	0                               @ EOM(1)
	.byte	0                               @ EOM(2)
	.byte	25                              @ Abbreviation Code
	.ascii	"\211\202\001"                  @ DW_TAG_GNU_call_site
	.byte	0                               @ DW_CHILDREN_no
	.byte	49                              @ DW_AT_abstract_origin
	.byte	19                              @ DW_FORM_ref4
	.ascii	"\225B"                         @ DW_AT_GNU_tail_call
	.byte	25                              @ DW_FORM_flag_present
	.byte	17                              @ DW_AT_low_pc
	.byte	1                               @ DW_FORM_addr
	.byte	0                               @ EOM(1)
	.byte	0                               @ EOM(2)
	.byte	26                              @ Abbreviation Code
	.byte	46                              @ DW_TAG_subprogram
	.byte	1                               @ DW_CHILDREN_yes
	.byte	3                               @ DW_AT_name
	.byte	14                              @ DW_FORM_strp
	.byte	58                              @ DW_AT_decl_file
	.byte	11                              @ DW_FORM_data1
	.byte	59                              @ DW_AT_decl_line
	.byte	5                               @ DW_FORM_data2
	.byte	39                              @ DW_AT_prototyped
	.byte	25                              @ DW_FORM_flag_present
	.byte	60                              @ DW_AT_declaration
	.byte	25                              @ DW_FORM_flag_present
	.byte	63                              @ DW_AT_external
	.byte	25                              @ DW_FORM_flag_present
	.byte	0                               @ EOM(1)
	.byte	0                               @ EOM(2)
	.byte	27                              @ Abbreviation Code
	.byte	5                               @ DW_TAG_formal_parameter
	.byte	0                               @ DW_CHILDREN_no
	.byte	73                              @ DW_AT_type
	.byte	19                              @ DW_FORM_ref4
	.byte	0                               @ EOM(1)
	.byte	0                               @ EOM(2)
	.byte	28                              @ Abbreviation Code
	.byte	52                              @ DW_TAG_variable
	.byte	0                               @ DW_CHILDREN_no
	.byte	2                               @ DW_AT_location
	.byte	24                              @ DW_FORM_exprloc
	.byte	3                               @ DW_AT_name
	.byte	14                              @ DW_FORM_strp
	.byte	58                              @ DW_AT_decl_file
	.byte	11                              @ DW_FORM_data1
	.byte	59                              @ DW_AT_decl_line
	.byte	11                              @ DW_FORM_data1
	.byte	73                              @ DW_AT_type
	.byte	19                              @ DW_FORM_ref4
	.byte	0                               @ EOM(1)
	.byte	0                               @ EOM(2)
	.byte	29                              @ Abbreviation Code
	.byte	46                              @ DW_TAG_subprogram
	.byte	1                               @ DW_CHILDREN_yes
	.byte	3                               @ DW_AT_name
	.byte	14                              @ DW_FORM_strp
	.byte	58                              @ DW_AT_decl_file
	.byte	11                              @ DW_FORM_data1
	.byte	59                              @ DW_AT_decl_line
	.byte	5                               @ DW_FORM_data2
	.byte	39                              @ DW_AT_prototyped
	.byte	25                              @ DW_FORM_flag_present
	.byte	32                              @ DW_AT_inline
	.byte	11                              @ DW_FORM_data1
	.byte	0                               @ EOM(1)
	.byte	0                               @ EOM(2)
	.byte	30                              @ Abbreviation Code
	.byte	5                               @ DW_TAG_formal_parameter
	.byte	0                               @ DW_CHILDREN_no
	.byte	3                               @ DW_AT_name
	.byte	14                              @ DW_FORM_strp
	.byte	58                              @ DW_AT_decl_file
	.byte	11                              @ DW_FORM_data1
	.byte	59                              @ DW_AT_decl_line
	.byte	5                               @ DW_FORM_data2
	.byte	73                              @ DW_AT_type
	.byte	19                              @ DW_FORM_ref4
	.byte	0                               @ EOM(1)
	.byte	0                               @ EOM(2)
	.byte	31                              @ Abbreviation Code
	.byte	46                              @ DW_TAG_subprogram
	.byte	1                               @ DW_CHILDREN_yes
	.byte	17                              @ DW_AT_low_pc
	.byte	1                               @ DW_FORM_addr
	.byte	18                              @ DW_AT_high_pc
	.byte	6                               @ DW_FORM_data4
	.byte	64                              @ DW_AT_frame_base
	.byte	24                              @ DW_FORM_exprloc
	.ascii	"\227B"                         @ DW_AT_GNU_all_call_sites
	.byte	25                              @ DW_FORM_flag_present
	.byte	3                               @ DW_AT_name
	.byte	14                              @ DW_FORM_strp
	.byte	58                              @ DW_AT_decl_file
	.byte	11                              @ DW_FORM_data1
	.byte	59                              @ DW_AT_decl_line
	.byte	11                              @ DW_FORM_data1
	.byte	63                              @ DW_AT_external
	.byte	25                              @ DW_FORM_flag_present
	.byte	0                               @ EOM(1)
	.byte	0                               @ EOM(2)
	.byte	32                              @ Abbreviation Code
	.byte	29                              @ DW_TAG_inlined_subroutine
	.byte	1                               @ DW_CHILDREN_yes
	.byte	49                              @ DW_AT_abstract_origin
	.byte	19                              @ DW_FORM_ref4
	.byte	17                              @ DW_AT_low_pc
	.byte	1                               @ DW_FORM_addr
	.byte	18                              @ DW_AT_high_pc
	.byte	6                               @ DW_FORM_data4
	.byte	88                              @ DW_AT_call_file
	.byte	11                              @ DW_FORM_data1
	.byte	89                              @ DW_AT_call_line
	.byte	11                              @ DW_FORM_data1
	.byte	87                              @ DW_AT_call_column
	.byte	11                              @ DW_FORM_data1
	.byte	0                               @ EOM(1)
	.byte	0                               @ EOM(2)
	.byte	33                              @ Abbreviation Code
	.byte	5                               @ DW_TAG_formal_parameter
	.byte	0                               @ DW_CHILDREN_no
	.byte	28                              @ DW_AT_const_value
	.byte	13                              @ DW_FORM_sdata
	.byte	49                              @ DW_AT_abstract_origin
	.byte	19                              @ DW_FORM_ref4
	.byte	0                               @ EOM(1)
	.byte	0                               @ EOM(2)
	.byte	34                              @ Abbreviation Code
	.byte	46                              @ DW_TAG_subprogram
	.byte	0                               @ DW_CHILDREN_no
	.byte	3                               @ DW_AT_name
	.byte	14                              @ DW_FORM_strp
	.byte	58                              @ DW_AT_decl_file
	.byte	11                              @ DW_FORM_data1
	.byte	59                              @ DW_AT_decl_line
	.byte	11                              @ DW_FORM_data1
	.byte	39                              @ DW_AT_prototyped
	.byte	25                              @ DW_FORM_flag_present
	.byte	63                              @ DW_AT_external
	.byte	25                              @ DW_FORM_flag_present
	.byte	32                              @ DW_AT_inline
	.byte	11                              @ DW_FORM_data1
	.byte	0                               @ EOM(1)
	.byte	0                               @ EOM(2)
	.byte	35                              @ Abbreviation Code
	.byte	46                              @ DW_TAG_subprogram
	.byte	1                               @ DW_CHILDREN_yes
	.byte	17                              @ DW_AT_low_pc
	.byte	1                               @ DW_FORM_addr
	.byte	18                              @ DW_AT_high_pc
	.byte	6                               @ DW_FORM_data4
	.byte	64                              @ DW_AT_frame_base
	.byte	24                              @ DW_FORM_exprloc
	.ascii	"\227B"                         @ DW_AT_GNU_all_call_sites
	.byte	25                              @ DW_FORM_flag_present
	.byte	3                               @ DW_AT_name
	.byte	14                              @ DW_FORM_strp
	.byte	58                              @ DW_AT_decl_file
	.byte	11                              @ DW_FORM_data1
	.byte	59                              @ DW_AT_decl_line
	.byte	11                              @ DW_FORM_data1
	.byte	73                              @ DW_AT_type
	.byte	19                              @ DW_FORM_ref4
	.byte	63                              @ DW_AT_external
	.byte	25                              @ DW_FORM_flag_present
	.byte	0                               @ EOM(1)
	.byte	0                               @ EOM(2)
	.byte	0                               @ EOM(3)
	.section	.debug_info,"",%progbits
.Lcu_begin0:
	.long	.Ldebug_info_end0-.Ldebug_info_start0 @ Length of Unit
.Ldebug_info_start0:
	.short	4                               @ DWARF version number
	.long	.debug_abbrev                   @ Offset Into Abbrev. Section
	.byte	4                               @ Address Size (in bytes)
	.byte	1                               @ Abbrev [1] 0xb:0x8c3 DW_TAG_compile_unit
	.long	.Linfo_string0                  @ DW_AT_producer
	.short	12                              @ DW_AT_language
	.long	.Linfo_string1                  @ DW_AT_name
	.long	.Lline_table_start0             @ DW_AT_stmt_list
	.long	.Linfo_string2                  @ DW_AT_comp_dir
	.long	.Lfunc_begin0                   @ DW_AT_low_pc
	.long	.Lfunc_end4-.Lfunc_begin0       @ DW_AT_high_pc
	.byte	2                               @ Abbrev [2] 0x26:0x7 DW_TAG_variable
	.long	45                              @ DW_AT_type
	.byte	1                               @ DW_AT_decl_file
	.byte	72                              @ DW_AT_decl_line
	.byte	3                               @ Abbrev [3] 0x2d:0xc DW_TAG_array_type
	.long	57                              @ DW_AT_type
	.byte	4                               @ Abbrev [4] 0x32:0x6 DW_TAG_subrange_type
	.long	64                              @ DW_AT_type
	.byte	26                              @ DW_AT_count
	.byte	0                               @ End Of Children Mark
	.byte	5                               @ Abbrev [5] 0x39:0x7 DW_TAG_base_type
	.long	.Linfo_string3                  @ DW_AT_name
	.byte	8                               @ DW_AT_encoding
	.byte	1                               @ DW_AT_byte_size
	.byte	6                               @ Abbrev [6] 0x40:0x7 DW_TAG_base_type
	.long	.Linfo_string4                  @ DW_AT_name
	.byte	8                               @ DW_AT_byte_size
	.byte	7                               @ DW_AT_encoding
	.byte	2                               @ Abbrev [2] 0x47:0x7 DW_TAG_variable
	.long	45                              @ DW_AT_type
	.byte	1                               @ DW_AT_decl_file
	.byte	77                              @ DW_AT_decl_line
	.byte	2                               @ Abbrev [2] 0x4e:0x7 DW_TAG_variable
	.long	45                              @ DW_AT_type
	.byte	1                               @ DW_AT_decl_file
	.byte	82                              @ DW_AT_decl_line
	.byte	2                               @ Abbrev [2] 0x55:0x7 DW_TAG_variable
	.long	92                              @ DW_AT_type
	.byte	1                               @ DW_AT_decl_file
	.byte	89                              @ DW_AT_decl_line
	.byte	3                               @ Abbrev [3] 0x5c:0xc DW_TAG_array_type
	.long	57                              @ DW_AT_type
	.byte	4                               @ Abbrev [4] 0x61:0x6 DW_TAG_subrange_type
	.long	64                              @ DW_AT_type
	.byte	37                              @ DW_AT_count
	.byte	0                               @ End Of Children Mark
	.byte	2                               @ Abbrev [2] 0x68:0x7 DW_TAG_variable
	.long	111                             @ DW_AT_type
	.byte	1                               @ DW_AT_decl_file
	.byte	95                              @ DW_AT_decl_line
	.byte	3                               @ Abbrev [3] 0x6f:0xc DW_TAG_array_type
	.long	57                              @ DW_AT_type
	.byte	4                               @ Abbrev [4] 0x74:0x6 DW_TAG_subrange_type
	.long	64                              @ DW_AT_type
	.byte	43                              @ DW_AT_count
	.byte	0                               @ End Of Children Mark
	.byte	2                               @ Abbrev [2] 0x7b:0x7 DW_TAG_variable
	.long	111                             @ DW_AT_type
	.byte	1                               @ DW_AT_decl_file
	.byte	96                              @ DW_AT_decl_line
	.byte	2                               @ Abbrev [2] 0x82:0x7 DW_TAG_variable
	.long	137                             @ DW_AT_type
	.byte	1                               @ DW_AT_decl_file
	.byte	97                              @ DW_AT_decl_line
	.byte	3                               @ Abbrev [3] 0x89:0xc DW_TAG_array_type
	.long	57                              @ DW_AT_type
	.byte	4                               @ Abbrev [4] 0x8e:0x6 DW_TAG_subrange_type
	.long	64                              @ DW_AT_type
	.byte	44                              @ DW_AT_count
	.byte	0                               @ End Of Children Mark
	.byte	2                               @ Abbrev [2] 0x95:0x7 DW_TAG_variable
	.long	156                             @ DW_AT_type
	.byte	1                               @ DW_AT_decl_file
	.byte	102                             @ DW_AT_decl_line
	.byte	3                               @ Abbrev [3] 0x9c:0xc DW_TAG_array_type
	.long	57                              @ DW_AT_type
	.byte	4                               @ Abbrev [4] 0xa1:0x6 DW_TAG_subrange_type
	.long	64                              @ DW_AT_type
	.byte	49                              @ DW_AT_count
	.byte	0                               @ End Of Children Mark
	.byte	2                               @ Abbrev [2] 0xa8:0x7 DW_TAG_variable
	.long	175                             @ DW_AT_type
	.byte	1                               @ DW_AT_decl_file
	.byte	103                             @ DW_AT_decl_line
	.byte	3                               @ Abbrev [3] 0xaf:0xc DW_TAG_array_type
	.long	57                              @ DW_AT_type
	.byte	4                               @ Abbrev [4] 0xb4:0x6 DW_TAG_subrange_type
	.long	64                              @ DW_AT_type
	.byte	35                              @ DW_AT_count
	.byte	0                               @ End Of Children Mark
	.byte	2                               @ Abbrev [2] 0xbb:0x7 DW_TAG_variable
	.long	194                             @ DW_AT_type
	.byte	1                               @ DW_AT_decl_file
	.byte	104                             @ DW_AT_decl_line
	.byte	3                               @ Abbrev [3] 0xc2:0xc DW_TAG_array_type
	.long	57                              @ DW_AT_type
	.byte	4                               @ Abbrev [4] 0xc7:0x6 DW_TAG_subrange_type
	.long	64                              @ DW_AT_type
	.byte	34                              @ DW_AT_count
	.byte	0                               @ End Of Children Mark
	.byte	2                               @ Abbrev [2] 0xce:0x7 DW_TAG_variable
	.long	213                             @ DW_AT_type
	.byte	1                               @ DW_AT_decl_file
	.byte	105                             @ DW_AT_decl_line
	.byte	3                               @ Abbrev [3] 0xd5:0xc DW_TAG_array_type
	.long	57                              @ DW_AT_type
	.byte	4                               @ Abbrev [4] 0xda:0x6 DW_TAG_subrange_type
	.long	64                              @ DW_AT_type
	.byte	56                              @ DW_AT_count
	.byte	0                               @ End Of Children Mark
	.byte	7                               @ Abbrev [7] 0xe1:0xd DW_TAG_variable
	.long	238                             @ DW_AT_type
	.byte	1                               @ DW_AT_decl_file
	.byte	135                             @ DW_AT_decl_line
	.byte	5                               @ DW_AT_location
	.byte	3
	.long	.L.str.11
	.byte	3                               @ Abbrev [3] 0xee:0xc DW_TAG_array_type
	.long	57                              @ DW_AT_type
	.byte	4                               @ Abbrev [4] 0xf3:0x6 DW_TAG_subrange_type
	.long	64                              @ DW_AT_type
	.byte	27                              @ DW_AT_count
	.byte	0                               @ End Of Children Mark
	.byte	2                               @ Abbrev [2] 0xfa:0x7 DW_TAG_variable
	.long	257                             @ DW_AT_type
	.byte	1                               @ DW_AT_decl_file
	.byte	140                             @ DW_AT_decl_line
	.byte	3                               @ Abbrev [3] 0x101:0xc DW_TAG_array_type
	.long	57                              @ DW_AT_type
	.byte	4                               @ Abbrev [4] 0x106:0x6 DW_TAG_subrange_type
	.long	64                              @ DW_AT_type
	.byte	23                              @ DW_AT_count
	.byte	0                               @ End Of Children Mark
	.byte	8                               @ Abbrev [8] 0x10d:0x116 DW_TAG_enumeration_type
	.long	547                             @ DW_AT_type
	.long	.Linfo_string50                 @ DW_AT_name
	.byte	1                               @ DW_AT_byte_size
	.byte	2                               @ DW_AT_decl_file
	.byte	76                              @ DW_AT_decl_line
	.byte	9                               @ Abbrev [9] 0x119:0x6 DW_TAG_enumerator
	.long	.Linfo_string6                  @ DW_AT_name
	.byte	114                             @ DW_AT_const_value
	.byte	9                               @ Abbrev [9] 0x11f:0x6 DW_TAG_enumerator
	.long	.Linfo_string7                  @ DW_AT_name
	.byte	115                             @ DW_AT_const_value
	.byte	9                               @ Abbrev [9] 0x125:0x6 DW_TAG_enumerator
	.long	.Linfo_string8                  @ DW_AT_name
	.byte	123                             @ DW_AT_const_value
	.byte	9                               @ Abbrev [9] 0x12b:0x6 DW_TAG_enumerator
	.long	.Linfo_string9                  @ DW_AT_name
	.byte	126                             @ DW_AT_const_value
	.byte	9                               @ Abbrev [9] 0x131:0x6 DW_TAG_enumerator
	.long	.Linfo_string10                 @ DW_AT_name
	.byte	127                             @ DW_AT_const_value
	.byte	9                               @ Abbrev [9] 0x137:0x6 DW_TAG_enumerator
	.long	.Linfo_string11                 @ DW_AT_name
	.byte	0                               @ DW_AT_const_value
	.byte	9                               @ Abbrev [9] 0x13d:0x6 DW_TAG_enumerator
	.long	.Linfo_string12                 @ DW_AT_name
	.byte	2                               @ DW_AT_const_value
	.byte	9                               @ Abbrev [9] 0x143:0x6 DW_TAG_enumerator
	.long	.Linfo_string13                 @ DW_AT_name
	.byte	4                               @ DW_AT_const_value
	.byte	9                               @ Abbrev [9] 0x149:0x6 DW_TAG_enumerator
	.long	.Linfo_string14                 @ DW_AT_name
	.byte	5                               @ DW_AT_const_value
	.byte	9                               @ Abbrev [9] 0x14f:0x6 DW_TAG_enumerator
	.long	.Linfo_string15                 @ DW_AT_name
	.byte	8                               @ DW_AT_const_value
	.byte	9                               @ Abbrev [9] 0x155:0x6 DW_TAG_enumerator
	.long	.Linfo_string16                 @ DW_AT_name
	.byte	9                               @ DW_AT_const_value
	.byte	9                               @ Abbrev [9] 0x15b:0x6 DW_TAG_enumerator
	.long	.Linfo_string17                 @ DW_AT_name
	.byte	10                              @ DW_AT_const_value
	.byte	9                               @ Abbrev [9] 0x161:0x6 DW_TAG_enumerator
	.long	.Linfo_string18                 @ DW_AT_name
	.byte	11                              @ DW_AT_const_value
	.byte	9                               @ Abbrev [9] 0x167:0x6 DW_TAG_enumerator
	.long	.Linfo_string19                 @ DW_AT_name
	.byte	12                              @ DW_AT_const_value
	.byte	9                               @ Abbrev [9] 0x16d:0x6 DW_TAG_enumerator
	.long	.Linfo_string20                 @ DW_AT_name
	.byte	13                              @ DW_AT_const_value
	.byte	9                               @ Abbrev [9] 0x173:0x6 DW_TAG_enumerator
	.long	.Linfo_string21                 @ DW_AT_name
	.byte	14                              @ DW_AT_const_value
	.byte	9                               @ Abbrev [9] 0x179:0x6 DW_TAG_enumerator
	.long	.Linfo_string22                 @ DW_AT_name
	.byte	15                              @ DW_AT_const_value
	.byte	9                               @ Abbrev [9] 0x17f:0x6 DW_TAG_enumerator
	.long	.Linfo_string23                 @ DW_AT_name
	.byte	16                              @ DW_AT_const_value
	.byte	9                               @ Abbrev [9] 0x185:0x6 DW_TAG_enumerator
	.long	.Linfo_string24                 @ DW_AT_name
	.byte	17                              @ DW_AT_const_value
	.byte	9                               @ Abbrev [9] 0x18b:0x6 DW_TAG_enumerator
	.long	.Linfo_string25                 @ DW_AT_name
	.byte	18                              @ DW_AT_const_value
	.byte	9                               @ Abbrev [9] 0x191:0x6 DW_TAG_enumerator
	.long	.Linfo_string26                 @ DW_AT_name
	.byte	19                              @ DW_AT_const_value
	.byte	9                               @ Abbrev [9] 0x197:0x6 DW_TAG_enumerator
	.long	.Linfo_string27                 @ DW_AT_name
	.byte	20                              @ DW_AT_const_value
	.byte	9                               @ Abbrev [9] 0x19d:0x6 DW_TAG_enumerator
	.long	.Linfo_string28                 @ DW_AT_name
	.byte	21                              @ DW_AT_const_value
	.byte	9                               @ Abbrev [9] 0x1a3:0x6 DW_TAG_enumerator
	.long	.Linfo_string29                 @ DW_AT_name
	.byte	22                              @ DW_AT_const_value
	.byte	9                               @ Abbrev [9] 0x1a9:0x6 DW_TAG_enumerator
	.long	.Linfo_string30                 @ DW_AT_name
	.byte	25                              @ DW_AT_const_value
	.byte	9                               @ Abbrev [9] 0x1af:0x6 DW_TAG_enumerator
	.long	.Linfo_string31                 @ DW_AT_name
	.byte	26                              @ DW_AT_const_value
	.byte	9                               @ Abbrev [9] 0x1b5:0x6 DW_TAG_enumerator
	.long	.Linfo_string32                 @ DW_AT_name
	.byte	32                              @ DW_AT_const_value
	.byte	9                               @ Abbrev [9] 0x1bb:0x6 DW_TAG_enumerator
	.long	.Linfo_string33                 @ DW_AT_name
	.byte	33                              @ DW_AT_const_value
	.byte	9                               @ Abbrev [9] 0x1c1:0x6 DW_TAG_enumerator
	.long	.Linfo_string34                 @ DW_AT_name
	.byte	34                              @ DW_AT_const_value
	.byte	9                               @ Abbrev [9] 0x1c7:0x6 DW_TAG_enumerator
	.long	.Linfo_string35                 @ DW_AT_name
	.byte	35                              @ DW_AT_const_value
	.byte	9                               @ Abbrev [9] 0x1cd:0x6 DW_TAG_enumerator
	.long	.Linfo_string36                 @ DW_AT_name
	.byte	36                              @ DW_AT_const_value
	.byte	9                               @ Abbrev [9] 0x1d3:0x6 DW_TAG_enumerator
	.long	.Linfo_string37                 @ DW_AT_name
	.byte	37                              @ DW_AT_const_value
	.byte	9                               @ Abbrev [9] 0x1d9:0x6 DW_TAG_enumerator
	.long	.Linfo_string38                 @ DW_AT_name
	.byte	38                              @ DW_AT_const_value
	.byte	9                               @ Abbrev [9] 0x1df:0x6 DW_TAG_enumerator
	.long	.Linfo_string39                 @ DW_AT_name
	.byte	40                              @ DW_AT_const_value
	.byte	9                               @ Abbrev [9] 0x1e5:0x6 DW_TAG_enumerator
	.long	.Linfo_string40                 @ DW_AT_name
	.byte	42                              @ DW_AT_const_value
	.byte	9                               @ Abbrev [9] 0x1eb:0x6 DW_TAG_enumerator
	.long	.Linfo_string41                 @ DW_AT_name
	.byte	48                              @ DW_AT_const_value
	.byte	9                               @ Abbrev [9] 0x1f1:0x6 DW_TAG_enumerator
	.long	.Linfo_string42                 @ DW_AT_name
	.byte	52                              @ DW_AT_const_value
	.byte	9                               @ Abbrev [9] 0x1f7:0x6 DW_TAG_enumerator
	.long	.Linfo_string43                 @ DW_AT_name
	.byte	53                              @ DW_AT_const_value
	.byte	9                               @ Abbrev [9] 0x1fd:0x6 DW_TAG_enumerator
	.long	.Linfo_string44                 @ DW_AT_name
	.byte	54                              @ DW_AT_const_value
	.byte	9                               @ Abbrev [9] 0x203:0x6 DW_TAG_enumerator
	.long	.Linfo_string45                 @ DW_AT_name
	.byte	55                              @ DW_AT_const_value
	.byte	9                               @ Abbrev [9] 0x209:0x6 DW_TAG_enumerator
	.long	.Linfo_string46                 @ DW_AT_name
	.byte	56                              @ DW_AT_const_value
	.byte	9                               @ Abbrev [9] 0x20f:0x6 DW_TAG_enumerator
	.long	.Linfo_string47                 @ DW_AT_name
	.byte	57                              @ DW_AT_const_value
	.byte	9                               @ Abbrev [9] 0x215:0x6 DW_TAG_enumerator
	.long	.Linfo_string48                 @ DW_AT_name
	.byte	60                              @ DW_AT_const_value
	.byte	9                               @ Abbrev [9] 0x21b:0x7 DW_TAG_enumerator
	.long	.Linfo_string49                 @ DW_AT_name
	.asciz	"\310"                          @ DW_AT_const_value
	.byte	0                               @ End Of Children Mark
	.byte	5                               @ Abbrev [5] 0x223:0x7 DW_TAG_base_type
	.long	.Linfo_string5                  @ DW_AT_name
	.byte	6                               @ DW_AT_encoding
	.byte	1                               @ DW_AT_byte_size
	.byte	10                              @ Abbrev [10] 0x22a:0xb DW_TAG_typedef
	.long	565                             @ DW_AT_type
	.long	.Linfo_string52                 @ DW_AT_name
	.byte	3                               @ DW_AT_decl_file
	.byte	64                              @ DW_AT_decl_line
	.byte	5                               @ Abbrev [5] 0x235:0x7 DW_TAG_base_type
	.long	.Linfo_string51                 @ DW_AT_name
	.byte	7                               @ DW_AT_encoding
	.byte	4                               @ DW_AT_byte_size
	.byte	11                              @ Abbrev [11] 0x23c:0x5 DW_TAG_pointer_type
	.long	577                             @ DW_AT_type
	.byte	12                              @ Abbrev [12] 0x241:0xc DW_TAG_typedef
	.long	589                             @ DW_AT_type
	.long	.Linfo_string72                 @ DW_AT_name
	.byte	4                               @ DW_AT_decl_file
	.short	842                             @ DW_AT_decl_line
	.byte	13                              @ Abbrev [13] 0x24d:0xfc DW_TAG_structure_type
	.byte	76                              @ DW_AT_byte_size
	.byte	4                               @ DW_AT_decl_file
	.byte	27                              @ DW_AT_decl_line
	.byte	14                              @ Abbrev [14] 0x251:0xd DW_TAG_member
	.long	.Linfo_string53                 @ DW_AT_name
	.long	841                             @ DW_AT_type
	.byte	4                               @ DW_AT_decl_file
	.short	822                             @ DW_AT_decl_line
	.byte	0                               @ DW_AT_data_member_location
	.byte	14                              @ Abbrev [14] 0x25e:0xd DW_TAG_member
	.long	.Linfo_string54                 @ DW_AT_name
	.long	841                             @ DW_AT_type
	.byte	4                               @ DW_AT_decl_file
	.short	823                             @ DW_AT_decl_line
	.byte	4                               @ DW_AT_data_member_location
	.byte	14                              @ Abbrev [14] 0x26b:0xd DW_TAG_member
	.long	.Linfo_string55                 @ DW_AT_name
	.long	841                             @ DW_AT_type
	.byte	4                               @ DW_AT_decl_file
	.short	824                             @ DW_AT_decl_line
	.byte	8                               @ DW_AT_data_member_location
	.byte	14                              @ Abbrev [14] 0x278:0xd DW_TAG_member
	.long	.Linfo_string56                 @ DW_AT_name
	.long	841                             @ DW_AT_type
	.byte	4                               @ DW_AT_decl_file
	.short	825                             @ DW_AT_decl_line
	.byte	12                              @ DW_AT_data_member_location
	.byte	14                              @ Abbrev [14] 0x285:0xd DW_TAG_member
	.long	.Linfo_string57                 @ DW_AT_name
	.long	841                             @ DW_AT_type
	.byte	4                               @ DW_AT_decl_file
	.short	826                             @ DW_AT_decl_line
	.byte	16                              @ DW_AT_data_member_location
	.byte	14                              @ Abbrev [14] 0x292:0xd DW_TAG_member
	.long	.Linfo_string58                 @ DW_AT_name
	.long	841                             @ DW_AT_type
	.byte	4                               @ DW_AT_decl_file
	.short	827                             @ DW_AT_decl_line
	.byte	20                              @ DW_AT_data_member_location
	.byte	14                              @ Abbrev [14] 0x29f:0xd DW_TAG_member
	.long	.Linfo_string59                 @ DW_AT_name
	.long	841                             @ DW_AT_type
	.byte	4                               @ DW_AT_decl_file
	.short	828                             @ DW_AT_decl_line
	.byte	24                              @ DW_AT_data_member_location
	.byte	14                              @ Abbrev [14] 0x2ac:0xd DW_TAG_member
	.long	.Linfo_string60                 @ DW_AT_name
	.long	841                             @ DW_AT_type
	.byte	4                               @ DW_AT_decl_file
	.short	829                             @ DW_AT_decl_line
	.byte	28                              @ DW_AT_data_member_location
	.byte	14                              @ Abbrev [14] 0x2b9:0xd DW_TAG_member
	.long	.Linfo_string61                 @ DW_AT_name
	.long	841                             @ DW_AT_type
	.byte	4                               @ DW_AT_decl_file
	.short	830                             @ DW_AT_decl_line
	.byte	32                              @ DW_AT_data_member_location
	.byte	14                              @ Abbrev [14] 0x2c6:0xd DW_TAG_member
	.long	.Linfo_string62                 @ DW_AT_name
	.long	841                             @ DW_AT_type
	.byte	4                               @ DW_AT_decl_file
	.short	831                             @ DW_AT_decl_line
	.byte	36                              @ DW_AT_data_member_location
	.byte	14                              @ Abbrev [14] 0x2d3:0xd DW_TAG_member
	.long	.Linfo_string63                 @ DW_AT_name
	.long	841                             @ DW_AT_type
	.byte	4                               @ DW_AT_decl_file
	.short	832                             @ DW_AT_decl_line
	.byte	40                              @ DW_AT_data_member_location
	.byte	14                              @ Abbrev [14] 0x2e0:0xd DW_TAG_member
	.long	.Linfo_string64                 @ DW_AT_name
	.long	841                             @ DW_AT_type
	.byte	4                               @ DW_AT_decl_file
	.short	833                             @ DW_AT_decl_line
	.byte	44                              @ DW_AT_data_member_location
	.byte	14                              @ Abbrev [14] 0x2ed:0xd DW_TAG_member
	.long	.Linfo_string65                 @ DW_AT_name
	.long	841                             @ DW_AT_type
	.byte	4                               @ DW_AT_decl_file
	.short	834                             @ DW_AT_decl_line
	.byte	48                              @ DW_AT_data_member_location
	.byte	14                              @ Abbrev [14] 0x2fa:0xd DW_TAG_member
	.long	.Linfo_string66                 @ DW_AT_name
	.long	841                             @ DW_AT_type
	.byte	4                               @ DW_AT_decl_file
	.short	835                             @ DW_AT_decl_line
	.byte	52                              @ DW_AT_data_member_location
	.byte	14                              @ Abbrev [14] 0x307:0xd DW_TAG_member
	.long	.Linfo_string67                 @ DW_AT_name
	.long	841                             @ DW_AT_type
	.byte	4                               @ DW_AT_decl_file
	.short	836                             @ DW_AT_decl_line
	.byte	56                              @ DW_AT_data_member_location
	.byte	14                              @ Abbrev [14] 0x314:0xd DW_TAG_member
	.long	.Linfo_string68                 @ DW_AT_name
	.long	841                             @ DW_AT_type
	.byte	4                               @ DW_AT_decl_file
	.short	837                             @ DW_AT_decl_line
	.byte	60                              @ DW_AT_data_member_location
	.byte	14                              @ Abbrev [14] 0x321:0xd DW_TAG_member
	.long	.Linfo_string69                 @ DW_AT_name
	.long	841                             @ DW_AT_type
	.byte	4                               @ DW_AT_decl_file
	.short	838                             @ DW_AT_decl_line
	.byte	64                              @ DW_AT_data_member_location
	.byte	14                              @ Abbrev [14] 0x32e:0xd DW_TAG_member
	.long	.Linfo_string70                 @ DW_AT_name
	.long	841                             @ DW_AT_type
	.byte	4                               @ DW_AT_decl_file
	.short	839                             @ DW_AT_decl_line
	.byte	68                              @ DW_AT_data_member_location
	.byte	14                              @ Abbrev [14] 0x33b:0xd DW_TAG_member
	.long	.Linfo_string71                 @ DW_AT_name
	.long	841                             @ DW_AT_type
	.byte	4                               @ DW_AT_decl_file
	.short	840                             @ DW_AT_decl_line
	.byte	72                              @ DW_AT_data_member_location
	.byte	0                               @ End Of Children Mark
	.byte	15                              @ Abbrev [15] 0x349:0x5 DW_TAG_volatile_type
	.long	554                             @ DW_AT_type
	.byte	11                              @ Abbrev [11] 0x34e:0x5 DW_TAG_pointer_type
	.long	851                             @ DW_AT_type
	.byte	10                              @ Abbrev [10] 0x353:0xb DW_TAG_typedef
	.long	862                             @ DW_AT_type
	.long	.Linfo_string86                 @ DW_AT_name
	.byte	5                               @ DW_AT_decl_file
	.byte	238                             @ DW_AT_decl_line
	.byte	13                              @ Abbrev [13] 0x35e:0xad DW_TAG_structure_type
	.byte	56                              @ DW_AT_byte_size
	.byte	5                               @ DW_AT_decl_file
	.byte	23                              @ DW_AT_decl_line
	.byte	16                              @ Abbrev [16] 0x362:0xc DW_TAG_member
	.long	.Linfo_string73                 @ DW_AT_name
	.long	841                             @ DW_AT_type
	.byte	5                               @ DW_AT_decl_file
	.byte	223                             @ DW_AT_decl_line
	.byte	0                               @ DW_AT_data_member_location
	.byte	16                              @ Abbrev [16] 0x36e:0xc DW_TAG_member
	.long	.Linfo_string74                 @ DW_AT_name
	.long	841                             @ DW_AT_type
	.byte	5                               @ DW_AT_decl_file
	.byte	224                             @ DW_AT_decl_line
	.byte	4                               @ DW_AT_data_member_location
	.byte	16                              @ Abbrev [16] 0x37a:0xc DW_TAG_member
	.long	.Linfo_string75                 @ DW_AT_name
	.long	841                             @ DW_AT_type
	.byte	5                               @ DW_AT_decl_file
	.byte	225                             @ DW_AT_decl_line
	.byte	8                               @ DW_AT_data_member_location
	.byte	16                              @ Abbrev [16] 0x386:0xc DW_TAG_member
	.long	.Linfo_string76                 @ DW_AT_name
	.long	841                             @ DW_AT_type
	.byte	5                               @ DW_AT_decl_file
	.byte	226                             @ DW_AT_decl_line
	.byte	12                              @ DW_AT_data_member_location
	.byte	16                              @ Abbrev [16] 0x392:0xc DW_TAG_member
	.long	.Linfo_string77                 @ DW_AT_name
	.long	1035                            @ DW_AT_type
	.byte	5                               @ DW_AT_decl_file
	.byte	227                             @ DW_AT_decl_line
	.byte	16                              @ DW_AT_data_member_location
	.byte	16                              @ Abbrev [16] 0x39e:0xc DW_TAG_member
	.long	.Linfo_string78                 @ DW_AT_name
	.long	841                             @ DW_AT_type
	.byte	5                               @ DW_AT_decl_file
	.byte	228                             @ DW_AT_decl_line
	.byte	20                              @ DW_AT_data_member_location
	.byte	16                              @ Abbrev [16] 0x3aa:0xc DW_TAG_member
	.long	.Linfo_string79                 @ DW_AT_name
	.long	841                             @ DW_AT_type
	.byte	5                               @ DW_AT_decl_file
	.byte	229                             @ DW_AT_decl_line
	.byte	24                              @ DW_AT_data_member_location
	.byte	16                              @ Abbrev [16] 0x3b6:0xc DW_TAG_member
	.long	.Linfo_string54                 @ DW_AT_name
	.long	841                             @ DW_AT_type
	.byte	5                               @ DW_AT_decl_file
	.byte	230                             @ DW_AT_decl_line
	.byte	28                              @ DW_AT_data_member_location
	.byte	16                              @ Abbrev [16] 0x3c2:0xc DW_TAG_member
	.long	.Linfo_string80                 @ DW_AT_name
	.long	841                             @ DW_AT_type
	.byte	5                               @ DW_AT_decl_file
	.byte	231                             @ DW_AT_decl_line
	.byte	32                              @ DW_AT_data_member_location
	.byte	16                              @ Abbrev [16] 0x3ce:0xc DW_TAG_member
	.long	.Linfo_string81                 @ DW_AT_name
	.long	841                             @ DW_AT_type
	.byte	5                               @ DW_AT_decl_file
	.byte	232                             @ DW_AT_decl_line
	.byte	36                              @ DW_AT_data_member_location
	.byte	16                              @ Abbrev [16] 0x3da:0xc DW_TAG_member
	.long	.Linfo_string82                 @ DW_AT_name
	.long	841                             @ DW_AT_type
	.byte	5                               @ DW_AT_decl_file
	.byte	233                             @ DW_AT_decl_line
	.byte	40                              @ DW_AT_data_member_location
	.byte	16                              @ Abbrev [16] 0x3e6:0xc DW_TAG_member
	.long	.Linfo_string83                 @ DW_AT_name
	.long	1040                            @ DW_AT_type
	.byte	5                               @ DW_AT_decl_file
	.byte	234                             @ DW_AT_decl_line
	.byte	44                              @ DW_AT_data_member_location
	.byte	16                              @ Abbrev [16] 0x3f2:0xc DW_TAG_member
	.long	.Linfo_string84                 @ DW_AT_name
	.long	841                             @ DW_AT_type
	.byte	5                               @ DW_AT_decl_file
	.byte	235                             @ DW_AT_decl_line
	.byte	48                              @ DW_AT_data_member_location
	.byte	16                              @ Abbrev [16] 0x3fe:0xc DW_TAG_member
	.long	.Linfo_string85                 @ DW_AT_name
	.long	841                             @ DW_AT_type
	.byte	5                               @ DW_AT_decl_file
	.byte	236                             @ DW_AT_decl_line
	.byte	52                              @ DW_AT_data_member_location
	.byte	0                               @ End Of Children Mark
	.byte	17                              @ Abbrev [17] 0x40b:0x5 DW_TAG_const_type
	.long	841                             @ DW_AT_type
	.byte	3                               @ Abbrev [3] 0x410:0xc DW_TAG_array_type
	.long	1035                            @ DW_AT_type
	.byte	4                               @ Abbrev [4] 0x415:0x6 DW_TAG_subrange_type
	.long	64                              @ DW_AT_type
	.byte	1                               @ DW_AT_count
	.byte	0                               @ End Of Children Mark
	.byte	11                              @ Abbrev [11] 0x41c:0x5 DW_TAG_pointer_type
	.long	1057                            @ DW_AT_type
	.byte	12                              @ Abbrev [12] 0x421:0xc DW_TAG_typedef
	.long	1069                            @ DW_AT_type
	.long	.Linfo_string127                @ DW_AT_name
	.byte	6                               @ DW_AT_decl_file
	.short	746                             @ DW_AT_decl_line
	.byte	18                              @ Abbrev [18] 0x42d:0x222 DW_TAG_structure_type
	.short	496                             @ DW_AT_byte_size
	.byte	6                               @ DW_AT_decl_file
	.byte	23                              @ DW_AT_decl_line
	.byte	14                              @ Abbrev [14] 0x432:0xd DW_TAG_member
	.long	.Linfo_string87                 @ DW_AT_name
	.long	1035                            @ DW_AT_type
	.byte	6                               @ DW_AT_decl_file
	.short	704                             @ DW_AT_decl_line
	.byte	0                               @ DW_AT_data_member_location
	.byte	14                              @ Abbrev [14] 0x43f:0xd DW_TAG_member
	.long	.Linfo_string88                 @ DW_AT_name
	.long	841                             @ DW_AT_type
	.byte	6                               @ DW_AT_decl_file
	.short	705                             @ DW_AT_decl_line
	.byte	4                               @ DW_AT_data_member_location
	.byte	14                              @ Abbrev [14] 0x44c:0xd DW_TAG_member
	.long	.Linfo_string89                 @ DW_AT_name
	.long	841                             @ DW_AT_type
	.byte	6                               @ DW_AT_decl_file
	.short	706                             @ DW_AT_decl_line
	.byte	8                               @ DW_AT_data_member_location
	.byte	14                              @ Abbrev [14] 0x459:0xd DW_TAG_member
	.long	.Linfo_string90                 @ DW_AT_name
	.long	841                             @ DW_AT_type
	.byte	6                               @ DW_AT_decl_file
	.short	707                             @ DW_AT_decl_line
	.byte	12                              @ DW_AT_data_member_location
	.byte	14                              @ Abbrev [14] 0x466:0xd DW_TAG_member
	.long	.Linfo_string91                 @ DW_AT_name
	.long	841                             @ DW_AT_type
	.byte	6                               @ DW_AT_decl_file
	.short	708                             @ DW_AT_decl_line
	.byte	16                              @ DW_AT_data_member_location
	.byte	14                              @ Abbrev [14] 0x473:0xd DW_TAG_member
	.long	.Linfo_string83                 @ DW_AT_name
	.long	1040                            @ DW_AT_type
	.byte	6                               @ DW_AT_decl_file
	.short	709                             @ DW_AT_decl_line
	.byte	20                              @ DW_AT_data_member_location
	.byte	14                              @ Abbrev [14] 0x480:0xd DW_TAG_member
	.long	.Linfo_string92                 @ DW_AT_name
	.long	841                             @ DW_AT_type
	.byte	6                               @ DW_AT_decl_file
	.short	710                             @ DW_AT_decl_line
	.byte	24                              @ DW_AT_data_member_location
	.byte	14                              @ Abbrev [14] 0x48d:0xd DW_TAG_member
	.long	.Linfo_string93                 @ DW_AT_name
	.long	841                             @ DW_AT_type
	.byte	6                               @ DW_AT_decl_file
	.short	711                             @ DW_AT_decl_line
	.byte	28                              @ DW_AT_data_member_location
	.byte	14                              @ Abbrev [14] 0x49a:0xd DW_TAG_member
	.long	.Linfo_string94                 @ DW_AT_name
	.long	1040                            @ DW_AT_type
	.byte	6                               @ DW_AT_decl_file
	.short	712                             @ DW_AT_decl_line
	.byte	32                              @ DW_AT_data_member_location
	.byte	14                              @ Abbrev [14] 0x4a7:0xd DW_TAG_member
	.long	.Linfo_string95                 @ DW_AT_name
	.long	841                             @ DW_AT_type
	.byte	6                               @ DW_AT_decl_file
	.short	713                             @ DW_AT_decl_line
	.byte	36                              @ DW_AT_data_member_location
	.byte	14                              @ Abbrev [14] 0x4b4:0xd DW_TAG_member
	.long	.Linfo_string96                 @ DW_AT_name
	.long	1615                            @ DW_AT_type
	.byte	6                               @ DW_AT_decl_file
	.short	714                             @ DW_AT_decl_line
	.byte	40                              @ DW_AT_data_member_location
	.byte	14                              @ Abbrev [14] 0x4c1:0xd DW_TAG_member
	.long	.Linfo_string97                 @ DW_AT_name
	.long	841                             @ DW_AT_type
	.byte	6                               @ DW_AT_decl_file
	.short	715                             @ DW_AT_decl_line
	.byte	48                              @ DW_AT_data_member_location
	.byte	14                              @ Abbrev [14] 0x4ce:0xd DW_TAG_member
	.long	.Linfo_string98                 @ DW_AT_name
	.long	841                             @ DW_AT_type
	.byte	6                               @ DW_AT_decl_file
	.short	716                             @ DW_AT_decl_line
	.byte	52                              @ DW_AT_data_member_location
	.byte	14                              @ Abbrev [14] 0x4db:0xd DW_TAG_member
	.long	.Linfo_string99                 @ DW_AT_name
	.long	841                             @ DW_AT_type
	.byte	6                               @ DW_AT_decl_file
	.short	717                             @ DW_AT_decl_line
	.byte	56                              @ DW_AT_data_member_location
	.byte	14                              @ Abbrev [14] 0x4e8:0xd DW_TAG_member
	.long	.Linfo_string100                @ DW_AT_name
	.long	841                             @ DW_AT_type
	.byte	6                               @ DW_AT_decl_file
	.short	718                             @ DW_AT_decl_line
	.byte	60                              @ DW_AT_data_member_location
	.byte	14                              @ Abbrev [14] 0x4f5:0xd DW_TAG_member
	.long	.Linfo_string101                @ DW_AT_name
	.long	841                             @ DW_AT_type
	.byte	6                               @ DW_AT_decl_file
	.short	719                             @ DW_AT_decl_line
	.byte	64                              @ DW_AT_data_member_location
	.byte	14                              @ Abbrev [14] 0x502:0xd DW_TAG_member
	.long	.Linfo_string102                @ DW_AT_name
	.long	841                             @ DW_AT_type
	.byte	6                               @ DW_AT_decl_file
	.short	720                             @ DW_AT_decl_line
	.byte	68                              @ DW_AT_data_member_location
	.byte	14                              @ Abbrev [14] 0x50f:0xd DW_TAG_member
	.long	.Linfo_string103                @ DW_AT_name
	.long	841                             @ DW_AT_type
	.byte	6                               @ DW_AT_decl_file
	.short	721                             @ DW_AT_decl_line
	.byte	72                              @ DW_AT_data_member_location
	.byte	14                              @ Abbrev [14] 0x51c:0xd DW_TAG_member
	.long	.Linfo_string104                @ DW_AT_name
	.long	841                             @ DW_AT_type
	.byte	6                               @ DW_AT_decl_file
	.short	722                             @ DW_AT_decl_line
	.byte	76                              @ DW_AT_data_member_location
	.byte	14                              @ Abbrev [14] 0x529:0xd DW_TAG_member
	.long	.Linfo_string105                @ DW_AT_name
	.long	1040                            @ DW_AT_type
	.byte	6                               @ DW_AT_decl_file
	.short	723                             @ DW_AT_decl_line
	.byte	80                              @ DW_AT_data_member_location
	.byte	14                              @ Abbrev [14] 0x536:0xd DW_TAG_member
	.long	.Linfo_string106                @ DW_AT_name
	.long	841                             @ DW_AT_type
	.byte	6                               @ DW_AT_decl_file
	.short	724                             @ DW_AT_decl_line
	.byte	84                              @ DW_AT_data_member_location
	.byte	14                              @ Abbrev [14] 0x543:0xd DW_TAG_member
	.long	.Linfo_string107                @ DW_AT_name
	.long	841                             @ DW_AT_type
	.byte	6                               @ DW_AT_decl_file
	.short	725                             @ DW_AT_decl_line
	.byte	88                              @ DW_AT_data_member_location
	.byte	14                              @ Abbrev [14] 0x550:0xd DW_TAG_member
	.long	.Linfo_string108                @ DW_AT_name
	.long	841                             @ DW_AT_type
	.byte	6                               @ DW_AT_decl_file
	.short	726                             @ DW_AT_decl_line
	.byte	92                              @ DW_AT_data_member_location
	.byte	14                              @ Abbrev [14] 0x55d:0xd DW_TAG_member
	.long	.Linfo_string109                @ DW_AT_name
	.long	1040                            @ DW_AT_type
	.byte	6                               @ DW_AT_decl_file
	.short	727                             @ DW_AT_decl_line
	.byte	96                              @ DW_AT_data_member_location
	.byte	14                              @ Abbrev [14] 0x56a:0xd DW_TAG_member
	.long	.Linfo_string110                @ DW_AT_name
	.long	841                             @ DW_AT_type
	.byte	6                               @ DW_AT_decl_file
	.short	728                             @ DW_AT_decl_line
	.byte	100                             @ DW_AT_data_member_location
	.byte	14                              @ Abbrev [14] 0x577:0xd DW_TAG_member
	.long	.Linfo_string111                @ DW_AT_name
	.long	1627                            @ DW_AT_type
	.byte	6                               @ DW_AT_decl_file
	.short	729                             @ DW_AT_decl_line
	.byte	104                             @ DW_AT_data_member_location
	.byte	14                              @ Abbrev [14] 0x584:0xd DW_TAG_member
	.long	.Linfo_string112                @ DW_AT_name
	.long	841                             @ DW_AT_type
	.byte	6                               @ DW_AT_decl_file
	.short	730                             @ DW_AT_decl_line
	.byte	128                             @ DW_AT_data_member_location
	.byte	14                              @ Abbrev [14] 0x591:0xd DW_TAG_member
	.long	.Linfo_string113                @ DW_AT_name
	.long	841                             @ DW_AT_type
	.byte	6                               @ DW_AT_decl_file
	.short	731                             @ DW_AT_decl_line
	.byte	132                             @ DW_AT_data_member_location
	.byte	14                              @ Abbrev [14] 0x59e:0xd DW_TAG_member
	.long	.Linfo_string114                @ DW_AT_name
	.long	841                             @ DW_AT_type
	.byte	6                               @ DW_AT_decl_file
	.short	732                             @ DW_AT_decl_line
	.byte	136                             @ DW_AT_data_member_location
	.byte	14                              @ Abbrev [14] 0x5ab:0xd DW_TAG_member
	.long	.Linfo_string115                @ DW_AT_name
	.long	841                             @ DW_AT_type
	.byte	6                               @ DW_AT_decl_file
	.short	733                             @ DW_AT_decl_line
	.byte	140                             @ DW_AT_data_member_location
	.byte	14                              @ Abbrev [14] 0x5b8:0xd DW_TAG_member
	.long	.Linfo_string116                @ DW_AT_name
	.long	1040                            @ DW_AT_type
	.byte	6                               @ DW_AT_decl_file
	.short	734                             @ DW_AT_decl_line
	.byte	144                             @ DW_AT_data_member_location
	.byte	14                              @ Abbrev [14] 0x5c5:0xd DW_TAG_member
	.long	.Linfo_string117                @ DW_AT_name
	.long	841                             @ DW_AT_type
	.byte	6                               @ DW_AT_decl_file
	.short	735                             @ DW_AT_decl_line
	.byte	148                             @ DW_AT_data_member_location
	.byte	14                              @ Abbrev [14] 0x5d2:0xd DW_TAG_member
	.long	.Linfo_string118                @ DW_AT_name
	.long	841                             @ DW_AT_type
	.byte	6                               @ DW_AT_decl_file
	.short	736                             @ DW_AT_decl_line
	.byte	152                             @ DW_AT_data_member_location
	.byte	14                              @ Abbrev [14] 0x5df:0xd DW_TAG_member
	.long	.Linfo_string119                @ DW_AT_name
	.long	1639                            @ DW_AT_type
	.byte	6                               @ DW_AT_decl_file
	.short	737                             @ DW_AT_decl_line
	.byte	156                             @ DW_AT_data_member_location
	.byte	19                              @ Abbrev [19] 0x5ec:0xe DW_TAG_member
	.long	.Linfo_string120                @ DW_AT_name
	.long	841                             @ DW_AT_type
	.byte	6                               @ DW_AT_decl_file
	.short	738                             @ DW_AT_decl_line
	.short	256                             @ DW_AT_data_member_location
	.byte	19                              @ Abbrev [19] 0x5fa:0xe DW_TAG_member
	.long	.Linfo_string121                @ DW_AT_name
	.long	1651                            @ DW_AT_type
	.byte	6                               @ DW_AT_decl_file
	.short	739                             @ DW_AT_decl_line
	.short	260                             @ DW_AT_data_member_location
	.byte	19                              @ Abbrev [19] 0x608:0xe DW_TAG_member
	.long	.Linfo_string122                @ DW_AT_name
	.long	841                             @ DW_AT_type
	.byte	6                               @ DW_AT_decl_file
	.short	740                             @ DW_AT_decl_line
	.short	328                             @ DW_AT_data_member_location
	.byte	19                              @ Abbrev [19] 0x616:0xe DW_TAG_member
	.long	.Linfo_string123                @ DW_AT_name
	.long	1663                            @ DW_AT_type
	.byte	6                               @ DW_AT_decl_file
	.short	741                             @ DW_AT_decl_line
	.short	332                             @ DW_AT_data_member_location
	.byte	19                              @ Abbrev [19] 0x624:0xe DW_TAG_member
	.long	.Linfo_string124                @ DW_AT_name
	.long	841                             @ DW_AT_type
	.byte	6                               @ DW_AT_decl_file
	.short	742                             @ DW_AT_decl_line
	.short	472                             @ DW_AT_data_member_location
	.byte	19                              @ Abbrev [19] 0x632:0xe DW_TAG_member
	.long	.Linfo_string125                @ DW_AT_name
	.long	1675                            @ DW_AT_type
	.byte	6                               @ DW_AT_decl_file
	.short	743                             @ DW_AT_decl_line
	.short	476                             @ DW_AT_data_member_location
	.byte	19                              @ Abbrev [19] 0x640:0xe DW_TAG_member
	.long	.Linfo_string126                @ DW_AT_name
	.long	841                             @ DW_AT_type
	.byte	6                               @ DW_AT_decl_file
	.short	744                             @ DW_AT_decl_line
	.short	492                             @ DW_AT_data_member_location
	.byte	0                               @ End Of Children Mark
	.byte	3                               @ Abbrev [3] 0x64f:0xc DW_TAG_array_type
	.long	1035                            @ DW_AT_type
	.byte	4                               @ Abbrev [4] 0x654:0x6 DW_TAG_subrange_type
	.long	64                              @ DW_AT_type
	.byte	2                               @ DW_AT_count
	.byte	0                               @ End Of Children Mark
	.byte	3                               @ Abbrev [3] 0x65b:0xc DW_TAG_array_type
	.long	1035                            @ DW_AT_type
	.byte	4                               @ Abbrev [4] 0x660:0x6 DW_TAG_subrange_type
	.long	64                              @ DW_AT_type
	.byte	6                               @ DW_AT_count
	.byte	0                               @ End Of Children Mark
	.byte	3                               @ Abbrev [3] 0x667:0xc DW_TAG_array_type
	.long	1035                            @ DW_AT_type
	.byte	4                               @ Abbrev [4] 0x66c:0x6 DW_TAG_subrange_type
	.long	64                              @ DW_AT_type
	.byte	25                              @ DW_AT_count
	.byte	0                               @ End Of Children Mark
	.byte	3                               @ Abbrev [3] 0x673:0xc DW_TAG_array_type
	.long	1035                            @ DW_AT_type
	.byte	4                               @ Abbrev [4] 0x678:0x6 DW_TAG_subrange_type
	.long	64                              @ DW_AT_type
	.byte	17                              @ DW_AT_count
	.byte	0                               @ End Of Children Mark
	.byte	3                               @ Abbrev [3] 0x67f:0xc DW_TAG_array_type
	.long	1035                            @ DW_AT_type
	.byte	4                               @ Abbrev [4] 0x684:0x6 DW_TAG_subrange_type
	.long	64                              @ DW_AT_type
	.byte	35                              @ DW_AT_count
	.byte	0                               @ End Of Children Mark
	.byte	3                               @ Abbrev [3] 0x68b:0xc DW_TAG_array_type
	.long	1035                            @ DW_AT_type
	.byte	4                               @ Abbrev [4] 0x690:0x6 DW_TAG_subrange_type
	.long	64                              @ DW_AT_type
	.byte	4                               @ DW_AT_count
	.byte	0                               @ End Of Children Mark
	.byte	10                              @ Abbrev [10] 0x697:0xb DW_TAG_typedef
	.long	1698                            @ DW_AT_type
	.long	.Linfo_string129                @ DW_AT_name
	.byte	3                               @ DW_AT_decl_file
	.byte	58                              @ DW_AT_decl_line
	.byte	5                               @ Abbrev [5] 0x6a2:0x7 DW_TAG_base_type
	.long	.Linfo_string128                @ DW_AT_name
	.byte	5                               @ DW_AT_encoding
	.byte	4                               @ DW_AT_byte_size
	.byte	11                              @ Abbrev [11] 0x6a9:0x5 DW_TAG_pointer_type
	.long	1710                            @ DW_AT_type
	.byte	12                              @ Abbrev [12] 0x6ae:0xc DW_TAG_typedef
	.long	1722                            @ DW_AT_type
	.long	.Linfo_string143                @ DW_AT_name
	.byte	7                               @ DW_AT_decl_file
	.short	367                             @ DW_AT_decl_line
	.byte	20                              @ Abbrev [20] 0x6ba:0xb9 DW_TAG_structure_type
	.short	1264                            @ DW_AT_byte_size
	.byte	7                               @ DW_AT_decl_file
	.short	352                             @ DW_AT_decl_line
	.byte	14                              @ Abbrev [14] 0x6c0:0xd DW_TAG_member
	.long	.Linfo_string130                @ DW_AT_name
	.long	1907                            @ DW_AT_type
	.byte	7                               @ DW_AT_decl_file
	.short	354                             @ DW_AT_decl_line
	.byte	0                               @ DW_AT_data_member_location
	.byte	14                              @ Abbrev [14] 0x6cd:0xd DW_TAG_member
	.long	.Linfo_string131                @ DW_AT_name
	.long	1919                            @ DW_AT_type
	.byte	7                               @ DW_AT_decl_file
	.short	355                             @ DW_AT_decl_line
	.byte	64                              @ DW_AT_data_member_location
	.byte	14                              @ Abbrev [14] 0x6da:0xd DW_TAG_member
	.long	.Linfo_string132                @ DW_AT_name
	.long	1907                            @ DW_AT_type
	.byte	7                               @ DW_AT_decl_file
	.short	356                             @ DW_AT_decl_line
	.byte	128                             @ DW_AT_data_member_location
	.byte	14                              @ Abbrev [14] 0x6e7:0xd DW_TAG_member
	.long	.Linfo_string133                @ DW_AT_name
	.long	1919                            @ DW_AT_type
	.byte	7                               @ DW_AT_decl_file
	.short	357                             @ DW_AT_decl_line
	.byte	192                             @ DW_AT_data_member_location
	.byte	19                              @ Abbrev [19] 0x6f4:0xe DW_TAG_member
	.long	.Linfo_string134                @ DW_AT_name
	.long	1907                            @ DW_AT_type
	.byte	7                               @ DW_AT_decl_file
	.short	358                             @ DW_AT_decl_line
	.short	256                             @ DW_AT_data_member_location
	.byte	19                              @ Abbrev [19] 0x702:0xe DW_TAG_member
	.long	.Linfo_string135                @ DW_AT_name
	.long	1919                            @ DW_AT_type
	.byte	7                               @ DW_AT_decl_file
	.short	359                             @ DW_AT_decl_line
	.short	320                             @ DW_AT_data_member_location
	.byte	19                              @ Abbrev [19] 0x710:0xe DW_TAG_member
	.long	.Linfo_string136                @ DW_AT_name
	.long	1907                            @ DW_AT_type
	.byte	7                               @ DW_AT_decl_file
	.short	360                             @ DW_AT_decl_line
	.short	384                             @ DW_AT_data_member_location
	.byte	19                              @ Abbrev [19] 0x71e:0xe DW_TAG_member
	.long	.Linfo_string137                @ DW_AT_name
	.long	1919                            @ DW_AT_type
	.byte	7                               @ DW_AT_decl_file
	.short	361                             @ DW_AT_decl_line
	.short	448                             @ DW_AT_data_member_location
	.byte	19                              @ Abbrev [19] 0x72c:0xe DW_TAG_member
	.long	.Linfo_string138                @ DW_AT_name
	.long	1907                            @ DW_AT_type
	.byte	7                               @ DW_AT_decl_file
	.short	362                             @ DW_AT_decl_line
	.short	512                             @ DW_AT_data_member_location
	.byte	19                              @ Abbrev [19] 0x73a:0xe DW_TAG_member
	.long	.Linfo_string139                @ DW_AT_name
	.long	1919                            @ DW_AT_type
	.byte	7                               @ DW_AT_decl_file
	.short	363                             @ DW_AT_decl_line
	.short	576                             @ DW_AT_data_member_location
	.byte	19                              @ Abbrev [19] 0x748:0xe DW_TAG_member
	.long	.Linfo_string140                @ DW_AT_name
	.long	1907                            @ DW_AT_type
	.byte	7                               @ DW_AT_decl_file
	.short	364                             @ DW_AT_decl_line
	.short	640                             @ DW_AT_data_member_location
	.byte	19                              @ Abbrev [19] 0x756:0xe DW_TAG_member
	.long	.Linfo_string141                @ DW_AT_name
	.long	1919                            @ DW_AT_type
	.byte	7                               @ DW_AT_decl_file
	.short	365                             @ DW_AT_decl_line
	.short	704                             @ DW_AT_data_member_location
	.byte	19                              @ Abbrev [19] 0x764:0xe DW_TAG_member
	.long	.Linfo_string142                @ DW_AT_name
	.long	1931                            @ DW_AT_type
	.byte	7                               @ DW_AT_decl_file
	.short	366                             @ DW_AT_decl_line
	.short	768                             @ DW_AT_data_member_location
	.byte	0                               @ End Of Children Mark
	.byte	3                               @ Abbrev [3] 0x773:0xc DW_TAG_array_type
	.long	841                             @ DW_AT_type
	.byte	4                               @ Abbrev [4] 0x778:0x6 DW_TAG_subrange_type
	.long	64                              @ DW_AT_type
	.byte	16                              @ DW_AT_count
	.byte	0                               @ End Of Children Mark
	.byte	3                               @ Abbrev [3] 0x77f:0xc DW_TAG_array_type
	.long	554                             @ DW_AT_type
	.byte	4                               @ Abbrev [4] 0x784:0x6 DW_TAG_subrange_type
	.long	64                              @ DW_AT_type
	.byte	16                              @ DW_AT_count
	.byte	0                               @ End Of Children Mark
	.byte	3                               @ Abbrev [3] 0x78b:0xc DW_TAG_array_type
	.long	841                             @ DW_AT_type
	.byte	4                               @ Abbrev [4] 0x790:0x6 DW_TAG_subrange_type
	.long	64                              @ DW_AT_type
	.byte	124                             @ DW_AT_count
	.byte	0                               @ End Of Children Mark
	.byte	21                              @ Abbrev [21] 0x797:0x9 DW_TAG_subprogram
	.long	.Linfo_string144                @ DW_AT_name
	.byte	8                               @ DW_AT_decl_file
	.short	994                             @ DW_AT_decl_line
                                        @ DW_AT_prototyped
	.byte	1                               @ DW_AT_inline
	.byte	21                              @ Abbrev [21] 0x7a0:0x9 DW_TAG_subprogram
	.long	.Linfo_string145                @ DW_AT_name
	.byte	8                               @ DW_AT_decl_file
	.short	1012                            @ DW_AT_decl_line
                                        @ DW_AT_prototyped
	.byte	1                               @ DW_AT_inline
	.byte	22                              @ Abbrev [22] 0x7a9:0x32 DW_TAG_subprogram
	.long	.Lfunc_begin0                   @ DW_AT_low_pc
	.long	.Lfunc_end0-.Lfunc_begin0       @ DW_AT_high_pc
	.byte	1                               @ DW_AT_frame_base
	.byte	93
                                        @ DW_AT_GNU_all_call_sites
	.long	.Linfo_string150                @ DW_AT_name
	.byte	1                               @ DW_AT_decl_file
	.byte	17                              @ DW_AT_decl_line
                                        @ DW_AT_prototyped
                                        @ DW_AT_external
	.byte	23                              @ Abbrev [23] 0x7ba:0x10 DW_TAG_inlined_subroutine
	.long	1943                            @ DW_AT_abstract_origin
	.long	.Ltmp0                          @ DW_AT_low_pc
	.long	.Ltmp9-.Ltmp0                   @ DW_AT_high_pc
	.byte	1                               @ DW_AT_call_file
	.byte	23                              @ DW_AT_call_line
	.byte	5                               @ DW_AT_call_column
	.byte	23                              @ Abbrev [23] 0x7ca:0x10 DW_TAG_inlined_subroutine
	.long	1952                            @ DW_AT_abstract_origin
	.long	.Ltmp17                         @ DW_AT_low_pc
	.long	.Ltmp18-.Ltmp17                 @ DW_AT_high_pc
	.byte	1                               @ DW_AT_call_file
	.byte	53                              @ DW_AT_call_line
	.byte	5                               @ DW_AT_call_column
	.byte	0                               @ End Of Children Mark
	.byte	24                              @ Abbrev [24] 0x7db:0x19 DW_TAG_subprogram
	.long	.Lfunc_begin1                   @ DW_AT_low_pc
	.long	.Lfunc_end1-.Lfunc_begin1       @ DW_AT_high_pc
	.byte	1                               @ DW_AT_frame_base
	.byte	93
                                        @ DW_AT_GNU_all_call_sites
	.long	2207                            @ DW_AT_abstract_origin
	.byte	25                              @ Abbrev [25] 0x7ea:0x9 DW_TAG_GNU_call_site
	.long	2036                            @ DW_AT_abstract_origin
                                        @ DW_AT_GNU_tail_call
	.long	.Ltmp24                         @ DW_AT_low_pc
	.byte	0                               @ End Of Children Mark
	.byte	26                              @ Abbrev [26] 0x7f4:0x13 DW_TAG_subprogram
	.long	.Linfo_string146                @ DW_AT_name
	.byte	9                               @ DW_AT_decl_file
	.short	509                             @ DW_AT_decl_line
                                        @ DW_AT_prototyped
                                        @ DW_AT_declaration
                                        @ DW_AT_external
	.byte	27                              @ Abbrev [27] 0x7fc:0x5 DW_TAG_formal_parameter
	.long	572                             @ DW_AT_type
	.byte	27                              @ Abbrev [27] 0x801:0x5 DW_TAG_formal_parameter
	.long	554                             @ DW_AT_type
	.byte	0                               @ End Of Children Mark
	.byte	22                              @ Abbrev [22] 0x807:0x20 DW_TAG_subprogram
	.long	.Lfunc_begin2                   @ DW_AT_low_pc
	.long	.Lfunc_end2-.Lfunc_begin2       @ DW_AT_high_pc
	.byte	1                               @ DW_AT_frame_base
	.byte	93
                                        @ DW_AT_GNU_all_call_sites
	.long	.Linfo_string151                @ DW_AT_name
	.byte	1                               @ DW_AT_decl_file
	.byte	65                              @ DW_AT_decl_line
                                        @ DW_AT_prototyped
                                        @ DW_AT_external
	.byte	28                              @ Abbrev [28] 0x818:0xe DW_TAG_variable
	.byte	2                               @ DW_AT_location
	.byte	145
	.byte	0
	.long	.Linfo_string154                @ DW_AT_name
	.byte	1                               @ DW_AT_decl_file
	.byte	67                              @ DW_AT_decl_line
	.long	841                             @ DW_AT_type
	.byte	0                               @ End Of Children Mark
	.byte	29                              @ Abbrev [29] 0x827:0x16 DW_TAG_subprogram
	.long	.Linfo_string147                @ DW_AT_name
	.byte	7                               @ DW_AT_decl_file
	.short	1480                            @ DW_AT_decl_line
                                        @ DW_AT_prototyped
	.byte	1                               @ DW_AT_inline
	.byte	30                              @ Abbrev [30] 0x830:0xc DW_TAG_formal_parameter
	.long	.Linfo_string50                 @ DW_AT_name
	.byte	7                               @ DW_AT_decl_file
	.short	1480                            @ DW_AT_decl_line
	.long	2109                            @ DW_AT_type
	.byte	0                               @ End Of Children Mark
	.byte	10                              @ Abbrev [10] 0x83d:0xb DW_TAG_typedef
	.long	269                             @ DW_AT_type
	.long	.Linfo_string148                @ DW_AT_name
	.byte	2                               @ DW_AT_decl_file
	.byte	125                             @ DW_AT_decl_line
	.byte	31                              @ Abbrev [31] 0x848:0x57 DW_TAG_subprogram
	.long	.Lfunc_begin3                   @ DW_AT_low_pc
	.long	.Lfunc_end3-.Lfunc_begin3       @ DW_AT_high_pc
	.byte	1                               @ DW_AT_frame_base
	.byte	93
                                        @ DW_AT_GNU_all_call_sites
	.long	.Linfo_string152                @ DW_AT_name
	.byte	1                               @ DW_AT_decl_file
	.byte	93                              @ DW_AT_decl_line
                                        @ DW_AT_external
	.byte	32                              @ Abbrev [32] 0x859:0x17 DW_TAG_inlined_subroutine
	.long	2087                            @ DW_AT_abstract_origin
	.long	.Ltmp46                         @ DW_AT_low_pc
	.long	.Ltmp47-.Ltmp46                 @ DW_AT_high_pc
	.byte	1                               @ DW_AT_call_file
	.byte	110                             @ DW_AT_call_line
	.byte	5                               @ DW_AT_call_column
	.byte	33                              @ Abbrev [33] 0x869:0x6 DW_TAG_formal_parameter
	.byte	17                              @ DW_AT_const_value
	.long	2096                            @ DW_AT_abstract_origin
	.byte	0                               @ End Of Children Mark
	.byte	32                              @ Abbrev [32] 0x870:0x17 DW_TAG_inlined_subroutine
	.long	2087                            @ DW_AT_abstract_origin
	.long	.Ltmp49                         @ DW_AT_low_pc
	.long	.Ltmp50-.Ltmp49                 @ DW_AT_high_pc
	.byte	1                               @ DW_AT_call_file
	.byte	115                             @ DW_AT_call_line
	.byte	5                               @ DW_AT_call_column
	.byte	33                              @ Abbrev [33] 0x880:0x6 DW_TAG_formal_parameter
	.byte	17                              @ DW_AT_const_value
	.long	2096                            @ DW_AT_abstract_origin
	.byte	0                               @ End Of Children Mark
	.byte	32                              @ Abbrev [32] 0x887:0x17 DW_TAG_inlined_subroutine
	.long	2087                            @ DW_AT_abstract_origin
	.long	.Ltmp52                         @ DW_AT_low_pc
	.long	.Ltmp53-.Ltmp52                 @ DW_AT_high_pc
	.byte	1                               @ DW_AT_call_file
	.byte	120                             @ DW_AT_call_line
	.byte	5                               @ DW_AT_call_column
	.byte	33                              @ Abbrev [33] 0x897:0x6 DW_TAG_formal_parameter
	.byte	17                              @ DW_AT_const_value
	.long	2096                            @ DW_AT_abstract_origin
	.byte	0                               @ End Of Children Mark
	.byte	0                               @ End Of Children Mark
	.byte	34                              @ Abbrev [34] 0x89f:0x8 DW_TAG_subprogram
	.long	.Linfo_string149                @ DW_AT_name
	.byte	1                               @ DW_AT_decl_file
	.byte	56                              @ DW_AT_decl_line
                                        @ DW_AT_prototyped
                                        @ DW_AT_external
	.byte	1                               @ DW_AT_inline
	.byte	35                              @ Abbrev [35] 0x8a7:0x26 DW_TAG_subprogram
	.long	.Lfunc_begin4                   @ DW_AT_low_pc
	.long	.Lfunc_end4-.Lfunc_begin4       @ DW_AT_high_pc
	.byte	1                               @ DW_AT_frame_base
	.byte	93
                                        @ DW_AT_GNU_all_call_sites
	.long	.Linfo_string153                @ DW_AT_name
	.byte	1                               @ DW_AT_decl_file
	.byte	127                             @ DW_AT_decl_line
	.long	1698                            @ DW_AT_type
                                        @ DW_AT_external
	.byte	23                              @ Abbrev [23] 0x8bc:0x10 DW_TAG_inlined_subroutine
	.long	2207                            @ DW_AT_abstract_origin
	.long	.Ltmp57                         @ DW_AT_low_pc
	.long	.Ltmp59-.Ltmp57                 @ DW_AT_high_pc
	.byte	1                               @ DW_AT_call_file
	.byte	133                             @ DW_AT_call_line
	.byte	5                               @ DW_AT_call_column
	.byte	0                               @ End Of Children Mark
	.byte	0                               @ End Of Children Mark
.Ldebug_info_end0:
	.section	.debug_str,"MS",%progbits,1
.Linfo_string0:
	.asciz	"Component: Arm Compiler for Embedded 6.24 Tool: armclang [5f371800]" @ string offset=0
.Linfo_string1:
	.asciz	"..\\main.c"                    @ string offset=68
.Linfo_string2:
	.asciz	"D:\\BSP\\M2003BSP-master\\CM2003xC_CM2003xE_CM2003xG_Series\\SampleCode\\StdDriver\\GPIO_INT\\Keil" @ string offset=78
.Linfo_string3:
	.asciz	"char"                          @ string offset=170
.Linfo_string4:
	.asciz	"__ARRAY_SIZE_TYPE__"           @ string offset=175
.Linfo_string5:
	.asciz	"signed char"                   @ string offset=195
.Linfo_string6:
	.asciz	"NonMaskableInt_IRQn"           @ string offset=207
.Linfo_string7:
	.asciz	"HardFault_IRQn"                @ string offset=227
.Linfo_string8:
	.asciz	"SVCall_IRQn"                   @ string offset=242
.Linfo_string9:
	.asciz	"PendSV_IRQn"                   @ string offset=254
.Linfo_string10:
	.asciz	"SysTick_IRQn"                  @ string offset=266
.Linfo_string11:
	.asciz	"BOD_IRQn"                      @ string offset=279
.Linfo_string12:
	.asciz	"PWRWU_IRQn"                    @ string offset=288
.Linfo_string13:
	.asciz	"CLKFAIL_IRQn"                  @ string offset=299
.Linfo_string14:
	.asciz	"ISP_IRQn"                      @ string offset=312
.Linfo_string15:
	.asciz	"WDT_IRQn"                      @ string offset=321
.Linfo_string16:
	.asciz	"WWDT_IRQn"                     @ string offset=330
.Linfo_string17:
	.asciz	"EINT0_IRQn"                    @ string offset=340
.Linfo_string18:
	.asciz	"EINT1_IRQn"                    @ string offset=351
.Linfo_string19:
	.asciz	"EINT2_IRQn"                    @ string offset=362
.Linfo_string20:
	.asciz	"EINT3_IRQn"                    @ string offset=373
.Linfo_string21:
	.asciz	"EINT4_IRQn"                    @ string offset=384
.Linfo_string22:
	.asciz	"EINT5_IRQn"                    @ string offset=395
.Linfo_string23:
	.asciz	"GPA_IRQn"                      @ string offset=406
.Linfo_string24:
	.asciz	"GPB_IRQn"                      @ string offset=415
.Linfo_string25:
	.asciz	"GPC_IRQn"                      @ string offset=424
.Linfo_string26:
	.asciz	"GPD_IRQn"                      @ string offset=433
.Linfo_string27:
	.asciz	"GPE_IRQn"                      @ string offset=442
.Linfo_string28:
	.asciz	"GPF_IRQn"                      @ string offset=451
.Linfo_string29:
	.asciz	"QSPI0_IRQn"                    @ string offset=460
.Linfo_string30:
	.asciz	"PWM0_IRQn"                     @ string offset=471
.Linfo_string31:
	.asciz	"PWM1_IRQn"                     @ string offset=481
.Linfo_string32:
	.asciz	"TMR0_IRQn"                     @ string offset=491
.Linfo_string33:
	.asciz	"TMR1_IRQn"                     @ string offset=501
.Linfo_string34:
	.asciz	"TMR2_IRQn"                     @ string offset=511
.Linfo_string35:
	.asciz	"TMR3_IRQn"                     @ string offset=521
.Linfo_string36:
	.asciz	"UART0_IRQn"                    @ string offset=531
.Linfo_string37:
	.asciz	"UART1_IRQn"                    @ string offset=542
.Linfo_string38:
	.asciz	"I2C0_IRQn"                     @ string offset=553
.Linfo_string39:
	.asciz	"PDMA0_IRQn"                    @ string offset=563
.Linfo_string40:
	.asciz	"ADC_IRQn"                      @ string offset=574
.Linfo_string41:
	.asciz	"UART2_IRQn"                    @ string offset=583
.Linfo_string42:
	.asciz	"USCI0_IRQn"                    @ string offset=594
.Linfo_string43:
	.asciz	"USCI1_IRQn"                    @ string offset=605
.Linfo_string44:
	.asciz	"USCI2_IRQn"                    @ string offset=616
.Linfo_string45:
	.asciz	"USCI3_IRQn"                    @ string offset=627
.Linfo_string46:
	.asciz	"CAN0_IRQn"                     @ string offset=638
.Linfo_string47:
	.asciz	"CRC0_IRQn"                     @ string offset=648
.Linfo_string48:
	.asciz	"ECAP0_IRQn"                    @ string offset=658
.Linfo_string49:
	.asciz	"GPG_IRQn"                      @ string offset=669
.Linfo_string50:
	.asciz	"IRQn"                          @ string offset=678
.Linfo_string51:
	.asciz	"unsigned int"                  @ string offset=683
.Linfo_string52:
	.asciz	"uint32_t"                      @ string offset=696
.Linfo_string53:
	.asciz	"DAT"                           @ string offset=705
.Linfo_string54:
	.asciz	"INTEN"                         @ string offset=709
.Linfo_string55:
	.asciz	"FIFO"                          @ string offset=715
.Linfo_string56:
	.asciz	"LINE"                          @ string offset=720
.Linfo_string57:
	.asciz	"MODEM"                         @ string offset=725
.Linfo_string58:
	.asciz	"MODEMSTS"                      @ string offset=731
.Linfo_string59:
	.asciz	"FIFOSTS"                       @ string offset=740
.Linfo_string60:
	.asciz	"INTSTS"                        @ string offset=748
.Linfo_string61:
	.asciz	"TOUT"                          @ string offset=755
.Linfo_string62:
	.asciz	"BAUD"                          @ string offset=760
.Linfo_string63:
	.asciz	"IRDA"                          @ string offset=765
.Linfo_string64:
	.asciz	"ALTCTL"                        @ string offset=770
.Linfo_string65:
	.asciz	"FUNCSEL"                       @ string offset=777
.Linfo_string66:
	.asciz	"LINCTL"                        @ string offset=785
.Linfo_string67:
	.asciz	"LINSTS"                        @ string offset=792
.Linfo_string68:
	.asciz	"BRCOMP"                        @ string offset=799
.Linfo_string69:
	.asciz	"WKCTL"                         @ string offset=806
.Linfo_string70:
	.asciz	"WKSTS"                         @ string offset=812
.Linfo_string71:
	.asciz	"DWKCOMP"                       @ string offset=818
.Linfo_string72:
	.asciz	"UART_T"                        @ string offset=826
.Linfo_string73:
	.asciz	"MODE"                          @ string offset=833
.Linfo_string74:
	.asciz	"DINOFF"                        @ string offset=838
.Linfo_string75:
	.asciz	"DOUT"                          @ string offset=845
.Linfo_string76:
	.asciz	"DATMSK"                        @ string offset=850
.Linfo_string77:
	.asciz	"PIN"                           @ string offset=857
.Linfo_string78:
	.asciz	"DBEN"                          @ string offset=861
.Linfo_string79:
	.asciz	"INTTYPE"                       @ string offset=866
.Linfo_string80:
	.asciz	"INTSRC"                        @ string offset=874
.Linfo_string81:
	.asciz	"SMTEN"                         @ string offset=881
.Linfo_string82:
	.asciz	"SLEWCTL"                       @ string offset=887
.Linfo_string83:
	.asciz	"RESERVE0"                      @ string offset=895
.Linfo_string84:
	.asciz	"PUSEL"                         @ string offset=904
.Linfo_string85:
	.asciz	"DBCTL"                         @ string offset=910
.Linfo_string86:
	.asciz	"GPIO_T"                        @ string offset=916
.Linfo_string87:
	.asciz	"PDID"                          @ string offset=923
.Linfo_string88:
	.asciz	"RSTSTS"                        @ string offset=928
.Linfo_string89:
	.asciz	"IPRST0"                        @ string offset=935
.Linfo_string90:
	.asciz	"IPRST1"                        @ string offset=942
.Linfo_string91:
	.asciz	"IPRST2"                        @ string offset=949
.Linfo_string92:
	.asciz	"BODCTL"                        @ string offset=956
.Linfo_string93:
	.asciz	"IVSCTL"                        @ string offset=963
.Linfo_string94:
	.asciz	"RESERVE1"                      @ string offset=970
.Linfo_string95:
	.asciz	"PORCTL0"                       @ string offset=979
.Linfo_string96:
	.asciz	"RESERVE2"                      @ string offset=987
.Linfo_string97:
	.asciz	"GPA_MFPL"                      @ string offset=996
.Linfo_string98:
	.asciz	"GPA_MFPH"                      @ string offset=1005
.Linfo_string99:
	.asciz	"GPB_MFPL"                      @ string offset=1014
.Linfo_string100:
	.asciz	"GPB_MFPH"                      @ string offset=1023
.Linfo_string101:
	.asciz	"GPC_MFPL"                      @ string offset=1032
.Linfo_string102:
	.asciz	"GPC_MFPH"                      @ string offset=1041
.Linfo_string103:
	.asciz	"GPD_MFPL"                      @ string offset=1050
.Linfo_string104:
	.asciz	"GPD_MFPH"                      @ string offset=1059
.Linfo_string105:
	.asciz	"RESERVE3"                      @ string offset=1068
.Linfo_string106:
	.asciz	"GPE_MFPH"                      @ string offset=1077
.Linfo_string107:
	.asciz	"GPF_MFPL"                      @ string offset=1086
.Linfo_string108:
	.asciz	"GPF_MFPH"                      @ string offset=1095
.Linfo_string109:
	.asciz	"RESERVE4"                      @ string offset=1104
.Linfo_string110:
	.asciz	"GPG_MFPH"                      @ string offset=1113
.Linfo_string111:
	.asciz	"RESERVE5"                      @ string offset=1122
.Linfo_string112:
	.asciz	"GPA_MFOS"                      @ string offset=1131
.Linfo_string113:
	.asciz	"GPB_MFOS"                      @ string offset=1140
.Linfo_string114:
	.asciz	"GPC_MFOS"                      @ string offset=1149
.Linfo_string115:
	.asciz	"GPD_MFOS"                      @ string offset=1158
.Linfo_string116:
	.asciz	"RESERVE6"                      @ string offset=1167
.Linfo_string117:
	.asciz	"GPF_MFOS"                      @ string offset=1176
.Linfo_string118:
	.asciz	"GPG_MFOS"                      @ string offset=1185
.Linfo_string119:
	.asciz	"RESERVE7"                      @ string offset=1194
.Linfo_string120:
	.asciz	"REGLCTL"                       @ string offset=1203
.Linfo_string121:
	.asciz	"RESERVE8"                      @ string offset=1211
.Linfo_string122:
	.asciz	"ADOFS"                         @ string offset=1220
.Linfo_string123:
	.asciz	"RESERVE9"                      @ string offset=1226
.Linfo_string124:
	.asciz	"CPUCFG"                        @ string offset=1235
.Linfo_string125:
	.asciz	"RESERVE10"                     @ string offset=1242
.Linfo_string126:
	.asciz	"PORCTL1"                       @ string offset=1252
.Linfo_string127:
	.asciz	"SYS_T"                         @ string offset=1260
.Linfo_string128:
	.asciz	"int"                           @ string offset=1266
.Linfo_string129:
	.asciz	"int32_t"                       @ string offset=1270
.Linfo_string130:
	.asciz	"ISER"                          @ string offset=1278
.Linfo_string131:
	.asciz	"RESERVED0"                     @ string offset=1283
.Linfo_string132:
	.asciz	"ICER"                          @ string offset=1293
.Linfo_string133:
	.asciz	"RESERVED1"                     @ string offset=1298
.Linfo_string134:
	.asciz	"ISPR"                          @ string offset=1308
.Linfo_string135:
	.asciz	"RESERVED2"                     @ string offset=1313
.Linfo_string136:
	.asciz	"ICPR"                          @ string offset=1323
.Linfo_string137:
	.asciz	"RESERVED3"                     @ string offset=1328
.Linfo_string138:
	.asciz	"IABR"                          @ string offset=1338
.Linfo_string139:
	.asciz	"RESERVED4"                     @ string offset=1343
.Linfo_string140:
	.asciz	"ITNS"                          @ string offset=1353
.Linfo_string141:
	.asciz	"RESERVED5"                     @ string offset=1358
.Linfo_string142:
	.asciz	"IPR"                           @ string offset=1368
.Linfo_string143:
	.asciz	"NVIC_Type"                     @ string offset=1372
.Linfo_string144:
	.asciz	"SYS_UnlockReg"                 @ string offset=1382
.Linfo_string145:
	.asciz	"SYS_LockReg"                   @ string offset=1396
.Linfo_string146:
	.asciz	"UART_Open"                     @ string offset=1408
.Linfo_string147:
	.asciz	"__NVIC_EnableIRQ"              @ string offset=1418
.Linfo_string148:
	.asciz	"IRQn_Type"                     @ string offset=1435
.Linfo_string149:
	.asciz	"UART0_Init"                    @ string offset=1445
.Linfo_string150:
	.asciz	"SYS_Init"                      @ string offset=1456
.Linfo_string151:
	.asciz	"GPB_IRQHandler"                @ string offset=1465
.Linfo_string152:
	.asciz	"GPIO_FunctionTest"             @ string offset=1480
.Linfo_string153:
	.asciz	"main"                          @ string offset=1498
.Linfo_string154:
	.asciz	"temp"                          @ string offset=1503
	.ident	"Component: Arm Compiler for Embedded 6.24 Tool: armclang [5f371800]"
	.section	".note.GNU-stack","",%progbits
	.eabi_attribute	30, 1	@ Tag_ABI_optimization_goals
	.ARM_attribute	16, 1	@ Tag_AV_eba
	.section	.debug_line,"",%progbits
.Lline_table_start0:
