	.text
	.syntax unified
	.eabi_attribute	67, "2.09"	@ Tag_conformance
	.cpu	cortex-m23
	.eabi_attribute	6, 16	@ Tag_CPU_arch
	.eabi_attribute	7, 77	@ Tag_CPU_arch_profile
	.eabi_attribute	8, 0	@ Tag_ARM_ISA_use
	.eabi_attribute	9, 3	@ Tag_THUMB_ISA_use
	.eabi_attribute	34, 0	@ Tag_CPU_unaligned_access
	.eabi_attribute	17, 1	@ Tag_ABI_PCS_GOT_use
	.eabi_attribute	20, 2	@ Tag_ABI_FP_denormal
	.eabi_attribute	21, 0	@ Tag_ABI_FP_exceptions
	.eabi_attribute	23, 1	@ Tag_ABI_FP_number_model
	.eabi_attribute	24, 1	@ Tag_ABI_align_needed
	.eabi_attribute	25, 1	@ Tag_ABI_align_preserved
	.eabi_attribute	38, 1	@ Tag_ABI_FP_16bit_format
	.eabi_attribute	18, 2	@ Tag_ABI_PCS_wchar_t
	.eabi_attribute	26, 1	@ Tag_ABI_enum_size
	.eabi_attribute	14, 0	@ Tag_ABI_PCS_R9_use
	.file	"uart.c"
	.file	1 "C:\\Keil_v5\\ARM\\ARMCLANG\\bin\\..\\include" "stdint.h"
	.file	2 "D:\\BSP\\M2003BSP-master\\CM2003xC_CM2003xE_CM2003xG_Series\\SampleCode\\StdDriver\\GPIO_INT\\Keil" "../../../../Library/Device/Nuvoton/CM2003/Include\\uart_reg.h"
	.file	3 "D:\\BSP\\M2003BSP-master\\CM2003xC_CM2003xE_CM2003xG_Series\\SampleCode\\StdDriver\\GPIO_INT\\Keil" "../../../../Library/Device/Nuvoton/CM2003/Include\\clk_reg.h"
	.hidden	UART_ClearIntFlag               @ -- Begin function UART_ClearIntFlag
	.globl	UART_ClearIntFlag
	.p2align	2
	.type	UART_ClearIntFlag,%function
	.code	16                              @ @UART_ClearIntFlag
	.thumb_func
UART_ClearIntFlag:
.Lfunc_begin0:
	.file	4 "D:\\BSP\\M2003BSP-master\\CM2003xC_CM2003xE_CM2003xG_Series\\SampleCode\\StdDriver\\GPIO_INT\\Keil" "../../../../Library/StdDriver/src/uart.c"
	.loc	4 43 0                          @ ../../../../Library/StdDriver/src/uart.c:43:0
	.fnstart
	.cfi_sections .debug_frame
	.cfi_startproc
@ %bb.0:
	@DEBUG_VALUE: UART_ClearIntFlag:uart <- $r0
	@DEBUG_VALUE: UART_ClearIntFlag:u32InterruptFlag <- $r1
	.save	{r4, lr}
	push	{r4, lr}
	.cfi_def_cfa_offset 8
	.cfi_offset lr, -4
	.cfi_offset r4, -8
	movs	r3, #1
.Ltmp0:
	.loc	4 44 8 prologue_end             @ ../../../../Library/StdDriver/src/uart.c:44:8
	lsls	r2, r1, #7
	bpl	.LBB0_2
.Ltmp1:
@ %bb.1:
	@DEBUG_VALUE: UART_ClearIntFlag:u32InterruptFlag <- $r1
	@DEBUG_VALUE: UART_ClearIntFlag:uart <- $r0
	.loc	4 0 8 is_stmt 0                 @ ../../../../Library/StdDriver/src/uart.c:0:8
	lsls	r2, r3, #16
.Ltmp2:
	.loc	4 46 22 is_stmt 1               @ ../../../../Library/StdDriver/src/uart.c:46:22
	str	r2, [r0, #28]
.Ltmp3:
.LBB0_2:
	@DEBUG_VALUE: UART_ClearIntFlag:u32InterruptFlag <- $r1
	@DEBUG_VALUE: UART_ClearIntFlag:uart <- $r0
	.loc	4 0 22 is_stmt 0                @ ../../../../Library/StdDriver/src/uart.c:0:22
	ldr	r2, __arm_cp.0_0
.Ltmp4:
	.loc	4 49 25 is_stmt 1               @ ../../../../Library/StdDriver/src/uart.c:49:25
	mov	r4, r2
	adds	r4, #241
.Ltmp5:
	.loc	4 49 8 is_stmt 0                @ ../../../../Library/StdDriver/src/uart.c:49:8
	tst	r1, r4
	beq	.LBB0_4
.Ltmp6:
@ %bb.3:
	@DEBUG_VALUE: UART_ClearIntFlag:u32InterruptFlag <- $r1
	@DEBUG_VALUE: UART_ClearIntFlag:uart <- $r0
	.loc	4 0 8                           @ ../../../../Library/StdDriver/src/uart.c:0:8
	movs	r4, #120
.Ltmp7:
	.loc	4 51 23 is_stmt 1               @ ../../../../Library/StdDriver/src/uart.c:51:23
	str	r4, [r0, #24]
.Ltmp8:
.LBB0_4:
	@DEBUG_VALUE: UART_ClearIntFlag:u32InterruptFlag <- $r1
	@DEBUG_VALUE: UART_ClearIntFlag:uart <- $r0
	.loc	4 54 8                          @ ../../../../Library/StdDriver/src/uart.c:54:8
	lsls	r4, r1, #20
	bmi	.LBB0_9
.Ltmp9:
@ %bb.5:
	@DEBUG_VALUE: UART_ClearIntFlag:u32InterruptFlag <- $r1
	@DEBUG_VALUE: UART_ClearIntFlag:uart <- $r0
	.loc	4 59 8                          @ ../../../../Library/StdDriver/src/uart.c:59:8
	lsls	r4, r1, #18
	bmi	.LBB0_10
.Ltmp10:
.LBB0_6:
	@DEBUG_VALUE: UART_ClearIntFlag:u32InterruptFlag <- $r1
	@DEBUG_VALUE: UART_ClearIntFlag:uart <- $r0
	.loc	4 64 8                          @ ../../../../Library/StdDriver/src/uart.c:64:8
	lsls	r3, r1, #17
	bmi	.LBB0_11
.Ltmp11:
.LBB0_7:
	@DEBUG_VALUE: UART_ClearIntFlag:u32InterruptFlag <- $r1
	@DEBUG_VALUE: UART_ClearIntFlag:uart <- $r0
	.loc	4 69 8                          @ ../../../../Library/StdDriver/src/uart.c:69:8
	lsls	r1, r1, #16
.Ltmp12:
	@DEBUG_VALUE: UART_ClearIntFlag:u32InterruptFlag <- [DW_OP_LLVM_entry_value 1] $r1
	bmi	.LBB0_12
.Ltmp13:
.LBB0_8:
	@DEBUG_VALUE: UART_ClearIntFlag:u32InterruptFlag <- [DW_OP_LLVM_entry_value 1] $r1
	@DEBUG_VALUE: UART_ClearIntFlag:uart <- $r0
	.loc	4 76 1 epilogue_begin           @ ../../../../Library/StdDriver/src/uart.c:76:1
	pop	{r4, pc}
.Ltmp14:
.LBB0_9:
	@DEBUG_VALUE: UART_ClearIntFlag:u32InterruptFlag <- $r1
	@DEBUG_VALUE: UART_ClearIntFlag:uart <- $r0
	.loc	4 56 24                         @ ../../../../Library/StdDriver/src/uart.c:56:24
	ldr	r4, [r0, #20]
	orrs	r4, r3
	str	r4, [r0, #20]
.Ltmp15:
	.loc	4 59 8                          @ ../../../../Library/StdDriver/src/uart.c:59:8
	lsls	r4, r1, #18
	bpl	.LBB0_6
.Ltmp16:
.LBB0_10:
	@DEBUG_VALUE: UART_ClearIntFlag:u32InterruptFlag <- $r1
	@DEBUG_VALUE: UART_ClearIntFlag:uart <- $r0
	.loc	4 0 8 is_stmt 0                 @ ../../../../Library/StdDriver/src/uart.c:0:8
	lsls	r3, r3, #24
.Ltmp17:
	.loc	4 61 23 is_stmt 1               @ ../../../../Library/StdDriver/src/uart.c:61:23
	adds	r3, r3, #1
	str	r3, [r0, #24]
.Ltmp18:
	.loc	4 64 8                          @ ../../../../Library/StdDriver/src/uart.c:64:8
	lsls	r3, r1, #17
	bpl	.LBB0_7
.Ltmp19:
.LBB0_11:
	@DEBUG_VALUE: UART_ClearIntFlag:u32InterruptFlag <- $r1
	@DEBUG_VALUE: UART_ClearIntFlag:uart <- $r0
	.loc	4 0 8 is_stmt 0                 @ ../../../../Library/StdDriver/src/uart.c:0:8
	movs	r3, #3
.Ltmp20:
	.loc	4 66 21 is_stmt 1               @ ../../../../Library/StdDriver/src/uart.c:66:21
	str	r3, [r0, #68]
.Ltmp21:
	.loc	4 69 8                          @ ../../../../Library/StdDriver/src/uart.c:69:8
	lsls	r1, r1, #16
.Ltmp22:
	@DEBUG_VALUE: UART_ClearIntFlag:u32InterruptFlag <- [DW_OP_LLVM_entry_value 1] $r1
	bpl	.LBB0_8
.Ltmp23:
.LBB0_12:
	@DEBUG_VALUE: UART_ClearIntFlag:u32InterruptFlag <- [DW_OP_LLVM_entry_value 1] $r1
	@DEBUG_VALUE: UART_ClearIntFlag:uart <- $r0
	.loc	4 0 8 is_stmt 0                 @ ../../../../Library/StdDriver/src/uart.c:0:8
	movs	r1, #128
.Ltmp24:
	.loc	4 71 22 is_stmt 1               @ ../../../../Library/StdDriver/src/uart.c:71:22
	str	r1, [r0, #28]
	.loc	4 72 22                         @ ../../../../Library/StdDriver/src/uart.c:72:22
	str	r2, [r0, #56]
.Ltmp25:
	.loc	4 76 1 epilogue_begin           @ ../../../../Library/StdDriver/src/uart.c:76:1
	pop	{r4, pc}
.Ltmp26:
	.loc	4 0 1 is_stmt 0                 @ :0:1
.Ltmp27:
	.p2align	2
@ %bb.13:
__arm_cp.0_0:
	.long	783                             @ 0x30f
.Lcpi_end0:
	.size	__arm_cp.0_0, .Lcpi_end0-__arm_cp.0_0
.Lfunc_end0:
	.size	UART_ClearIntFlag, .Lfunc_end0-UART_ClearIntFlag
	.cfi_endproc
	.cantunwind
	.fnend
                                        @ -- End function
	.hidden	UART_Close                      @ -- Begin function UART_Close
	.globl	UART_Close
	.p2align	1
	.type	UART_Close,%function
	.code	16                              @ @UART_Close
	.thumb_func
UART_Close:
.Lfunc_begin1:
	.loc	4 89 0 is_stmt 1                @ ../../../../Library/StdDriver/src/uart.c:89:0
	.fnstart
	.cfi_startproc
@ %bb.0:
	@DEBUG_VALUE: UART_Close:uart <- $r0
	movs	r1, #0
.Ltmp28:
	.loc	4 90 17 prologue_end            @ ../../../../Library/StdDriver/src/uart.c:90:17
	str	r1, [r0, #4]
	.loc	4 91 1                          @ ../../../../Library/StdDriver/src/uart.c:91:1
	bx	lr
.Ltmp29:
.Lfunc_end1:
	.size	UART_Close, .Lfunc_end1-UART_Close
	.cfi_endproc
	.cantunwind
	.fnend
                                        @ -- End function
	.hidden	UART_DisableFlowCtrl            @ -- Begin function UART_DisableFlowCtrl
	.globl	UART_DisableFlowCtrl
	.p2align	1
	.type	UART_DisableFlowCtrl,%function
	.code	16                              @ @UART_DisableFlowCtrl
	.thumb_func
UART_DisableFlowCtrl:
.Lfunc_begin2:
	.fnstart
	.cfi_startproc
@ %bb.0:
	@DEBUG_VALUE: UART_DisableFlowCtrl:uart <- $r0
	.loc	4 105 17 prologue_end           @ ../../../../Library/StdDriver/src/uart.c:105:17
	ldr	r1, [r0, #4]
	movw	r2, #12288
	bics	r1, r2
	str	r1, [r0, #4]
	.loc	4 106 1                         @ ../../../../Library/StdDriver/src/uart.c:106:1
	bx	lr
.Ltmp30:
.Lfunc_end2:
	.size	UART_DisableFlowCtrl, .Lfunc_end2-UART_DisableFlowCtrl
	.cfi_endproc
	.cantunwind
	.fnend
                                        @ -- End function
	.hidden	UART_DisableInt                 @ -- Begin function UART_DisableInt
	.globl	UART_DisableInt
	.p2align	1
	.type	UART_DisableInt,%function
	.code	16                              @ @UART_DisableInt
	.thumb_func
UART_DisableInt:
.Lfunc_begin3:
	.fnstart
	.cfi_startproc
@ %bb.0:
	@DEBUG_VALUE: UART_DisableInt:uart <- $r0
	@DEBUG_VALUE: UART_DisableInt:u32InterruptFlag <- $r1
	.loc	4 133 5 prologue_end            @ ../../../../Library/StdDriver/src/uart.c:133:5
	ldr	r2, [r0, #4]
	bics	r2, r1
	str	r2, [r0, #4]
	.loc	4 134 1                         @ ../../../../Library/StdDriver/src/uart.c:134:1
	bx	lr
.Ltmp31:
.Lfunc_end3:
	.size	UART_DisableInt, .Lfunc_end3-UART_DisableInt
	.cfi_endproc
	.cantunwind
	.fnend
                                        @ -- End function
	.hidden	UART_EnableFlowCtrl             @ -- Begin function UART_EnableFlowCtrl
	.globl	UART_EnableFlowCtrl
	.p2align	1
	.type	UART_EnableFlowCtrl,%function
	.code	16                              @ @UART_EnableFlowCtrl
	.thumb_func
UART_EnableFlowCtrl:
.Lfunc_begin4:
	.fnstart
	.cfi_startproc
@ %bb.0:
	@DEBUG_VALUE: UART_EnableFlowCtrl:uart <- $r0
	.loc	4 149 17 prologue_end           @ ../../../../Library/StdDriver/src/uart.c:149:17
	ldr	r1, [r0, #16]
	movw	r2, #512
	orrs	r2, r1
	str	r2, [r0, #16]
	.loc	4 152 20                        @ ../../../../Library/StdDriver/src/uart.c:152:20
	ldr	r1, [r0, #20]
	movw	r2, #256
	orrs	r2, r1
	str	r2, [r0, #20]
	.loc	4 155 17                        @ ../../../../Library/StdDriver/src/uart.c:155:17
	ldr	r1, [r0, #4]
	movw	r2, #12288
	orrs	r2, r1
	str	r2, [r0, #4]
	.loc	4 156 1                         @ ../../../../Library/StdDriver/src/uart.c:156:1
	bx	lr
.Ltmp32:
.Lfunc_end4:
	.size	UART_EnableFlowCtrl, .Lfunc_end4-UART_EnableFlowCtrl
	.cfi_endproc
	.cantunwind
	.fnend
                                        @ -- End function
	.hidden	UART_EnableInt                  @ -- Begin function UART_EnableInt
	.globl	UART_EnableInt
	.p2align	1
	.type	UART_EnableInt,%function
	.code	16                              @ @UART_EnableInt
	.thumb_func
UART_EnableInt:
.Lfunc_begin5:
	.fnstart
	.cfi_startproc
@ %bb.0:
	@DEBUG_VALUE: UART_EnableInt:uart <- $r0
	@DEBUG_VALUE: UART_EnableInt:u32InterruptFlag <- $r1
	.loc	4 184 5 prologue_end            @ ../../../../Library/StdDriver/src/uart.c:184:5
	ldr	r2, [r0, #4]
	orrs	r2, r1
	str	r2, [r0, #4]
	.loc	4 185 1                         @ ../../../../Library/StdDriver/src/uart.c:185:1
	bx	lr
.Ltmp33:
.Lfunc_end5:
	.size	UART_EnableInt, .Lfunc_end5-UART_EnableInt
	.cfi_endproc
	.cantunwind
	.fnend
                                        @ -- End function
	.hidden	UART_Open                       @ -- Begin function UART_Open
	.globl	UART_Open
	.p2align	2
	.type	UART_Open,%function
	.code	16                              @ @UART_Open
	.thumb_func
UART_Open:
.Lfunc_begin6:
	.loc	4 199 0                         @ ../../../../Library/StdDriver/src/uart.c:199:0
	.fnstart
	.cfi_startproc
@ %bb.0:
	@DEBUG_VALUE: UART_Open:uart <- $r0
	@DEBUG_VALUE: UART_Open:u32baudrate <- $r1
	.save	{r4, r5, r6, r7, lr}
	push	{r4, r5, r6, r7, lr}
	.cfi_def_cfa_offset 20
	.cfi_offset lr, -4
	.cfi_offset r7, -8
	.cfi_offset r6, -12
	.cfi_offset r5, -16
	.cfi_offset r4, -20
	.pad	#20
	sub	sp, #20
	.cfi_def_cfa_offset 40
	mov	r5, r1
.Ltmp34:
	@DEBUG_VALUE: UART_Open:u32baudrate <- $r5
	mov	r4, r0
.Ltmp35:
	@DEBUG_VALUE: UART_Open:uart <- $r4
	.loc	4 201 14 prologue_end           @ ../../../../Library/StdDriver/src/uart.c:201:14
	ldr	r0, __arm_cp.6_0
	mov	r1, sp
	ldm	r0!, {r2, r3}
	stm	r1!, {r2, r3}
	ldm	r0!, {r2, r3, r6}
	stm	r1!, {r2, r3, r6}
	ldr	r0, __arm_cp.6_1
	ldr	r1, __arm_cp.6_2
.Ltmp36:
	@DEBUG_VALUE: UART_Open:u32BaudDiv <- 0
	.loc	4 205 9                         @ ../../../../Library/StdDriver/src/uart.c:205:9
	cmp	r4, r1
	beq	.LBB6_4
.Ltmp37:
@ %bb.1:
	@DEBUG_VALUE: UART_Open:u32BaudDiv <- 0
	@DEBUG_VALUE: UART_Open:uart <- $r4
	@DEBUG_VALUE: UART_Open:u32baudrate <- $r5
	.loc	4 0 9 is_stmt 0                 @ ../../../../Library/StdDriver/src/uart.c:0:9
	ldr	r1, __arm_cp.6_3
.Ltmp38:
	.loc	4 212 14 is_stmt 1              @ ../../../../Library/StdDriver/src/uart.c:212:14
	cmp	r4, r1
	beq	.LBB6_5
.Ltmp39:
@ %bb.2:
	@DEBUG_VALUE: UART_Open:u32BaudDiv <- 0
	@DEBUG_VALUE: UART_Open:uart <- $r4
	@DEBUG_VALUE: UART_Open:u32baudrate <- $r5
	.loc	4 0 14 is_stmt 0                @ ../../../../Library/StdDriver/src/uart.c:0:14
	ldr	r1, __arm_cp.6_4
	.loc	4 212 14                        @ ../../../../Library/StdDriver/src/uart.c:212:14
	cmp	r4, r1
	bne	.LBB6_9
.Ltmp40:
@ %bb.3:
	@DEBUG_VALUE: UART_Open:u32BaudDiv <- 0
	@DEBUG_VALUE: UART_Open:uart <- $r4
	@DEBUG_VALUE: UART_Open:u32baudrate <- $r5
	.loc	4 0 14                          @ ../../../../Library/StdDriver/src/uart.c:0:14
	movs	r1, #24
	movs	r2, #28
	b	.LBB6_6
.Ltmp41:
.LBB6_4:
	@DEBUG_VALUE: UART_Open:u32BaudDiv <- 0
	@DEBUG_VALUE: UART_Open:uart <- $r4
	@DEBUG_VALUE: UART_Open:u32baudrate <- $r5
	movs	r1, #8
	movs	r2, #16
	.loc	4 205 9 is_stmt 1               @ ../../../../Library/StdDriver/src/uart.c:205:9
	b	.LBB6_6
.Ltmp42:
.LBB6_5:
	@DEBUG_VALUE: UART_Open:u32BaudDiv <- 0
	@DEBUG_VALUE: UART_Open:uart <- $r4
	@DEBUG_VALUE: UART_Open:u32baudrate <- $r5
	.loc	4 0 9 is_stmt 0                 @ ../../../../Library/StdDriver/src/uart.c:0:9
	movs	r1, #12
	movs	r2, #20
.Ltmp43:
.LBB6_6:
	@DEBUG_VALUE: UART_Open:u32BaudDiv <- 0
	@DEBUG_VALUE: UART_Open:uart <- $r4
	@DEBUG_VALUE: UART_Open:u32baudrate <- $r5
	ldr	r3, __arm_cp.6_5
.Ltmp44:
	ldr	r6, [r3]
	ldr	r3, [r3, #8]
	movs	r7, #0
.Ltmp45:
	@DEBUG_VALUE: UART_Open:u32UartClkDivNum <- undef
	.loc	4 228 19 is_stmt 1              @ ../../../../Library/StdDriver/src/uart.c:228:19
	str	r7, [r4, #48]
	movs	r7, #3
	.loc	4 231 16                        @ ../../../../Library/StdDriver/src/uart.c:231:16
	str	r7, [r4, #12]
	.loc	4 234 16                        @ ../../../../Library/StdDriver/src/uart.c:234:16
	ldr	r7, [r4, #8]
	ands	r7, r0
	str	r7, [r4, #8]
.Ltmp46:
	.loc	4 0 0 is_stmt 0                 @ ../../../../Library/StdDriver/src/uart.c:0:0
	lsrs	r6, r2
.Ltmp47:
	@DEBUG_VALUE: UART_Open:u32UartClkSrcSel <- [DW_OP_constu 7, DW_OP_and, DW_OP_stack_value] $r6
	movs	r0, #7
	ands	r0, r6
.Ltmp48:
	@DEBUG_VALUE: UART_Open:u32UartClkSrcSel <- $r0
	lsrs	r3, r1
.Ltmp49:
	@DEBUG_VALUE: UART_Open:u32UartClkDivNum <- [DW_OP_constu 15, DW_OP_and, DW_OP_stack_value] $r3
	movs	r6, #15
	ands	r6, r3
.Ltmp50:
	.loc	4 237 9 is_stmt 1               @ ../../../../Library/StdDriver/src/uart.c:237:9
	cmp	r0, #4
	beq	.LBB6_10
.Ltmp51:
@ %bb.7:
	@DEBUG_VALUE: UART_Open:u32UartClkDivNum <- [DW_OP_constu 15, DW_OP_and, DW_OP_stack_value] $r3
	@DEBUG_VALUE: UART_Open:u32UartClkSrcSel <- $r0
	@DEBUG_VALUE: UART_Open:u32BaudDiv <- 0
	@DEBUG_VALUE: UART_Open:uart <- $r4
	@DEBUG_VALUE: UART_Open:u32baudrate <- $r5
	.loc	4 252 8                         @ ../../../../Library/StdDriver/src/uart.c:252:8
	cbnz	r5, .LBB6_14
.Ltmp52:
.LBB6_8:
	@DEBUG_VALUE: UART_Open:u32BaudDiv <- 0
	@DEBUG_VALUE: UART_Open:uart <- $r4
	@DEBUG_VALUE: UART_Open:u32baudrate <- $r5
	.loc	4 265 1 epilogue_begin          @ ../../../../Library/StdDriver/src/uart.c:265:1
	add	sp, #20
	pop	{r4, r5, r6, r7, pc}
.Ltmp53:
.LBB6_9:
	@DEBUG_VALUE: UART_Open:u32BaudDiv <- 0
	@DEBUG_VALUE: UART_Open:uart <- $r4
	@DEBUG_VALUE: UART_Open:u32baudrate <- $r5
	.loc	4 0 1 is_stmt 0                 @ ../../../../Library/StdDriver/src/uart.c:0:1
	movs	r1, #0
.Ltmp54:
	@DEBUG_VALUE: UART_Open:u32UartClkSrcSel <- undef
	@DEBUG_VALUE: UART_Open:u32UartClkDivNum <- undef
	.loc	4 228 19 is_stmt 1              @ ../../../../Library/StdDriver/src/uart.c:228:19
	str	r1, [r4, #48]
	movs	r1, #3
	.loc	4 231 16                        @ ../../../../Library/StdDriver/src/uart.c:231:16
	str	r1, [r4, #12]
	.loc	4 234 16                        @ ../../../../Library/StdDriver/src/uart.c:234:16
	ldr	r1, [r4, #8]
	ands	r1, r0
	str	r1, [r4, #8]
                                        @ implicit-def: $r6
.Ltmp55:
.LBB6_10:
	@DEBUG_VALUE: UART_Open:u32BaudDiv <- 0
	@DEBUG_VALUE: UART_Open:uart <- $r4
	@DEBUG_VALUE: UART_Open:u32baudrate <- $r5
	.loc	4 0 16 is_stmt 0                @ ../../../../Library/StdDriver/src/uart.c:0:16
	movw	r0, #8192
.Ltmp56:
	.loc	4 240 39 is_stmt 1              @ ../../../../Library/StdDriver/src/uart.c:240:39
	orrs	r0, r4
	ldr	r1, __arm_cp.6_4
	cmp	r0, r1
	bne	.LBB6_12
.Ltmp57:
@ %bb.11:
	@DEBUG_VALUE: UART_Open:u32BaudDiv <- 0
	@DEBUG_VALUE: UART_Open:uart <- $r4
	@DEBUG_VALUE: UART_Open:u32baudrate <- $r5
	.loc	4 242 44                        @ ../../../../Library/StdDriver/src/uart.c:242:44
	bl	CLK_GetPCLK0Freq
.Ltmp58:
	.loc	4 0 44 is_stmt 0                @ ../../../../Library/StdDriver/src/uart.c:0:44
	b	.LBB6_13
.Ltmp59:
.LBB6_12:
	@DEBUG_VALUE: UART_Open:u32BaudDiv <- 0
	@DEBUG_VALUE: UART_Open:uart <- $r4
	@DEBUG_VALUE: UART_Open:u32baudrate <- $r5
	.loc	4 246 44 is_stmt 1              @ ../../../../Library/StdDriver/src/uart.c:246:44
	bl	CLK_GetPCLK1Freq
.Ltmp60:
.LBB6_13:
	@DEBUG_VALUE: UART_Open:u32BaudDiv <- 0
	@DEBUG_VALUE: UART_Open:uart <- $r4
	@DEBUG_VALUE: UART_Open:u32baudrate <- $r5
	.loc	4 0 0 is_stmt 0                 @ ../../../../Library/StdDriver/src/uart.c:0:0
	str	r0, [sp, #16]
	movs	r0, #4
.Ltmp61:
	.loc	4 252 8 is_stmt 1               @ ../../../../Library/StdDriver/src/uart.c:252:8
	cmp	r5, #0
	beq	.LBB6_8
.Ltmp62:
.LBB6_14:
	@DEBUG_VALUE: UART_Open:u32BaudDiv <- 0
	@DEBUG_VALUE: UART_Open:uart <- $r4
	@DEBUG_VALUE: UART_Open:u32baudrate <- $r5
	.loc	4 254 22                        @ ../../../../Library/StdDriver/src/uart.c:254:22
	lsls	r0, r0, #2
	mov	r1, sp
	ldr	r0, [r1, r0]
	adds	r1, r6, #1
	udiv	r1, r0, r1
	lsrs	r0, r5, #1
	adds	r0, r1, r0
	udiv	r0, r0, r5
	subs	r0, r0, #2
.Ltmp63:
	@DEBUG_VALUE: UART_Open:u32BaudDiv <- $r0
	.loc	4 256 12                        @ ../../../../Library/StdDriver/src/uart.c:256:12
	lsrs	r2, r0, #16
	beq	.LBB6_16
.Ltmp64:
@ %bb.15:
	@DEBUG_VALUE: UART_Open:u32BaudDiv <- $r0
	@DEBUG_VALUE: UART_Open:uart <- $r4
	@DEBUG_VALUE: UART_Open:u32baudrate <- $r5
	.loc	4 258 45                        @ ../../../../Library/StdDriver/src/uart.c:258:45
	lsls	r0, r5, #3
.Ltmp65:
	adds	r0, r1, r0
	udiv	r0, r0, r5
	lsrs	r0, r0, #4
	subs	r0, r0, #2
	.loc	4 259 9                         @ ../../../../Library/StdDriver/src/uart.c:259:9
	b	.LBB6_17
.Ltmp66:
.LBB6_16:
	@DEBUG_VALUE: UART_Open:u32BaudDiv <- $r0
	@DEBUG_VALUE: UART_Open:uart <- $r4
	@DEBUG_VALUE: UART_Open:u32baudrate <- $r5
	.loc	4 0 9 is_stmt 0                 @ ../../../../Library/StdDriver/src/uart.c:0:9
	movs	r1, #3
	lsls	r1, r1, #28
.Ltmp67:
	.loc	4 262 43 is_stmt 1              @ ../../../../Library/StdDriver/src/uart.c:262:43
	orrs	r0, r1
.Ltmp68:
.LBB6_17:
	@DEBUG_VALUE: UART_Open:uart <- $r4
	@DEBUG_VALUE: UART_Open:u32baudrate <- $r5
	.loc	4 0 0 is_stmt 0                 @ ../../../../Library/StdDriver/src/uart.c:0:0
	str	r0, [r4, #36]
.Ltmp69:
	.loc	4 265 1 epilogue_begin is_stmt 1 @ ../../../../Library/StdDriver/src/uart.c:265:1
	add	sp, #20
	pop	{r4, r5, r6, r7, pc}
.Ltmp70:
	.loc	4 0 1 is_stmt 0                 @ :0:1
.Ltmp71:
	.p2align	2
@ %bb.18:
__arm_cp.6_0:
	.long	.L__const.UART_SelectIrDAMode.u32ClkTbl
.Lcpi_end1:
	.size	__arm_cp.6_0, .Lcpi_end1-__arm_cp.6_0
__arm_cp.6_1:
	.long	4293984015                      @ 0xfff0ff0f
.Lcpi_end2:
	.size	__arm_cp.6_1, .Lcpi_end2-__arm_cp.6_1
__arm_cp.6_2:
	.long	1074200576                      @ 0x40070000
.Lcpi_end3:
	.size	__arm_cp.6_2, .Lcpi_end3-__arm_cp.6_2
__arm_cp.6_3:
	.long	1074204672                      @ 0x40071000
.Lcpi_end4:
	.size	__arm_cp.6_3, .Lcpi_end4-__arm_cp.6_3
__arm_cp.6_4:
	.long	1074208768                      @ 0x40072000
.Lcpi_end5:
	.size	__arm_cp.6_4, .Lcpi_end5-__arm_cp.6_4
__arm_cp.6_5:
	.long	1073742360                      @ 0x40000218
.Lcpi_end6:
	.size	__arm_cp.6_5, .Lcpi_end6-__arm_cp.6_5
.Lfunc_end6:
	.size	UART_Open, .Lfunc_end6-UART_Open
	.cfi_endproc
	.cantunwind
	.fnend
                                        @ -- End function
	.hidden	UART_Read                       @ -- Begin function UART_Read
	.globl	UART_Read
	.p2align	1
	.type	UART_Read,%function
	.code	16                              @ @UART_Read
	.thumb_func
UART_Read:
.Lfunc_begin7:
	.loc	4 280 0 is_stmt 1               @ ../../../../Library/StdDriver/src/uart.c:280:0
	.fnstart
	.cfi_startproc
@ %bb.0:
	@DEBUG_VALUE: UART_Read:uart <- $r0
	@DEBUG_VALUE: UART_Read:pu8RxBuf <- $r1
	@DEBUG_VALUE: UART_Read:u32ReadBytes <- $r2
	@DEBUG_VALUE: UART_Read:uart <- $r0
	.save	{r4, r5, r6, r7, lr}
	push	{r4, r5, r6, r7, lr}
	.cfi_def_cfa_offset 20
	.cfi_offset lr, -4
	.cfi_offset r7, -8
	.cfi_offset r6, -12
	.cfi_offset r5, -16
	.cfi_offset r4, -20
.Ltmp72:
	@DEBUG_VALUE: UART_Read:u32Count <- 0
	@DEBUG_VALUE: UART_Read:u32Exit <- 0
	.loc	4 284 5 prologue_end            @ ../../../../Library/StdDriver/src/uart.c:284:5
	cmp	r2, #0
	beq	.LBB7_22
.Ltmp73:
@ %bb.1:
	@DEBUG_VALUE: UART_Read:u32Exit <- 0
	@DEBUG_VALUE: UART_Read:u32Count <- 0
	@DEBUG_VALUE: UART_Read:u32ReadBytes <- $r2
	@DEBUG_VALUE: UART_Read:pu8RxBuf <- $r1
	@DEBUG_VALUE: UART_Read:uart <- $r0
	.loc	4 0 5 is_stmt 0                 @ ../../../../Library/StdDriver/src/uart.c:0:5
	mov	r3, r0
.Ltmp74:
	@DEBUG_VALUE: UART_Read:uart <- $r3
	movs	r0, #0
	movw	r4, #16384
	movs	r5, #1
	lsls	r5, r5, #30
	b	.LBB7_3
.Ltmp75:
.LBB7_2:                                @   in Loop: Header=BB7_3 Depth=1
	@DEBUG_VALUE: UART_Read:u32Count <- $r0
	@DEBUG_VALUE: UART_Read:uart <- $r3
	@DEBUG_VALUE: UART_Read:u32Exit <- 0
	@DEBUG_VALUE: UART_Read:u32ReadBytes <- $r2
	@DEBUG_VALUE: UART_Read:pu8RxBuf <- $r1
	.loc	4 307 49 is_stmt 1              @ ../../../../Library/StdDriver/src/uart.c:307:49
	ldr	r6, [r3]
	.loc	4 307 32 is_stmt 0              @ ../../../../Library/StdDriver/src/uart.c:307:32
	strb	r6, [r1, r0]
.Ltmp76:
	.loc	4 284 58 is_stmt 1              @ ../../../../Library/StdDriver/src/uart.c:284:58
	adds	r0, r0, #1
.Ltmp77:
	@DEBUG_VALUE: UART_Read:u32Count <- $r0
	@DEBUG_VALUE: UART_Read:u32Exit <- 0
	.loc	4 284 5 is_stmt 0               @ ../../../../Library/StdDriver/src/uart.c:284:5
	cmp	r0, r2
	beq	.LBB7_23
.Ltmp78:
.LBB7_3:                                @ =>This Loop Header: Depth=1
                                        @     Child Loop BB7_4 Depth 2
	@DEBUG_VALUE: UART_Read:uart <- $r3
	@DEBUG_VALUE: UART_Read:u32Exit <- 0
	@DEBUG_VALUE: UART_Read:u32ReadBytes <- $r2
	@DEBUG_VALUE: UART_Read:pu8RxBuf <- $r1
	@DEBUG_VALUE: UART_Read:u32Count <- $r0
	.loc	4 0 5                           @ ../../../../Library/StdDriver/src/uart.c:0:5
	mov	r6, r5
.Ltmp79:
.LBB7_4:                                @   Parent Loop BB7_3 Depth=1
                                        @ =>  This Inner Loop Header: Depth=2
	@DEBUG_VALUE: UART_Read:u32Count <- $r0
	@DEBUG_VALUE: UART_Read:uart <- $r3
	@DEBUG_VALUE: UART_Read:u32Exit <- 0
	@DEBUG_VALUE: UART_Read:u32ReadBytes <- $r2
	@DEBUG_VALUE: UART_Read:pu8RxBuf <- $r1
	@DEBUG_VALUE: UART_Read:u32delayno <- [DW_OP_consts 1073741824, DW_OP_minus, DW_OP_consts 18446744073709551600, DW_OP_div, DW_OP_consts 16, DW_OP_mul, DW_OP_stack_value] $r6
	.loc	4 288 21 is_stmt 1              @ ../../../../Library/StdDriver/src/uart.c:288:21
	ldr	r7, [r3, #24]
	.loc	4 288 9 is_stmt 0               @ ../../../../Library/StdDriver/src/uart.c:288:9
	tst	r7, r4
	beq	.LBB7_2
.Ltmp80:
@ %bb.5:                                @   in Loop: Header=BB7_4 Depth=2
	@DEBUG_VALUE: UART_Read:u32delayno <- [DW_OP_consts 1073741824, DW_OP_minus, DW_OP_consts 18446744073709551600, DW_OP_div, DW_OP_consts 16, DW_OP_mul, DW_OP_stack_value] $r6
	@DEBUG_VALUE: UART_Read:u32Count <- $r0
	@DEBUG_VALUE: UART_Read:uart <- $r3
	@DEBUG_VALUE: UART_Read:u32Exit <- 0
	@DEBUG_VALUE: UART_Read:u32ReadBytes <- $r2
	@DEBUG_VALUE: UART_Read:pu8RxBuf <- $r1
	@DEBUG_VALUE: UART_Read:u32delayno <- [DW_OP_plus_uconst 1, DW_OP_stack_value] $r6
	.loc	4 288 21                        @ ../../../../Library/StdDriver/src/uart.c:288:21
	ldr	r7, [r3, #24]
	.loc	4 288 9                         @ ../../../../Library/StdDriver/src/uart.c:288:9
	tst	r7, r4
	beq	.LBB7_2
.Ltmp81:
@ %bb.6:                                @   in Loop: Header=BB7_4 Depth=2
	@DEBUG_VALUE: UART_Read:u32delayno <- [DW_OP_plus_uconst 1, DW_OP_stack_value] $r6
	@DEBUG_VALUE: UART_Read:u32Count <- $r0
	@DEBUG_VALUE: UART_Read:uart <- $r3
	@DEBUG_VALUE: UART_Read:u32Exit <- 0
	@DEBUG_VALUE: UART_Read:u32ReadBytes <- $r2
	@DEBUG_VALUE: UART_Read:pu8RxBuf <- $r1
	@DEBUG_VALUE: UART_Read:u32delayno <- [DW_OP_plus_uconst 2, DW_OP_stack_value] $r6
	.loc	4 288 21                        @ ../../../../Library/StdDriver/src/uart.c:288:21
	ldr	r7, [r3, #24]
	.loc	4 288 9                         @ ../../../../Library/StdDriver/src/uart.c:288:9
	tst	r7, r4
	beq	.LBB7_2
.Ltmp82:
@ %bb.7:                                @   in Loop: Header=BB7_4 Depth=2
	@DEBUG_VALUE: UART_Read:u32delayno <- [DW_OP_plus_uconst 2, DW_OP_stack_value] $r6
	@DEBUG_VALUE: UART_Read:u32Count <- $r0
	@DEBUG_VALUE: UART_Read:uart <- $r3
	@DEBUG_VALUE: UART_Read:u32Exit <- 0
	@DEBUG_VALUE: UART_Read:u32ReadBytes <- $r2
	@DEBUG_VALUE: UART_Read:pu8RxBuf <- $r1
	@DEBUG_VALUE: UART_Read:u32delayno <- [DW_OP_plus_uconst 3, DW_OP_stack_value] $r6
	.loc	4 288 21                        @ ../../../../Library/StdDriver/src/uart.c:288:21
	ldr	r7, [r3, #24]
	.loc	4 288 9                         @ ../../../../Library/StdDriver/src/uart.c:288:9
	tst	r7, r4
	beq	.LBB7_2
.Ltmp83:
@ %bb.8:                                @   in Loop: Header=BB7_4 Depth=2
	@DEBUG_VALUE: UART_Read:u32delayno <- [DW_OP_plus_uconst 3, DW_OP_stack_value] $r6
	@DEBUG_VALUE: UART_Read:u32Count <- $r0
	@DEBUG_VALUE: UART_Read:uart <- $r3
	@DEBUG_VALUE: UART_Read:u32Exit <- 0
	@DEBUG_VALUE: UART_Read:u32ReadBytes <- $r2
	@DEBUG_VALUE: UART_Read:pu8RxBuf <- $r1
	@DEBUG_VALUE: UART_Read:u32delayno <- [DW_OP_plus_uconst 4, DW_OP_stack_value] $r6
	.loc	4 288 21                        @ ../../../../Library/StdDriver/src/uart.c:288:21
	ldr	r7, [r3, #24]
	.loc	4 288 9                         @ ../../../../Library/StdDriver/src/uart.c:288:9
	tst	r7, r4
	beq	.LBB7_2
.Ltmp84:
@ %bb.9:                                @   in Loop: Header=BB7_4 Depth=2
	@DEBUG_VALUE: UART_Read:u32delayno <- [DW_OP_plus_uconst 4, DW_OP_stack_value] $r6
	@DEBUG_VALUE: UART_Read:u32Count <- $r0
	@DEBUG_VALUE: UART_Read:uart <- $r3
	@DEBUG_VALUE: UART_Read:u32Exit <- 0
	@DEBUG_VALUE: UART_Read:u32ReadBytes <- $r2
	@DEBUG_VALUE: UART_Read:pu8RxBuf <- $r1
	@DEBUG_VALUE: UART_Read:u32delayno <- [DW_OP_plus_uconst 5, DW_OP_stack_value] $r6
	.loc	4 288 21                        @ ../../../../Library/StdDriver/src/uart.c:288:21
	ldr	r7, [r3, #24]
	.loc	4 288 9                         @ ../../../../Library/StdDriver/src/uart.c:288:9
	tst	r7, r4
	beq	.LBB7_2
.Ltmp85:
@ %bb.10:                               @   in Loop: Header=BB7_4 Depth=2
	@DEBUG_VALUE: UART_Read:u32delayno <- [DW_OP_plus_uconst 5, DW_OP_stack_value] $r6
	@DEBUG_VALUE: UART_Read:u32Count <- $r0
	@DEBUG_VALUE: UART_Read:uart <- $r3
	@DEBUG_VALUE: UART_Read:u32Exit <- 0
	@DEBUG_VALUE: UART_Read:u32ReadBytes <- $r2
	@DEBUG_VALUE: UART_Read:pu8RxBuf <- $r1
	@DEBUG_VALUE: UART_Read:u32delayno <- [DW_OP_plus_uconst 6, DW_OP_stack_value] $r6
	.loc	4 288 21                        @ ../../../../Library/StdDriver/src/uart.c:288:21
	ldr	r7, [r3, #24]
	.loc	4 288 9                         @ ../../../../Library/StdDriver/src/uart.c:288:9
	tst	r7, r4
	beq	.LBB7_2
.Ltmp86:
@ %bb.11:                               @   in Loop: Header=BB7_4 Depth=2
	@DEBUG_VALUE: UART_Read:u32delayno <- [DW_OP_plus_uconst 6, DW_OP_stack_value] $r6
	@DEBUG_VALUE: UART_Read:u32Count <- $r0
	@DEBUG_VALUE: UART_Read:uart <- $r3
	@DEBUG_VALUE: UART_Read:u32Exit <- 0
	@DEBUG_VALUE: UART_Read:u32ReadBytes <- $r2
	@DEBUG_VALUE: UART_Read:pu8RxBuf <- $r1
	@DEBUG_VALUE: UART_Read:u32delayno <- [DW_OP_plus_uconst 7, DW_OP_stack_value] $r6
	.loc	4 288 21                        @ ../../../../Library/StdDriver/src/uart.c:288:21
	ldr	r7, [r3, #24]
	.loc	4 288 9                         @ ../../../../Library/StdDriver/src/uart.c:288:9
	tst	r7, r4
	beq	.LBB7_2
.Ltmp87:
@ %bb.12:                               @   in Loop: Header=BB7_4 Depth=2
	@DEBUG_VALUE: UART_Read:u32delayno <- [DW_OP_plus_uconst 7, DW_OP_stack_value] $r6
	@DEBUG_VALUE: UART_Read:u32Count <- $r0
	@DEBUG_VALUE: UART_Read:uart <- $r3
	@DEBUG_VALUE: UART_Read:u32Exit <- 0
	@DEBUG_VALUE: UART_Read:u32ReadBytes <- $r2
	@DEBUG_VALUE: UART_Read:pu8RxBuf <- $r1
	@DEBUG_VALUE: UART_Read:u32delayno <- [DW_OP_plus_uconst 8, DW_OP_stack_value] $r6
	.loc	4 288 21                        @ ../../../../Library/StdDriver/src/uart.c:288:21
	ldr	r7, [r3, #24]
	.loc	4 288 9                         @ ../../../../Library/StdDriver/src/uart.c:288:9
	tst	r7, r4
	beq	.LBB7_2
.Ltmp88:
@ %bb.13:                               @   in Loop: Header=BB7_4 Depth=2
	@DEBUG_VALUE: UART_Read:u32delayno <- [DW_OP_plus_uconst 8, DW_OP_stack_value] $r6
	@DEBUG_VALUE: UART_Read:u32Count <- $r0
	@DEBUG_VALUE: UART_Read:uart <- $r3
	@DEBUG_VALUE: UART_Read:u32Exit <- 0
	@DEBUG_VALUE: UART_Read:u32ReadBytes <- $r2
	@DEBUG_VALUE: UART_Read:pu8RxBuf <- $r1
	@DEBUG_VALUE: UART_Read:u32delayno <- [DW_OP_plus_uconst 9, DW_OP_stack_value] $r6
	.loc	4 288 21                        @ ../../../../Library/StdDriver/src/uart.c:288:21
	ldr	r7, [r3, #24]
	.loc	4 288 9                         @ ../../../../Library/StdDriver/src/uart.c:288:9
	tst	r7, r4
	beq	.LBB7_2
.Ltmp89:
@ %bb.14:                               @   in Loop: Header=BB7_4 Depth=2
	@DEBUG_VALUE: UART_Read:u32delayno <- [DW_OP_plus_uconst 9, DW_OP_stack_value] $r6
	@DEBUG_VALUE: UART_Read:u32Count <- $r0
	@DEBUG_VALUE: UART_Read:uart <- $r3
	@DEBUG_VALUE: UART_Read:u32Exit <- 0
	@DEBUG_VALUE: UART_Read:u32ReadBytes <- $r2
	@DEBUG_VALUE: UART_Read:pu8RxBuf <- $r1
	@DEBUG_VALUE: UART_Read:u32delayno <- [DW_OP_plus_uconst 10, DW_OP_stack_value] $r6
	.loc	4 288 21                        @ ../../../../Library/StdDriver/src/uart.c:288:21
	ldr	r7, [r3, #24]
	.loc	4 288 9                         @ ../../../../Library/StdDriver/src/uart.c:288:9
	tst	r7, r4
	beq	.LBB7_2
.Ltmp90:
@ %bb.15:                               @   in Loop: Header=BB7_4 Depth=2
	@DEBUG_VALUE: UART_Read:u32delayno <- [DW_OP_plus_uconst 10, DW_OP_stack_value] $r6
	@DEBUG_VALUE: UART_Read:u32Count <- $r0
	@DEBUG_VALUE: UART_Read:uart <- $r3
	@DEBUG_VALUE: UART_Read:u32Exit <- 0
	@DEBUG_VALUE: UART_Read:u32ReadBytes <- $r2
	@DEBUG_VALUE: UART_Read:pu8RxBuf <- $r1
	@DEBUG_VALUE: UART_Read:u32delayno <- [DW_OP_plus_uconst 11, DW_OP_stack_value] $r6
	.loc	4 288 21                        @ ../../../../Library/StdDriver/src/uart.c:288:21
	ldr	r7, [r3, #24]
	.loc	4 288 9                         @ ../../../../Library/StdDriver/src/uart.c:288:9
	tst	r7, r4
	beq	.LBB7_2
.Ltmp91:
@ %bb.16:                               @   in Loop: Header=BB7_4 Depth=2
	@DEBUG_VALUE: UART_Read:u32delayno <- [DW_OP_plus_uconst 11, DW_OP_stack_value] $r6
	@DEBUG_VALUE: UART_Read:u32Count <- $r0
	@DEBUG_VALUE: UART_Read:uart <- $r3
	@DEBUG_VALUE: UART_Read:u32Exit <- 0
	@DEBUG_VALUE: UART_Read:u32ReadBytes <- $r2
	@DEBUG_VALUE: UART_Read:pu8RxBuf <- $r1
	@DEBUG_VALUE: UART_Read:u32delayno <- [DW_OP_plus_uconst 12, DW_OP_stack_value] $r6
	.loc	4 288 21                        @ ../../../../Library/StdDriver/src/uart.c:288:21
	ldr	r7, [r3, #24]
	.loc	4 288 9                         @ ../../../../Library/StdDriver/src/uart.c:288:9
	tst	r7, r4
	beq	.LBB7_2
.Ltmp92:
@ %bb.17:                               @   in Loop: Header=BB7_4 Depth=2
	@DEBUG_VALUE: UART_Read:u32delayno <- [DW_OP_plus_uconst 12, DW_OP_stack_value] $r6
	@DEBUG_VALUE: UART_Read:u32Count <- $r0
	@DEBUG_VALUE: UART_Read:uart <- $r3
	@DEBUG_VALUE: UART_Read:u32Exit <- 0
	@DEBUG_VALUE: UART_Read:u32ReadBytes <- $r2
	@DEBUG_VALUE: UART_Read:pu8RxBuf <- $r1
	@DEBUG_VALUE: UART_Read:u32delayno <- [DW_OP_plus_uconst 13, DW_OP_stack_value] $r6
	.loc	4 288 21                        @ ../../../../Library/StdDriver/src/uart.c:288:21
	ldr	r7, [r3, #24]
	.loc	4 288 9                         @ ../../../../Library/StdDriver/src/uart.c:288:9
	tst	r7, r4
	beq	.LBB7_2
.Ltmp93:
@ %bb.18:                               @   in Loop: Header=BB7_4 Depth=2
	@DEBUG_VALUE: UART_Read:u32delayno <- [DW_OP_plus_uconst 13, DW_OP_stack_value] $r6
	@DEBUG_VALUE: UART_Read:u32Count <- $r0
	@DEBUG_VALUE: UART_Read:uart <- $r3
	@DEBUG_VALUE: UART_Read:u32Exit <- 0
	@DEBUG_VALUE: UART_Read:u32ReadBytes <- $r2
	@DEBUG_VALUE: UART_Read:pu8RxBuf <- $r1
	@DEBUG_VALUE: UART_Read:u32delayno <- [DW_OP_plus_uconst 14, DW_OP_stack_value] $r6
	.loc	4 288 21                        @ ../../../../Library/StdDriver/src/uart.c:288:21
	ldr	r7, [r3, #24]
	.loc	4 288 9                         @ ../../../../Library/StdDriver/src/uart.c:288:9
	tst	r7, r4
	beq	.LBB7_2
.Ltmp94:
@ %bb.19:                               @   in Loop: Header=BB7_4 Depth=2
	@DEBUG_VALUE: UART_Read:u32delayno <- [DW_OP_plus_uconst 14, DW_OP_stack_value] $r6
	@DEBUG_VALUE: UART_Read:u32Count <- $r0
	@DEBUG_VALUE: UART_Read:uart <- $r3
	@DEBUG_VALUE: UART_Read:u32Exit <- 0
	@DEBUG_VALUE: UART_Read:u32ReadBytes <- $r2
	@DEBUG_VALUE: UART_Read:pu8RxBuf <- $r1
	@DEBUG_VALUE: UART_Read:u32delayno <- [DW_OP_plus_uconst 15, DW_OP_stack_value] $r6
	.loc	4 288 21                        @ ../../../../Library/StdDriver/src/uart.c:288:21
	ldr	r7, [r3, #24]
	.loc	4 288 9                         @ ../../../../Library/StdDriver/src/uart.c:288:9
	tst	r7, r4
	beq	.LBB7_2
.Ltmp95:
@ %bb.20:                               @   in Loop: Header=BB7_4 Depth=2
	@DEBUG_VALUE: UART_Read:u32delayno <- [DW_OP_plus_uconst 15, DW_OP_stack_value] $r6
	@DEBUG_VALUE: UART_Read:u32Count <- $r0
	@DEBUG_VALUE: UART_Read:uart <- $r3
	@DEBUG_VALUE: UART_Read:u32Exit <- 0
	@DEBUG_VALUE: UART_Read:u32ReadBytes <- $r2
	@DEBUG_VALUE: UART_Read:pu8RxBuf <- $r1
	@DEBUG_VALUE: UART_Read:u32delayno <- [DW_OP_consts 1073741824, DW_OP_minus, DW_OP_consts 18446744073709551600, DW_OP_div, DW_OP_consts 16, DW_OP_mul, DW_OP_consts 16, DW_OP_plus, DW_OP_stack_value] $r6
	.loc	4 291 27 is_stmt 1              @ ../../../../Library/StdDriver/src/uart.c:291:27
	subs	r6, #16
.Ltmp96:
	.loc	4 291 16 is_stmt 0              @ ../../../../Library/StdDriver/src/uart.c:291:16
	bne	.LBB7_4
.Ltmp97:
@ %bb.21:
	@DEBUG_VALUE: UART_Read:u32Count <- $r0
	@DEBUG_VALUE: UART_Read:uart <- $r3
	@DEBUG_VALUE: UART_Read:u32Exit <- 0
	@DEBUG_VALUE: UART_Read:u32ReadBytes <- $r2
	@DEBUG_VALUE: UART_Read:pu8RxBuf <- $r1
	.loc	4 311 5 epilogue_begin is_stmt 1 @ ../../../../Library/StdDriver/src/uart.c:311:5
	pop	{r4, r5, r6, r7, pc}
.Ltmp98:
.LBB7_22:
	@DEBUG_VALUE: UART_Read:u32Exit <- 0
	@DEBUG_VALUE: UART_Read:u32Count <- 0
	@DEBUG_VALUE: UART_Read:u32ReadBytes <- $r2
	@DEBUG_VALUE: UART_Read:pu8RxBuf <- $r1
	@DEBUG_VALUE: UART_Read:uart <- $r0
	.loc	4 0 5 is_stmt 0                 @ ../../../../Library/StdDriver/src/uart.c:0:5
	movs	r0, #0
.Ltmp99:
	@DEBUG_VALUE: UART_Read:uart <- [DW_OP_LLVM_entry_value 1] $r0
	.loc	4 311 5 epilogue_begin          @ ../../../../Library/StdDriver/src/uart.c:311:5
	pop	{r4, r5, r6, r7, pc}
.Ltmp100:
.LBB7_23:
	@DEBUG_VALUE: UART_Read:u32Count <- $r0
	@DEBUG_VALUE: UART_Read:uart <- $r3
	@DEBUG_VALUE: UART_Read:u32Exit <- 0
	@DEBUG_VALUE: UART_Read:u32ReadBytes <- $r2
	@DEBUG_VALUE: UART_Read:pu8RxBuf <- $r1
	.loc	4 0 5                           @ ../../../../Library/StdDriver/src/uart.c:0:5
	mov	r0, r2
.Ltmp101:
	.loc	4 311 5 epilogue_begin          @ ../../../../Library/StdDriver/src/uart.c:311:5
	pop	{r4, r5, r6, r7, pc}
.Ltmp102:
.Lfunc_end7:
	.size	UART_Read, .Lfunc_end7-UART_Read
	.cfi_endproc
	.cantunwind
	.fnend
                                        @ -- End function
	.hidden	UART_SetLine_Config             @ -- Begin function UART_SetLine_Config
	.globl	UART_SetLine_Config
	.p2align	2
	.type	UART_SetLine_Config,%function
	.code	16                              @ @UART_SetLine_Config
	.thumb_func
UART_SetLine_Config:
.Lfunc_begin8:
	.loc	4 342 0 is_stmt 1               @ ../../../../Library/StdDriver/src/uart.c:342:0
	.fnstart
	.cfi_startproc
@ %bb.0:
	@DEBUG_VALUE: UART_SetLine_Config:uart <- $r0
	@DEBUG_VALUE: UART_SetLine_Config:u32baudrate <- $r1
	@DEBUG_VALUE: UART_SetLine_Config:u32data_width <- $r2
	@DEBUG_VALUE: UART_SetLine_Config:u32parity <- $r3
	.save	{r4, r5, r6, r7, lr}
	push	{r4, r5, r6, r7, lr}
	.cfi_def_cfa_offset 20
	.cfi_offset lr, -4
	.cfi_offset r7, -8
	.cfi_offset r6, -12
	.cfi_offset r5, -16
	.cfi_offset r4, -20
	.pad	#28
	sub	sp, #28
	.cfi_def_cfa_offset 48
.Ltmp103:
	@DEBUG_VALUE: UART_SetLine_Config:u32stop_bits <- [DW_OP_plus_uconst 48] [$sp+0]
	mov	r4, r3
.Ltmp104:
	@DEBUG_VALUE: UART_SetLine_Config:u32parity <- $r4
	str	r2, [sp, #4]                    @ 4-byte Spill
.Ltmp105:
	@DEBUG_VALUE: UART_SetLine_Config:u32data_width <- [DW_OP_plus_uconst 4] [$sp+0]
	mov	r7, r1
.Ltmp106:
	@DEBUG_VALUE: UART_SetLine_Config:u32baudrate <- $r7
	mov	r5, r0
.Ltmp107:
	@DEBUG_VALUE: UART_SetLine_Config:u32UartClkDivNum <- 0
	@DEBUG_VALUE: UART_SetLine_Config:u32UartClkSrcSel <- 0
	@DEBUG_VALUE: UART_SetLine_Config:uart <- $r5
	.loc	4 344 14 prologue_end           @ ../../../../Library/StdDriver/src/uart.c:344:14
	ldr	r0, __arm_cp.8_0
	add	r1, sp, #8
	ldm	r0!, {r2, r3}
	stm	r1!, {r2, r3}
	ldm	r0!, {r2, r3, r6}
	stm	r1!, {r2, r3, r6}
	ldr	r0, __arm_cp.8_1
.Ltmp108:
	@DEBUG_VALUE: UART_SetLine_Config:u32Baud_Div <- 0
	.loc	4 348 9                         @ ../../../../Library/StdDriver/src/uart.c:348:9
	cmp	r5, r0
	beq	.LBB8_4
.Ltmp109:
@ %bb.1:
	@DEBUG_VALUE: UART_SetLine_Config:u32Baud_Div <- 0
	@DEBUG_VALUE: UART_SetLine_Config:uart <- $r5
	@DEBUG_VALUE: UART_SetLine_Config:u32UartClkSrcSel <- 0
	@DEBUG_VALUE: UART_SetLine_Config:u32UartClkDivNum <- 0
	@DEBUG_VALUE: UART_SetLine_Config:u32baudrate <- $r7
	@DEBUG_VALUE: UART_SetLine_Config:u32data_width <- [DW_OP_plus_uconst 4] [$sp+0]
	@DEBUG_VALUE: UART_SetLine_Config:u32parity <- $r4
	@DEBUG_VALUE: UART_SetLine_Config:u32stop_bits <- [DW_OP_plus_uconst 48] [$sp+0]
	.loc	4 0 9 is_stmt 0                 @ ../../../../Library/StdDriver/src/uart.c:0:9
	ldr	r0, __arm_cp.8_2
.Ltmp110:
	.loc	4 355 14 is_stmt 1              @ ../../../../Library/StdDriver/src/uart.c:355:14
	cmp	r5, r0
	beq	.LBB8_5
.Ltmp111:
@ %bb.2:
	@DEBUG_VALUE: UART_SetLine_Config:u32Baud_Div <- 0
	@DEBUG_VALUE: UART_SetLine_Config:uart <- $r5
	@DEBUG_VALUE: UART_SetLine_Config:u32UartClkSrcSel <- 0
	@DEBUG_VALUE: UART_SetLine_Config:u32UartClkDivNum <- 0
	@DEBUG_VALUE: UART_SetLine_Config:u32baudrate <- $r7
	@DEBUG_VALUE: UART_SetLine_Config:u32data_width <- [DW_OP_plus_uconst 4] [$sp+0]
	@DEBUG_VALUE: UART_SetLine_Config:u32parity <- $r4
	@DEBUG_VALUE: UART_SetLine_Config:u32stop_bits <- [DW_OP_plus_uconst 48] [$sp+0]
	.loc	4 0 14 is_stmt 0                @ ../../../../Library/StdDriver/src/uart.c:0:14
	ldr	r0, __arm_cp.8_3
	.loc	4 355 14                        @ ../../../../Library/StdDriver/src/uart.c:355:14
	cmp	r5, r0
	bne	.LBB8_9
.Ltmp112:
@ %bb.3:
	@DEBUG_VALUE: UART_SetLine_Config:u32Baud_Div <- 0
	@DEBUG_VALUE: UART_SetLine_Config:uart <- $r5
	@DEBUG_VALUE: UART_SetLine_Config:u32UartClkSrcSel <- 0
	@DEBUG_VALUE: UART_SetLine_Config:u32UartClkDivNum <- 0
	@DEBUG_VALUE: UART_SetLine_Config:u32baudrate <- $r7
	@DEBUG_VALUE: UART_SetLine_Config:u32data_width <- [DW_OP_plus_uconst 4] [$sp+0]
	@DEBUG_VALUE: UART_SetLine_Config:u32parity <- $r4
	@DEBUG_VALUE: UART_SetLine_Config:u32stop_bits <- [DW_OP_plus_uconst 48] [$sp+0]
	.loc	4 0 14                          @ ../../../../Library/StdDriver/src/uart.c:0:14
	movs	r0, #24
	movs	r1, #28
	b	.LBB8_6
.Ltmp113:
.LBB8_4:
	@DEBUG_VALUE: UART_SetLine_Config:u32Baud_Div <- 0
	@DEBUG_VALUE: UART_SetLine_Config:uart <- $r5
	@DEBUG_VALUE: UART_SetLine_Config:u32UartClkSrcSel <- 0
	@DEBUG_VALUE: UART_SetLine_Config:u32UartClkDivNum <- 0
	@DEBUG_VALUE: UART_SetLine_Config:u32baudrate <- $r7
	@DEBUG_VALUE: UART_SetLine_Config:u32data_width <- [DW_OP_plus_uconst 4] [$sp+0]
	@DEBUG_VALUE: UART_SetLine_Config:u32parity <- $r4
	@DEBUG_VALUE: UART_SetLine_Config:u32stop_bits <- [DW_OP_plus_uconst 48] [$sp+0]
	movs	r0, #8
	movs	r1, #16
	.loc	4 348 9 is_stmt 1               @ ../../../../Library/StdDriver/src/uart.c:348:9
	b	.LBB8_6
.Ltmp114:
.LBB8_5:
	@DEBUG_VALUE: UART_SetLine_Config:u32Baud_Div <- 0
	@DEBUG_VALUE: UART_SetLine_Config:uart <- $r5
	@DEBUG_VALUE: UART_SetLine_Config:u32UartClkSrcSel <- 0
	@DEBUG_VALUE: UART_SetLine_Config:u32UartClkDivNum <- 0
	@DEBUG_VALUE: UART_SetLine_Config:u32baudrate <- $r7
	@DEBUG_VALUE: UART_SetLine_Config:u32data_width <- [DW_OP_plus_uconst 4] [$sp+0]
	@DEBUG_VALUE: UART_SetLine_Config:u32parity <- $r4
	@DEBUG_VALUE: UART_SetLine_Config:u32stop_bits <- [DW_OP_plus_uconst 48] [$sp+0]
	.loc	4 0 9 is_stmt 0                 @ ../../../../Library/StdDriver/src/uart.c:0:9
	movs	r0, #12
	movs	r1, #20
.Ltmp115:
.LBB8_6:
	@DEBUG_VALUE: UART_SetLine_Config:u32Baud_Div <- 0
	@DEBUG_VALUE: UART_SetLine_Config:uart <- $r5
	@DEBUG_VALUE: UART_SetLine_Config:u32UartClkSrcSel <- 0
	@DEBUG_VALUE: UART_SetLine_Config:u32UartClkDivNum <- 0
	@DEBUG_VALUE: UART_SetLine_Config:u32baudrate <- $r7
	@DEBUG_VALUE: UART_SetLine_Config:u32data_width <- [DW_OP_plus_uconst 4] [$sp+0]
	@DEBUG_VALUE: UART_SetLine_Config:u32parity <- $r4
	@DEBUG_VALUE: UART_SetLine_Config:u32stop_bits <- [DW_OP_plus_uconst 48] [$sp+0]
	ldr	r2, __arm_cp.8_4
.Ltmp116:
	ldr	r3, [r2]
	lsrs	r3, r1
.Ltmp117:
	@DEBUG_VALUE: UART_SetLine_Config:u32UartClkSrcSel <- [DW_OP_constu 7, DW_OP_and, DW_OP_stack_value] $r3
	movs	r1, #7
.Ltmp118:
	ands	r1, r3
.Ltmp119:
	@DEBUG_VALUE: UART_SetLine_Config:u32UartClkSrcSel <- $r1
	ldr	r2, [r2, #8]
	lsrs	r2, r0
.Ltmp120:
	@DEBUG_VALUE: UART_SetLine_Config:u32UartClkDivNum <- [DW_OP_constu 15, DW_OP_and, DW_OP_stack_value] $r2
	movs	r6, #15
.Ltmp121:
	ands	r6, r2
.Ltmp122:
	@DEBUG_VALUE: UART_SetLine_Config:u32UartClkDivNum <- $r6
	.loc	4 371 9 is_stmt 1               @ ../../../../Library/StdDriver/src/uart.c:371:9
	cmp	r1, #4
	bne	.LBB8_12
.Ltmp123:
@ %bb.7:
	@DEBUG_VALUE: UART_SetLine_Config:u32UartClkDivNum <- $r6
	@DEBUG_VALUE: UART_SetLine_Config:u32UartClkSrcSel <- $r1
	@DEBUG_VALUE: UART_SetLine_Config:u32Baud_Div <- 0
	@DEBUG_VALUE: UART_SetLine_Config:uart <- $r5
	@DEBUG_VALUE: UART_SetLine_Config:u32baudrate <- $r7
	@DEBUG_VALUE: UART_SetLine_Config:u32data_width <- [DW_OP_plus_uconst 4] [$sp+0]
	@DEBUG_VALUE: UART_SetLine_Config:u32parity <- $r4
	@DEBUG_VALUE: UART_SetLine_Config:u32stop_bits <- [DW_OP_plus_uconst 48] [$sp+0]
	.loc	4 0 9 is_stmt 0                 @ ../../../../Library/StdDriver/src/uart.c:0:9
	movw	r0, #8192
.Ltmp124:
	.loc	4 374 39 is_stmt 1              @ ../../../../Library/StdDriver/src/uart.c:374:39
	orrs	r0, r5
	ldr	r1, __arm_cp.8_3
.Ltmp125:
	cmp	r0, r1
	bne	.LBB8_10
.Ltmp126:
@ %bb.8:
	@DEBUG_VALUE: UART_SetLine_Config:u32UartClkDivNum <- $r6
	@DEBUG_VALUE: UART_SetLine_Config:u32Baud_Div <- 0
	@DEBUG_VALUE: UART_SetLine_Config:uart <- $r5
	@DEBUG_VALUE: UART_SetLine_Config:u32baudrate <- $r7
	@DEBUG_VALUE: UART_SetLine_Config:u32data_width <- [DW_OP_plus_uconst 4] [$sp+0]
	@DEBUG_VALUE: UART_SetLine_Config:u32parity <- $r4
	@DEBUG_VALUE: UART_SetLine_Config:u32stop_bits <- [DW_OP_plus_uconst 48] [$sp+0]
	.loc	4 376 44                        @ ../../../../Library/StdDriver/src/uart.c:376:44
	bl	CLK_GetPCLK0Freq
.Ltmp127:
	.loc	4 0 44 is_stmt 0                @ ../../../../Library/StdDriver/src/uart.c:0:44
	b	.LBB8_11
.Ltmp128:
.LBB8_9:
	@DEBUG_VALUE: UART_SetLine_Config:u32Baud_Div <- 0
	@DEBUG_VALUE: UART_SetLine_Config:uart <- $r5
	@DEBUG_VALUE: UART_SetLine_Config:u32UartClkSrcSel <- 0
	@DEBUG_VALUE: UART_SetLine_Config:u32UartClkDivNum <- 0
	@DEBUG_VALUE: UART_SetLine_Config:u32baudrate <- $r7
	@DEBUG_VALUE: UART_SetLine_Config:u32data_width <- [DW_OP_plus_uconst 4] [$sp+0]
	@DEBUG_VALUE: UART_SetLine_Config:u32parity <- $r4
	@DEBUG_VALUE: UART_SetLine_Config:u32stop_bits <- [DW_OP_plus_uconst 48] [$sp+0]
	movs	r6, #0
	mov	r1, r6
.Ltmp129:
	.loc	4 355 14 is_stmt 1              @ ../../../../Library/StdDriver/src/uart.c:355:14
	b	.LBB8_12
.Ltmp130:
.LBB8_10:
	@DEBUG_VALUE: UART_SetLine_Config:u32UartClkDivNum <- $r6
	@DEBUG_VALUE: UART_SetLine_Config:u32Baud_Div <- 0
	@DEBUG_VALUE: UART_SetLine_Config:uart <- $r5
	@DEBUG_VALUE: UART_SetLine_Config:u32baudrate <- $r7
	@DEBUG_VALUE: UART_SetLine_Config:u32data_width <- [DW_OP_plus_uconst 4] [$sp+0]
	@DEBUG_VALUE: UART_SetLine_Config:u32parity <- $r4
	@DEBUG_VALUE: UART_SetLine_Config:u32stop_bits <- [DW_OP_plus_uconst 48] [$sp+0]
	.loc	4 380 44                        @ ../../../../Library/StdDriver/src/uart.c:380:44
	bl	CLK_GetPCLK1Freq
.Ltmp131:
.LBB8_11:
	@DEBUG_VALUE: UART_SetLine_Config:u32UartClkDivNum <- $r6
	@DEBUG_VALUE: UART_SetLine_Config:u32Baud_Div <- 0
	@DEBUG_VALUE: UART_SetLine_Config:uart <- $r5
	@DEBUG_VALUE: UART_SetLine_Config:u32baudrate <- $r7
	@DEBUG_VALUE: UART_SetLine_Config:u32data_width <- [DW_OP_plus_uconst 4] [$sp+0]
	@DEBUG_VALUE: UART_SetLine_Config:u32parity <- $r4
	@DEBUG_VALUE: UART_SetLine_Config:u32stop_bits <- [DW_OP_plus_uconst 48] [$sp+0]
	.loc	4 0 0 is_stmt 0                 @ ../../../../Library/StdDriver/src/uart.c:0:0
	str	r0, [sp, #24]
	movs	r1, #4
.Ltmp132:
.LBB8_12:
	@DEBUG_VALUE: UART_SetLine_Config:u32Baud_Div <- 0
	@DEBUG_VALUE: UART_SetLine_Config:uart <- $r5
	@DEBUG_VALUE: UART_SetLine_Config:u32baudrate <- $r7
	@DEBUG_VALUE: UART_SetLine_Config:u32data_width <- [DW_OP_plus_uconst 4] [$sp+0]
	@DEBUG_VALUE: UART_SetLine_Config:u32parity <- $r4
	@DEBUG_VALUE: UART_SetLine_Config:u32stop_bits <- [DW_OP_plus_uconst 48] [$sp+0]
	ldr	r0, [sp, #48]
	.loc	4 385 8 is_stmt 1               @ ../../../../Library/StdDriver/src/uart.c:385:8
	cbz	r7, .LBB8_17
.Ltmp133:
@ %bb.13:
	@DEBUG_VALUE: UART_SetLine_Config:u32Baud_Div <- 0
	@DEBUG_VALUE: UART_SetLine_Config:uart <- $r5
	@DEBUG_VALUE: UART_SetLine_Config:u32baudrate <- $r7
	@DEBUG_VALUE: UART_SetLine_Config:u32data_width <- [DW_OP_plus_uconst 4] [$sp+0]
	@DEBUG_VALUE: UART_SetLine_Config:u32parity <- $r4
	@DEBUG_VALUE: UART_SetLine_Config:u32stop_bits <- [DW_OP_plus_uconst 48] [$sp+0]
	.loc	4 387 23                        @ ../../../../Library/StdDriver/src/uart.c:387:23
	lsls	r1, r1, #2
	add	r2, sp, #8
	ldr	r1, [r2, r1]
	adds	r2, r6, #1
	udiv	r2, r1, r2
	lsrs	r1, r7, #1
	adds	r1, r2, r1
	udiv	r1, r1, r7
	subs	r1, r1, #2
.Ltmp134:
	@DEBUG_VALUE: UART_SetLine_Config:u32Baud_Div <- $r1
	.loc	4 389 12                        @ ../../../../Library/StdDriver/src/uart.c:389:12
	lsrs	r3, r1, #16
	beq	.LBB8_15
.Ltmp135:
@ %bb.14:
	@DEBUG_VALUE: UART_SetLine_Config:u32Baud_Div <- $r1
	@DEBUG_VALUE: UART_SetLine_Config:uart <- $r5
	@DEBUG_VALUE: UART_SetLine_Config:u32baudrate <- $r7
	@DEBUG_VALUE: UART_SetLine_Config:u32data_width <- [DW_OP_plus_uconst 4] [$sp+0]
	@DEBUG_VALUE: UART_SetLine_Config:u32parity <- $r4
	@DEBUG_VALUE: UART_SetLine_Config:u32stop_bits <- [DW_OP_plus_uconst 48] [$sp+0]
	.loc	4 391 45                        @ ../../../../Library/StdDriver/src/uart.c:391:45
	lsls	r1, r7, #3
.Ltmp136:
	adds	r1, r2, r1
	udiv	r1, r1, r7
	lsrs	r1, r1, #4
	subs	r1, r1, #2
	.loc	4 392 9                         @ ../../../../Library/StdDriver/src/uart.c:392:9
	b	.LBB8_16
.Ltmp137:
.LBB8_15:
	@DEBUG_VALUE: UART_SetLine_Config:u32Baud_Div <- $r1
	@DEBUG_VALUE: UART_SetLine_Config:uart <- $r5
	@DEBUG_VALUE: UART_SetLine_Config:u32baudrate <- $r7
	@DEBUG_VALUE: UART_SetLine_Config:u32data_width <- [DW_OP_plus_uconst 4] [$sp+0]
	@DEBUG_VALUE: UART_SetLine_Config:u32parity <- $r4
	@DEBUG_VALUE: UART_SetLine_Config:u32stop_bits <- [DW_OP_plus_uconst 48] [$sp+0]
	.loc	4 0 9 is_stmt 0                 @ ../../../../Library/StdDriver/src/uart.c:0:9
	movs	r2, #3
	lsls	r2, r2, #28
.Ltmp138:
	.loc	4 395 43 is_stmt 1              @ ../../../../Library/StdDriver/src/uart.c:395:43
	orrs	r1, r2
.Ltmp139:
.LBB8_16:
	@DEBUG_VALUE: UART_SetLine_Config:uart <- $r5
	@DEBUG_VALUE: UART_SetLine_Config:u32baudrate <- $r7
	@DEBUG_VALUE: UART_SetLine_Config:u32data_width <- [DW_OP_plus_uconst 4] [$sp+0]
	@DEBUG_VALUE: UART_SetLine_Config:u32parity <- $r4
	@DEBUG_VALUE: UART_SetLine_Config:u32stop_bits <- [DW_OP_plus_uconst 48] [$sp+0]
	.loc	4 0 0 is_stmt 0                 @ ../../../../Library/StdDriver/src/uart.c:0:0
	str	r1, [r5, #36]
.Ltmp140:
.LBB8_17:
	@DEBUG_VALUE: UART_SetLine_Config:uart <- $r5
	@DEBUG_VALUE: UART_SetLine_Config:u32baudrate <- $r7
	@DEBUG_VALUE: UART_SetLine_Config:u32data_width <- [DW_OP_plus_uconst 4] [$sp+0]
	@DEBUG_VALUE: UART_SetLine_Config:u32parity <- $r4
	@DEBUG_VALUE: UART_SetLine_Config:u32stop_bits <- [DW_OP_plus_uconst 48] [$sp+0]
	.loc	4 400 32 is_stmt 1              @ ../../../../Library/StdDriver/src/uart.c:400:32
	ldr	r1, [sp, #4]                    @ 4-byte Reload
	orrs	r4, r1
.Ltmp141:
	@DEBUG_VALUE: UART_SetLine_Config:u32parity <- [DW_OP_LLVM_entry_value 1] $r3
	.loc	4 400 44 is_stmt 0              @ ../../../../Library/StdDriver/src/uart.c:400:44
	orrs	r4, r0
	.loc	4 400 16                        @ ../../../../Library/StdDriver/src/uart.c:400:16
	str	r4, [r5, #12]
	.loc	4 401 1 epilogue_begin is_stmt 1 @ ../../../../Library/StdDriver/src/uart.c:401:1
	add	sp, #28
	pop	{r4, r5, r6, r7, pc}
.Ltmp142:
	.loc	4 0 1 is_stmt 0                 @ :0:1
.Ltmp143:
	.p2align	2
@ %bb.18:
__arm_cp.8_0:
	.long	.L__const.UART_SelectIrDAMode.u32ClkTbl
.Lcpi_end7:
	.size	__arm_cp.8_0, .Lcpi_end7-__arm_cp.8_0
__arm_cp.8_1:
	.long	1074200576                      @ 0x40070000
.Lcpi_end8:
	.size	__arm_cp.8_1, .Lcpi_end8-__arm_cp.8_1
__arm_cp.8_2:
	.long	1074204672                      @ 0x40071000
.Lcpi_end9:
	.size	__arm_cp.8_2, .Lcpi_end9-__arm_cp.8_2
__arm_cp.8_3:
	.long	1074208768                      @ 0x40072000
.Lcpi_end10:
	.size	__arm_cp.8_3, .Lcpi_end10-__arm_cp.8_3
__arm_cp.8_4:
	.long	1073742360                      @ 0x40000218
.Lcpi_end11:
	.size	__arm_cp.8_4, .Lcpi_end11-__arm_cp.8_4
.Lfunc_end8:
	.size	UART_SetLine_Config, .Lfunc_end8-UART_SetLine_Config
	.cfi_endproc
	.cantunwind
	.fnend
                                        @ -- End function
	.hidden	UART_SetTimeoutCnt              @ -- Begin function UART_SetTimeoutCnt
	.globl	UART_SetTimeoutCnt
	.p2align	1
	.type	UART_SetTimeoutCnt,%function
	.code	16                              @ @UART_SetTimeoutCnt
	.thumb_func
UART_SetTimeoutCnt:
.Lfunc_begin9:
	.fnstart
	.cfi_startproc
@ %bb.0:
	@DEBUG_VALUE: UART_SetTimeoutCnt:uart <- $r0
	@DEBUG_VALUE: UART_SetTimeoutCnt:u32TOC <- $r1
	.loc	4 417 25 prologue_end is_stmt 1 @ ../../../../Library/StdDriver/src/uart.c:417:25
	ldr	r2, [r0, #32]
	movs	r3, #255
	.loc	4 417 30 is_stmt 0              @ ../../../../Library/StdDriver/src/uart.c:417:30
	bics	r2, r3
	.loc	4 417 53                        @ ../../../../Library/StdDriver/src/uart.c:417:53
	orrs	r2, r1
	.loc	4 417 16                        @ ../../../../Library/StdDriver/src/uart.c:417:16
	str	r2, [r0, #32]
	.loc	4 420 17 is_stmt 1              @ ../../../../Library/StdDriver/src/uart.c:420:17
	ldr	r1, [r0, #4]
.Ltmp144:
	@DEBUG_VALUE: UART_SetTimeoutCnt:u32TOC <- [DW_OP_LLVM_entry_value 1] $r1
	.loc	4 0 17 is_stmt 0                @ ../../../../Library/StdDriver/src/uart.c:0:17
	movw	r2, #2048
	.loc	4 420 17                        @ ../../../../Library/StdDriver/src/uart.c:420:17
	orrs	r2, r1
	str	r2, [r0, #4]
	.loc	4 421 1 is_stmt 1               @ ../../../../Library/StdDriver/src/uart.c:421:1
	bx	lr
.Ltmp145:
.Lfunc_end9:
	.size	UART_SetTimeoutCnt, .Lfunc_end9-UART_SetTimeoutCnt
	.cfi_endproc
	.cantunwind
	.fnend
                                        @ -- End function
	.hidden	UART_SelectIrDAMode             @ -- Begin function UART_SelectIrDAMode
	.globl	UART_SelectIrDAMode
	.p2align	2
	.type	UART_SelectIrDAMode,%function
	.code	16                              @ @UART_SelectIrDAMode
	.thumb_func
UART_SelectIrDAMode:
.Lfunc_begin10:
	.loc	4 438 0                         @ ../../../../Library/StdDriver/src/uart.c:438:0
	.fnstart
	.cfi_startproc
@ %bb.0:
	@DEBUG_VALUE: UART_SelectIrDAMode:uart <- $r0
	@DEBUG_VALUE: UART_SelectIrDAMode:u32Buadrate <- $r1
	@DEBUG_VALUE: UART_SelectIrDAMode:u32Direction <- $r2
	.save	{r4, r5, r6, r7, lr}
	push	{r4, r5, r6, r7, lr}
	.cfi_def_cfa_offset 20
	.cfi_offset lr, -4
	.cfi_offset r7, -8
	.cfi_offset r6, -12
	.cfi_offset r5, -16
	.cfi_offset r4, -20
	.pad	#28
	sub	sp, #28
	.cfi_def_cfa_offset 48
	str	r2, [sp, #4]                    @ 4-byte Spill
.Ltmp146:
	@DEBUG_VALUE: UART_SelectIrDAMode:u32Direction <- [DW_OP_plus_uconst 4] [$sp+0]
	mov	r6, r1
.Ltmp147:
	@DEBUG_VALUE: UART_SelectIrDAMode:u32Buadrate <- $r6
	mov	r4, r0
.Ltmp148:
	@DEBUG_VALUE: UART_SelectIrDAMode:u32UartClkDivNum <- 1
	@DEBUG_VALUE: UART_SelectIrDAMode:u32UartClkSrcSel <- 0
	@DEBUG_VALUE: UART_SelectIrDAMode:uart <- $r4
	.loc	4 440 14 prologue_end           @ ../../../../Library/StdDriver/src/uart.c:440:14
	ldr	r0, __arm_cp.10_0
	add	r1, sp, #8
	ldm	r0!, {r2, r3}
	stm	r1!, {r2, r3}
	ldm	r0!, {r2, r3, r5}
	stm	r1!, {r2, r3, r5}
	movs	r7, #2
	.loc	4 444 19                        @ ../../../../Library/StdDriver/src/uart.c:444:19
	str	r7, [r4, #48]
	ldr	r0, __arm_cp.10_1
	.loc	4 447 9                         @ ../../../../Library/StdDriver/src/uart.c:447:9
	cmp	r4, r0
	beq	.LBB10_4
.Ltmp149:
@ %bb.1:
	@DEBUG_VALUE: UART_SelectIrDAMode:uart <- $r4
	@DEBUG_VALUE: UART_SelectIrDAMode:u32UartClkSrcSel <- 0
	@DEBUG_VALUE: UART_SelectIrDAMode:u32UartClkDivNum <- 1
	@DEBUG_VALUE: UART_SelectIrDAMode:u32Buadrate <- $r6
	@DEBUG_VALUE: UART_SelectIrDAMode:u32Direction <- [DW_OP_plus_uconst 4] [$sp+0]
	.loc	4 0 9 is_stmt 0                 @ ../../../../Library/StdDriver/src/uart.c:0:9
	ldr	r0, __arm_cp.10_2
.Ltmp150:
	.loc	4 454 14 is_stmt 1              @ ../../../../Library/StdDriver/src/uart.c:454:14
	cmp	r4, r0
	beq	.LBB10_5
.Ltmp151:
@ %bb.2:
	@DEBUG_VALUE: UART_SelectIrDAMode:uart <- $r4
	@DEBUG_VALUE: UART_SelectIrDAMode:u32UartClkSrcSel <- 0
	@DEBUG_VALUE: UART_SelectIrDAMode:u32UartClkDivNum <- 1
	@DEBUG_VALUE: UART_SelectIrDAMode:u32Buadrate <- $r6
	@DEBUG_VALUE: UART_SelectIrDAMode:u32Direction <- [DW_OP_plus_uconst 4] [$sp+0]
	.loc	4 0 14 is_stmt 0                @ ../../../../Library/StdDriver/src/uart.c:0:14
	ldr	r0, __arm_cp.10_3
	.loc	4 454 14                        @ ../../../../Library/StdDriver/src/uart.c:454:14
	cmp	r4, r0
	bne	.LBB10_9
.Ltmp152:
@ %bb.3:
	@DEBUG_VALUE: UART_SelectIrDAMode:uart <- $r4
	@DEBUG_VALUE: UART_SelectIrDAMode:u32UartClkSrcSel <- 0
	@DEBUG_VALUE: UART_SelectIrDAMode:u32UartClkDivNum <- 1
	@DEBUG_VALUE: UART_SelectIrDAMode:u32Buadrate <- $r6
	@DEBUG_VALUE: UART_SelectIrDAMode:u32Direction <- [DW_OP_plus_uconst 4] [$sp+0]
	.loc	4 0 14                          @ ../../../../Library/StdDriver/src/uart.c:0:14
	movs	r1, #24
	movs	r0, #28
	b	.LBB10_6
.Ltmp153:
.LBB10_4:
	@DEBUG_VALUE: UART_SelectIrDAMode:uart <- $r4
	@DEBUG_VALUE: UART_SelectIrDAMode:u32UartClkSrcSel <- 0
	@DEBUG_VALUE: UART_SelectIrDAMode:u32UartClkDivNum <- 1
	@DEBUG_VALUE: UART_SelectIrDAMode:u32Buadrate <- $r6
	@DEBUG_VALUE: UART_SelectIrDAMode:u32Direction <- [DW_OP_plus_uconst 4] [$sp+0]
	movs	r1, #8
	movs	r0, #16
	.loc	4 447 9 is_stmt 1               @ ../../../../Library/StdDriver/src/uart.c:447:9
	b	.LBB10_6
.Ltmp154:
.LBB10_5:
	@DEBUG_VALUE: UART_SelectIrDAMode:uart <- $r4
	@DEBUG_VALUE: UART_SelectIrDAMode:u32UartClkSrcSel <- 0
	@DEBUG_VALUE: UART_SelectIrDAMode:u32UartClkDivNum <- 1
	@DEBUG_VALUE: UART_SelectIrDAMode:u32Buadrate <- $r6
	@DEBUG_VALUE: UART_SelectIrDAMode:u32Direction <- [DW_OP_plus_uconst 4] [$sp+0]
	.loc	4 0 9 is_stmt 0                 @ ../../../../Library/StdDriver/src/uart.c:0:9
	movs	r1, #12
	movs	r0, #20
.Ltmp155:
.LBB10_6:
	@DEBUG_VALUE: UART_SelectIrDAMode:uart <- $r4
	@DEBUG_VALUE: UART_SelectIrDAMode:u32UartClkSrcSel <- 0
	@DEBUG_VALUE: UART_SelectIrDAMode:u32UartClkDivNum <- 1
	@DEBUG_VALUE: UART_SelectIrDAMode:u32Buadrate <- $r6
	@DEBUG_VALUE: UART_SelectIrDAMode:u32Direction <- [DW_OP_plus_uconst 4] [$sp+0]
	ldr	r2, __arm_cp.10_4
.Ltmp156:
	ldr	r3, [r2]
	lsrs	r3, r0
.Ltmp157:
	@DEBUG_VALUE: UART_SelectIrDAMode:u32UartClkSrcSel <- [DW_OP_constu 7, DW_OP_and, DW_OP_stack_value] $r3
	movs	r0, #7
.Ltmp158:
	ands	r0, r3
.Ltmp159:
	ldr	r2, [r2, #8]
	lsrs	r2, r1
.Ltmp160:
	@DEBUG_VALUE: UART_SelectIrDAMode:u32UartClkDivNum <- [DW_OP_constu 15, DW_OP_and, DW_OP_stack_value] $r2
	movs	r5, #15
.Ltmp161:
	ands	r5, r2
.Ltmp162:
	@DEBUG_VALUE: UART_SelectIrDAMode:u32UartClkDivNum <- $r5
	@DEBUG_VALUE: UART_SelectIrDAMode:u32UartClkSrcSel <- $r0
	.loc	4 470 9 is_stmt 1               @ ../../../../Library/StdDriver/src/uart.c:470:9
	cmp	r0, #4
	bne	.LBB10_12
.Ltmp163:
@ %bb.7:
	@DEBUG_VALUE: UART_SelectIrDAMode:u32UartClkSrcSel <- $r0
	@DEBUG_VALUE: UART_SelectIrDAMode:u32UartClkDivNum <- $r5
	@DEBUG_VALUE: UART_SelectIrDAMode:uart <- $r4
	@DEBUG_VALUE: UART_SelectIrDAMode:u32Buadrate <- $r6
	@DEBUG_VALUE: UART_SelectIrDAMode:u32Direction <- [DW_OP_plus_uconst 4] [$sp+0]
	.loc	4 0 9 is_stmt 0                 @ ../../../../Library/StdDriver/src/uart.c:0:9
	movw	r0, #8192
.Ltmp164:
	.loc	4 473 39 is_stmt 1              @ ../../../../Library/StdDriver/src/uart.c:473:39
	orrs	r0, r4
	ldr	r1, __arm_cp.10_3
	cmp	r0, r1
	bne	.LBB10_10
.Ltmp165:
@ %bb.8:
	@DEBUG_VALUE: UART_SelectIrDAMode:u32UartClkDivNum <- $r5
	@DEBUG_VALUE: UART_SelectIrDAMode:uart <- $r4
	@DEBUG_VALUE: UART_SelectIrDAMode:u32Buadrate <- $r6
	@DEBUG_VALUE: UART_SelectIrDAMode:u32Direction <- [DW_OP_plus_uconst 4] [$sp+0]
	.loc	4 475 44                        @ ../../../../Library/StdDriver/src/uart.c:475:44
	bl	CLK_GetPCLK0Freq
.Ltmp166:
	.loc	4 0 44 is_stmt 0                @ ../../../../Library/StdDriver/src/uart.c:0:44
	b	.LBB10_11
.Ltmp167:
.LBB10_9:
	@DEBUG_VALUE: UART_SelectIrDAMode:uart <- $r4
	@DEBUG_VALUE: UART_SelectIrDAMode:u32UartClkSrcSel <- 0
	@DEBUG_VALUE: UART_SelectIrDAMode:u32UartClkDivNum <- 1
	@DEBUG_VALUE: UART_SelectIrDAMode:u32Buadrate <- $r6
	@DEBUG_VALUE: UART_SelectIrDAMode:u32Direction <- [DW_OP_plus_uconst 4] [$sp+0]
	movs	r5, #1
	movs	r0, #0
	b	.LBB10_12
.Ltmp168:
.LBB10_10:
	@DEBUG_VALUE: UART_SelectIrDAMode:u32UartClkDivNum <- $r5
	@DEBUG_VALUE: UART_SelectIrDAMode:uart <- $r4
	@DEBUG_VALUE: UART_SelectIrDAMode:u32Buadrate <- $r6
	@DEBUG_VALUE: UART_SelectIrDAMode:u32Direction <- [DW_OP_plus_uconst 4] [$sp+0]
	.loc	4 479 44 is_stmt 1              @ ../../../../Library/StdDriver/src/uart.c:479:44
	bl	CLK_GetPCLK1Freq
.Ltmp169:
.LBB10_11:
	@DEBUG_VALUE: UART_SelectIrDAMode:u32UartClkDivNum <- $r5
	@DEBUG_VALUE: UART_SelectIrDAMode:uart <- $r4
	@DEBUG_VALUE: UART_SelectIrDAMode:u32Buadrate <- $r6
	@DEBUG_VALUE: UART_SelectIrDAMode:u32Direction <- [DW_OP_plus_uconst 4] [$sp+0]
	.loc	4 0 0 is_stmt 0                 @ ../../../../Library/StdDriver/src/uart.c:0:0
	str	r0, [sp, #24]
	movs	r0, #4
.Ltmp170:
.LBB10_12:
	@DEBUG_VALUE: UART_SelectIrDAMode:uart <- $r4
	@DEBUG_VALUE: UART_SelectIrDAMode:u32Buadrate <- $r6
	@DEBUG_VALUE: UART_SelectIrDAMode:u32Direction <- [DW_OP_plus_uconst 4] [$sp+0]
	ldr	r2, [sp, #4]                    @ 4-byte Reload
	.loc	4 484 8 is_stmt 1               @ ../../../../Library/StdDriver/src/uart.c:484:8
	cbz	r6, .LBB10_15
.Ltmp171:
@ %bb.13:
	@DEBUG_VALUE: UART_SelectIrDAMode:uart <- $r4
	@DEBUG_VALUE: UART_SelectIrDAMode:u32Buadrate <- $r6
	@DEBUG_VALUE: UART_SelectIrDAMode:u32Direction <- [DW_OP_plus_uconst 4] [$sp+0]
	.loc	4 486 22                        @ ../../../../Library/StdDriver/src/uart.c:486:22
	lsls	r0, r0, #2
	add	r1, sp, #8
	ldr	r0, [r1, r0]
	adds	r1, r5, #1
	udiv	r0, r0, r1
	lsls	r1, r6, #3
	adds	r0, r0, r1
	udiv	r0, r0, r6
	lsrs	r0, r0, #4
	subs	r0, r0, #2
.Ltmp172:
	@DEBUG_VALUE: UART_SelectIrDAMode:u32BaudDiv <- $r0
	.loc	4 0 22 is_stmt 0                @ ../../../../Library/StdDriver/src/uart.c:0:22
	ldr	r1, __arm_cp.10_5
	.loc	4 488 12 is_stmt 1              @ ../../../../Library/StdDriver/src/uart.c:488:12
	cmp	r0, r1
	bhi	.LBB10_15
.Ltmp173:
@ %bb.14:
	@DEBUG_VALUE: UART_SelectIrDAMode:u32BaudDiv <- $r0
	@DEBUG_VALUE: UART_SelectIrDAMode:uart <- $r4
	@DEBUG_VALUE: UART_SelectIrDAMode:u32Buadrate <- $r6
	@DEBUG_VALUE: UART_SelectIrDAMode:u32Direction <- [DW_OP_plus_uconst 4] [$sp+0]
	.loc	4 490 24                        @ ../../../../Library/StdDriver/src/uart.c:490:24
	str	r0, [r4, #36]
.Ltmp174:
.LBB10_15:
	@DEBUG_VALUE: UART_SelectIrDAMode:uart <- $r4
	@DEBUG_VALUE: UART_SelectIrDAMode:u32Buadrate <- $r6
	@DEBUG_VALUE: UART_SelectIrDAMode:u32Direction <- [DW_OP_plus_uconst 4] [$sp+0]
	.loc	4 0 0 is_stmt 0                 @ ../../../../Library/StdDriver/src/uart.c:0:0
	ldr	r0, [r4, #40]
.Ltmp175:
	.loc	4 495 8 is_stmt 1               @ ../../../../Library/StdDriver/src/uart.c:495:8
	cbz	r2, .LBB10_17
.Ltmp176:
@ %bb.16:
	@DEBUG_VALUE: UART_SelectIrDAMode:uart <- $r4
	@DEBUG_VALUE: UART_SelectIrDAMode:u32Buadrate <- $r6
	@DEBUG_VALUE: UART_SelectIrDAMode:u32Direction <- [DW_OP_plus_uconst 4] [$sp+0]
	.loc	4 0 8 is_stmt 0                 @ ../../../../Library/StdDriver/src/uart.c:0:8
	movs	r1, #32
.Ltmp177:
	.loc	4 502 20 is_stmt 1              @ ../../../../Library/StdDriver/src/uart.c:502:20
	bics	r0, r1
	str	r0, [r4, #40]
	.loc	4 503 20                        @ ../../../../Library/StdDriver/src/uart.c:503:20
	ldr	r0, [r4, #40]
	orrs	r0, r7
	b	.LBB10_18
.Ltmp178:
.LBB10_17:
	@DEBUG_VALUE: UART_SelectIrDAMode:uart <- $r4
	@DEBUG_VALUE: UART_SelectIrDAMode:u32Buadrate <- $r6
	@DEBUG_VALUE: UART_SelectIrDAMode:u32Direction <- [DW_OP_plus_uconst 4] [$sp+0]
	.loc	4 0 20 is_stmt 0                @ ../../../../Library/StdDriver/src/uart.c:0:20
	movs	r1, #64
.Ltmp179:
	.loc	4 497 20 is_stmt 1              @ ../../../../Library/StdDriver/src/uart.c:497:20
	orrs	r0, r1
	str	r0, [r4, #40]
	.loc	4 498 20                        @ ../../../../Library/StdDriver/src/uart.c:498:20
	ldr	r0, [r4, #40]
	bics	r0, r7
.Ltmp180:
.LBB10_18:
	@DEBUG_VALUE: UART_SelectIrDAMode:uart <- $r4
	@DEBUG_VALUE: UART_SelectIrDAMode:u32Buadrate <- $r6
	@DEBUG_VALUE: UART_SelectIrDAMode:u32Direction <- [DW_OP_plus_uconst 4] [$sp+0]
	.loc	4 0 0 is_stmt 0                 @ ../../../../Library/StdDriver/src/uart.c:0:0
	str	r0, [r4, #40]
.Ltmp181:
	.loc	4 506 1 epilogue_begin is_stmt 1 @ ../../../../Library/StdDriver/src/uart.c:506:1
	add	sp, #28
	pop	{r4, r5, r6, r7, pc}
.Ltmp182:
	.loc	4 0 1 is_stmt 0                 @ :0:1
.Ltmp183:
	.p2align	2
@ %bb.19:
__arm_cp.10_0:
	.long	.L__const.UART_SelectIrDAMode.u32ClkTbl
.Lcpi_end12:
	.size	__arm_cp.10_0, .Lcpi_end12-__arm_cp.10_0
__arm_cp.10_1:
	.long	1074200576                      @ 0x40070000
.Lcpi_end13:
	.size	__arm_cp.10_1, .Lcpi_end13-__arm_cp.10_1
__arm_cp.10_2:
	.long	1074204672                      @ 0x40071000
.Lcpi_end14:
	.size	__arm_cp.10_2, .Lcpi_end14-__arm_cp.10_2
__arm_cp.10_3:
	.long	1074208768                      @ 0x40072000
.Lcpi_end15:
	.size	__arm_cp.10_3, .Lcpi_end15-__arm_cp.10_3
__arm_cp.10_4:
	.long	1073742360                      @ 0x40000218
.Lcpi_end16:
	.size	__arm_cp.10_4, .Lcpi_end16-__arm_cp.10_4
__arm_cp.10_5:
	.long	65534                           @ 0xfffe
.Lcpi_end17:
	.size	__arm_cp.10_5, .Lcpi_end17-__arm_cp.10_5
.Lfunc_end10:
	.size	UART_SelectIrDAMode, .Lfunc_end10-UART_SelectIrDAMode
	.cfi_endproc
	.cantunwind
	.fnend
                                        @ -- End function
	.hidden	UART_SelectRS485Mode            @ -- Begin function UART_SelectRS485Mode
	.globl	UART_SelectRS485Mode
	.p2align	2
	.type	UART_SelectRS485Mode,%function
	.code	16                              @ @UART_SelectRS485Mode
	.thumb_func
UART_SelectRS485Mode:
.Lfunc_begin11:
	.loc	4 524 0 is_stmt 1               @ ../../../../Library/StdDriver/src/uart.c:524:0
	.fnstart
	.cfi_startproc
@ %bb.0:
	@DEBUG_VALUE: UART_SelectRS485Mode:uart <- $r0
	@DEBUG_VALUE: UART_SelectRS485Mode:u32Mode <- $r1
	@DEBUG_VALUE: UART_SelectRS485Mode:u32Addr <- $r2
	.save	{r4, lr}
	push	{r4, lr}
	.cfi_def_cfa_offset 8
	.cfi_offset lr, -4
	.cfi_offset r4, -8
	movs	r3, #3
.Ltmp184:
	.loc	4 526 19 prologue_end           @ ../../../../Library/StdDriver/src/uart.c:526:19
	str	r3, [r0, #48]
	.loc	4 529 18                        @ ../../../../Library/StdDriver/src/uart.c:529:18
	ldr	r3, [r0, #44]
	ldr	r4, __arm_cp.11_0
	ands	r4, r3
	str	r4, [r0, #44]
	.loc	4 530 41                        @ ../../../../Library/StdDriver/src/uart.c:530:41
	lsls	r2, r2, #24
.Ltmp185:
	@DEBUG_VALUE: UART_SelectRS485Mode:u32Addr <- [DW_OP_LLVM_entry_value 1] $r2
	.loc	4 530 30 is_stmt 0              @ ../../../../Library/StdDriver/src/uart.c:530:30
	orrs	r2, r1
	.loc	4 530 18                        @ ../../../../Library/StdDriver/src/uart.c:530:18
	ldr	r1, [r0, #44]
.Ltmp186:
	@DEBUG_VALUE: UART_SelectRS485Mode:u32Mode <- [DW_OP_LLVM_entry_value 1] $r1
	orrs	r1, r2
	str	r1, [r0, #44]
	.loc	4 531 1 epilogue_begin is_stmt 1 @ ../../../../Library/StdDriver/src/uart.c:531:1
	pop	{r4, pc}
.Ltmp187:
	.loc	4 0 1 is_stmt 0                 @ :0:1
.Ltmp188:
	.p2align	2
@ %bb.1:
__arm_cp.11_0:
	.long	16775423                        @ 0xfff8ff
.Lcpi_end18:
	.size	__arm_cp.11_0, .Lcpi_end18-__arm_cp.11_0
.Lfunc_end11:
	.size	UART_SelectRS485Mode, .Lfunc_end11-UART_SelectRS485Mode
	.cfi_endproc
	.cantunwind
	.fnend
                                        @ -- End function
	.hidden	UART_SelectLINMode              @ -- Begin function UART_SelectLINMode
	.globl	UART_SelectLINMode
	.p2align	1
	.type	UART_SelectLINMode,%function
	.code	16                              @ @UART_SelectLINMode
	.thumb_func
UART_SelectLINMode:
.Lfunc_begin12:
	.loc	4 548 0 is_stmt 1               @ ../../../../Library/StdDriver/src/uart.c:548:0
	.fnstart
	.cfi_startproc
@ %bb.0:
	@DEBUG_VALUE: UART_SelectLINMode:uart <- $r0
	@DEBUG_VALUE: UART_SelectLINMode:u32Mode <- $r1
	@DEBUG_VALUE: UART_SelectLINMode:u32BreakLength <- $r2
	.save	{r4, lr}
	push	{r4, lr}
	.cfi_def_cfa_offset 8
	.cfi_offset lr, -4
	.cfi_offset r4, -8
	movs	r3, #1
.Ltmp189:
	.loc	4 550 19 prologue_end           @ ../../../../Library/StdDriver/src/uart.c:550:19
	str	r3, [r0, #48]
	.loc	4 553 18                        @ ../../../../Library/StdDriver/src/uart.c:553:18
	ldr	r3, [r0, #44]
	movs	r4, #207
	bics	r3, r4
	str	r3, [r0, #44]
	.loc	4 554 30                        @ ../../../../Library/StdDriver/src/uart.c:554:30
	orrs	r1, r2
.Ltmp190:
	@DEBUG_VALUE: UART_SelectLINMode:u32Mode <- [DW_OP_LLVM_entry_value 1] $r1
	.loc	4 554 18 is_stmt 0              @ ../../../../Library/StdDriver/src/uart.c:554:18
	ldr	r2, [r0, #44]
.Ltmp191:
	@DEBUG_VALUE: UART_SelectLINMode:u32BreakLength <- [DW_OP_LLVM_entry_value 1] $r2
	orrs	r2, r1
	str	r2, [r0, #44]
	.loc	4 555 1 epilogue_begin is_stmt 1 @ ../../../../Library/StdDriver/src/uart.c:555:1
	pop	{r4, pc}
.Ltmp192:
.Lfunc_end12:
	.size	UART_SelectLINMode, .Lfunc_end12-UART_SelectLINMode
	.cfi_endproc
	.cantunwind
	.fnend
                                        @ -- End function
	.hidden	UART_Write                      @ -- Begin function UART_Write
	.globl	UART_Write
	.p2align	1
	.type	UART_Write,%function
	.code	16                              @ @UART_Write
	.thumb_func
UART_Write:
.Lfunc_begin13:
	.loc	4 570 0                         @ ../../../../Library/StdDriver/src/uart.c:570:0
	.fnstart
	.cfi_startproc
@ %bb.0:
	@DEBUG_VALUE: UART_Write:uart <- $r0
	@DEBUG_VALUE: UART_Write:pu8TxBuf <- $r1
	@DEBUG_VALUE: UART_Write:u32WriteBytes <- $r2
	@DEBUG_VALUE: UART_Write:uart <- $r0
	.save	{r4, r5, r6, r7, lr}
	push	{r4, r5, r6, r7, lr}
	.cfi_def_cfa_offset 20
	.cfi_offset lr, -4
	.cfi_offset r7, -8
	.cfi_offset r6, -12
	.cfi_offset r5, -16
	.cfi_offset r4, -20
.Ltmp193:
	@DEBUG_VALUE: UART_Write:u32Count <- 0
	@DEBUG_VALUE: UART_Write:u32Exit <- 0
	.loc	4 574 5 prologue_end            @ ../../../../Library/StdDriver/src/uart.c:574:5
	cbz	r2, .LBB13_22
.Ltmp194:
@ %bb.1:
	@DEBUG_VALUE: UART_Write:u32Exit <- 0
	@DEBUG_VALUE: UART_Write:u32Count <- 0
	@DEBUG_VALUE: UART_Write:u32WriteBytes <- $r2
	@DEBUG_VALUE: UART_Write:pu8TxBuf <- $r1
	@DEBUG_VALUE: UART_Write:uart <- $r0
	.loc	4 0 5 is_stmt 0                 @ ../../../../Library/StdDriver/src/uart.c:0:5
	mov	r3, r0
.Ltmp195:
	@DEBUG_VALUE: UART_Write:uart <- $r3
	movs	r5, #1
	lsls	r4, r5, #23
	movs	r0, #0
	lsls	r5, r5, #30
	b	.LBB13_3
.Ltmp196:
.LBB13_2:                               @   in Loop: Header=BB13_3 Depth=1
	@DEBUG_VALUE: UART_Write:u32Count <- $r0
	@DEBUG_VALUE: UART_Write:uart <- $r3
	@DEBUG_VALUE: UART_Write:u32Exit <- 0
	@DEBUG_VALUE: UART_Write:u32WriteBytes <- $r2
	@DEBUG_VALUE: UART_Write:pu8TxBuf <- $r1
	.loc	4 596 25 is_stmt 1              @ ../../../../Library/StdDriver/src/uart.c:596:25
	ldrb	r6, [r1, r0]
	.loc	4 596 23 is_stmt 0              @ ../../../../Library/StdDriver/src/uart.c:596:23
	str	r6, [r3]
.Ltmp197:
	.loc	4 574 60 is_stmt 1              @ ../../../../Library/StdDriver/src/uart.c:574:60
	adds	r0, r0, #1
.Ltmp198:
	@DEBUG_VALUE: UART_Write:u32Count <- $r0
	@DEBUG_VALUE: UART_Write:u32Exit <- 0
	.loc	4 574 5 is_stmt 0               @ ../../../../Library/StdDriver/src/uart.c:574:5
	cmp	r0, r2
	beq	.LBB13_23
.Ltmp199:
.LBB13_3:                               @ =>This Loop Header: Depth=1
                                        @     Child Loop BB13_4 Depth 2
	@DEBUG_VALUE: UART_Write:uart <- $r3
	@DEBUG_VALUE: UART_Write:u32Exit <- 0
	@DEBUG_VALUE: UART_Write:u32WriteBytes <- $r2
	@DEBUG_VALUE: UART_Write:pu8TxBuf <- $r1
	@DEBUG_VALUE: UART_Write:u32Count <- $r0
	.loc	4 0 5                           @ ../../../../Library/StdDriver/src/uart.c:0:5
	mov	r6, r5
.Ltmp200:
.LBB13_4:                               @   Parent Loop BB13_3 Depth=1
                                        @ =>  This Inner Loop Header: Depth=2
	@DEBUG_VALUE: UART_Write:u32Count <- $r0
	@DEBUG_VALUE: UART_Write:uart <- $r3
	@DEBUG_VALUE: UART_Write:u32Exit <- 0
	@DEBUG_VALUE: UART_Write:u32WriteBytes <- $r2
	@DEBUG_VALUE: UART_Write:pu8TxBuf <- $r1
	@DEBUG_VALUE: UART_Write:u32delayno <- [DW_OP_consts 1073741824, DW_OP_minus, DW_OP_consts 18446744073709551600, DW_OP_div, DW_OP_consts 16, DW_OP_mul, DW_OP_stack_value] $r6
	.loc	4 577 22 is_stmt 1              @ ../../../../Library/StdDriver/src/uart.c:577:22
	ldr	r7, [r3, #24]
	.loc	4 577 9 is_stmt 0               @ ../../../../Library/StdDriver/src/uart.c:577:9
	tst	r7, r4
	beq	.LBB13_2
.Ltmp201:
@ %bb.5:                                @   in Loop: Header=BB13_4 Depth=2
	@DEBUG_VALUE: UART_Write:u32delayno <- [DW_OP_consts 1073741824, DW_OP_minus, DW_OP_consts 18446744073709551600, DW_OP_div, DW_OP_consts 16, DW_OP_mul, DW_OP_stack_value] $r6
	@DEBUG_VALUE: UART_Write:u32Count <- $r0
	@DEBUG_VALUE: UART_Write:uart <- $r3
	@DEBUG_VALUE: UART_Write:u32Exit <- 0
	@DEBUG_VALUE: UART_Write:u32WriteBytes <- $r2
	@DEBUG_VALUE: UART_Write:pu8TxBuf <- $r1
	@DEBUG_VALUE: UART_Write:u32delayno <- [DW_OP_plus_uconst 1, DW_OP_stack_value] $r6
	.loc	4 577 22                        @ ../../../../Library/StdDriver/src/uart.c:577:22
	ldr	r7, [r3, #24]
	.loc	4 577 9                         @ ../../../../Library/StdDriver/src/uart.c:577:9
	tst	r7, r4
	beq	.LBB13_2
.Ltmp202:
@ %bb.6:                                @   in Loop: Header=BB13_4 Depth=2
	@DEBUG_VALUE: UART_Write:u32delayno <- [DW_OP_plus_uconst 1, DW_OP_stack_value] $r6
	@DEBUG_VALUE: UART_Write:u32Count <- $r0
	@DEBUG_VALUE: UART_Write:uart <- $r3
	@DEBUG_VALUE: UART_Write:u32Exit <- 0
	@DEBUG_VALUE: UART_Write:u32WriteBytes <- $r2
	@DEBUG_VALUE: UART_Write:pu8TxBuf <- $r1
	@DEBUG_VALUE: UART_Write:u32delayno <- [DW_OP_plus_uconst 2, DW_OP_stack_value] $r6
	.loc	4 577 22                        @ ../../../../Library/StdDriver/src/uart.c:577:22
	ldr	r7, [r3, #24]
	.loc	4 577 9                         @ ../../../../Library/StdDriver/src/uart.c:577:9
	tst	r7, r4
	beq	.LBB13_2
.Ltmp203:
@ %bb.7:                                @   in Loop: Header=BB13_4 Depth=2
	@DEBUG_VALUE: UART_Write:u32delayno <- [DW_OP_plus_uconst 2, DW_OP_stack_value] $r6
	@DEBUG_VALUE: UART_Write:u32Count <- $r0
	@DEBUG_VALUE: UART_Write:uart <- $r3
	@DEBUG_VALUE: UART_Write:u32Exit <- 0
	@DEBUG_VALUE: UART_Write:u32WriteBytes <- $r2
	@DEBUG_VALUE: UART_Write:pu8TxBuf <- $r1
	@DEBUG_VALUE: UART_Write:u32delayno <- [DW_OP_plus_uconst 3, DW_OP_stack_value] $r6
	.loc	4 577 22                        @ ../../../../Library/StdDriver/src/uart.c:577:22
	ldr	r7, [r3, #24]
	.loc	4 577 9                         @ ../../../../Library/StdDriver/src/uart.c:577:9
	tst	r7, r4
	beq	.LBB13_2
.Ltmp204:
@ %bb.8:                                @   in Loop: Header=BB13_4 Depth=2
	@DEBUG_VALUE: UART_Write:u32delayno <- [DW_OP_plus_uconst 3, DW_OP_stack_value] $r6
	@DEBUG_VALUE: UART_Write:u32Count <- $r0
	@DEBUG_VALUE: UART_Write:uart <- $r3
	@DEBUG_VALUE: UART_Write:u32Exit <- 0
	@DEBUG_VALUE: UART_Write:u32WriteBytes <- $r2
	@DEBUG_VALUE: UART_Write:pu8TxBuf <- $r1
	@DEBUG_VALUE: UART_Write:u32delayno <- [DW_OP_plus_uconst 4, DW_OP_stack_value] $r6
	.loc	4 577 22                        @ ../../../../Library/StdDriver/src/uart.c:577:22
	ldr	r7, [r3, #24]
	.loc	4 577 9                         @ ../../../../Library/StdDriver/src/uart.c:577:9
	tst	r7, r4
	beq	.LBB13_2
.Ltmp205:
@ %bb.9:                                @   in Loop: Header=BB13_4 Depth=2
	@DEBUG_VALUE: UART_Write:u32delayno <- [DW_OP_plus_uconst 4, DW_OP_stack_value] $r6
	@DEBUG_VALUE: UART_Write:u32Count <- $r0
	@DEBUG_VALUE: UART_Write:uart <- $r3
	@DEBUG_VALUE: UART_Write:u32Exit <- 0
	@DEBUG_VALUE: UART_Write:u32WriteBytes <- $r2
	@DEBUG_VALUE: UART_Write:pu8TxBuf <- $r1
	@DEBUG_VALUE: UART_Write:u32delayno <- [DW_OP_plus_uconst 5, DW_OP_stack_value] $r6
	.loc	4 577 22                        @ ../../../../Library/StdDriver/src/uart.c:577:22
	ldr	r7, [r3, #24]
	.loc	4 577 9                         @ ../../../../Library/StdDriver/src/uart.c:577:9
	tst	r7, r4
	beq	.LBB13_2
.Ltmp206:
@ %bb.10:                               @   in Loop: Header=BB13_4 Depth=2
	@DEBUG_VALUE: UART_Write:u32delayno <- [DW_OP_plus_uconst 5, DW_OP_stack_value] $r6
	@DEBUG_VALUE: UART_Write:u32Count <- $r0
	@DEBUG_VALUE: UART_Write:uart <- $r3
	@DEBUG_VALUE: UART_Write:u32Exit <- 0
	@DEBUG_VALUE: UART_Write:u32WriteBytes <- $r2
	@DEBUG_VALUE: UART_Write:pu8TxBuf <- $r1
	@DEBUG_VALUE: UART_Write:u32delayno <- [DW_OP_plus_uconst 6, DW_OP_stack_value] $r6
	.loc	4 577 22                        @ ../../../../Library/StdDriver/src/uart.c:577:22
	ldr	r7, [r3, #24]
	.loc	4 577 9                         @ ../../../../Library/StdDriver/src/uart.c:577:9
	tst	r7, r4
	beq	.LBB13_2
.Ltmp207:
@ %bb.11:                               @   in Loop: Header=BB13_4 Depth=2
	@DEBUG_VALUE: UART_Write:u32delayno <- [DW_OP_plus_uconst 6, DW_OP_stack_value] $r6
	@DEBUG_VALUE: UART_Write:u32Count <- $r0
	@DEBUG_VALUE: UART_Write:uart <- $r3
	@DEBUG_VALUE: UART_Write:u32Exit <- 0
	@DEBUG_VALUE: UART_Write:u32WriteBytes <- $r2
	@DEBUG_VALUE: UART_Write:pu8TxBuf <- $r1
	@DEBUG_VALUE: UART_Write:u32delayno <- [DW_OP_plus_uconst 7, DW_OP_stack_value] $r6
	.loc	4 577 22                        @ ../../../../Library/StdDriver/src/uart.c:577:22
	ldr	r7, [r3, #24]
	.loc	4 577 9                         @ ../../../../Library/StdDriver/src/uart.c:577:9
	tst	r7, r4
	beq	.LBB13_2
.Ltmp208:
@ %bb.12:                               @   in Loop: Header=BB13_4 Depth=2
	@DEBUG_VALUE: UART_Write:u32delayno <- [DW_OP_plus_uconst 7, DW_OP_stack_value] $r6
	@DEBUG_VALUE: UART_Write:u32Count <- $r0
	@DEBUG_VALUE: UART_Write:uart <- $r3
	@DEBUG_VALUE: UART_Write:u32Exit <- 0
	@DEBUG_VALUE: UART_Write:u32WriteBytes <- $r2
	@DEBUG_VALUE: UART_Write:pu8TxBuf <- $r1
	@DEBUG_VALUE: UART_Write:u32delayno <- [DW_OP_plus_uconst 8, DW_OP_stack_value] $r6
	.loc	4 577 22                        @ ../../../../Library/StdDriver/src/uart.c:577:22
	ldr	r7, [r3, #24]
	.loc	4 577 9                         @ ../../../../Library/StdDriver/src/uart.c:577:9
	tst	r7, r4
	beq	.LBB13_2
.Ltmp209:
@ %bb.13:                               @   in Loop: Header=BB13_4 Depth=2
	@DEBUG_VALUE: UART_Write:u32delayno <- [DW_OP_plus_uconst 8, DW_OP_stack_value] $r6
	@DEBUG_VALUE: UART_Write:u32Count <- $r0
	@DEBUG_VALUE: UART_Write:uart <- $r3
	@DEBUG_VALUE: UART_Write:u32Exit <- 0
	@DEBUG_VALUE: UART_Write:u32WriteBytes <- $r2
	@DEBUG_VALUE: UART_Write:pu8TxBuf <- $r1
	@DEBUG_VALUE: UART_Write:u32delayno <- [DW_OP_plus_uconst 9, DW_OP_stack_value] $r6
	.loc	4 577 22                        @ ../../../../Library/StdDriver/src/uart.c:577:22
	ldr	r7, [r3, #24]
	.loc	4 577 9                         @ ../../../../Library/StdDriver/src/uart.c:577:9
	tst	r7, r4
	beq	.LBB13_2
.Ltmp210:
@ %bb.14:                               @   in Loop: Header=BB13_4 Depth=2
	@DEBUG_VALUE: UART_Write:u32delayno <- [DW_OP_plus_uconst 9, DW_OP_stack_value] $r6
	@DEBUG_VALUE: UART_Write:u32Count <- $r0
	@DEBUG_VALUE: UART_Write:uart <- $r3
	@DEBUG_VALUE: UART_Write:u32Exit <- 0
	@DEBUG_VALUE: UART_Write:u32WriteBytes <- $r2
	@DEBUG_VALUE: UART_Write:pu8TxBuf <- $r1
	@DEBUG_VALUE: UART_Write:u32delayno <- [DW_OP_plus_uconst 10, DW_OP_stack_value] $r6
	.loc	4 577 22                        @ ../../../../Library/StdDriver/src/uart.c:577:22
	ldr	r7, [r3, #24]
	.loc	4 577 9                         @ ../../../../Library/StdDriver/src/uart.c:577:9
	tst	r7, r4
	beq	.LBB13_2
.Ltmp211:
@ %bb.15:                               @   in Loop: Header=BB13_4 Depth=2
	@DEBUG_VALUE: UART_Write:u32delayno <- [DW_OP_plus_uconst 10, DW_OP_stack_value] $r6
	@DEBUG_VALUE: UART_Write:u32Count <- $r0
	@DEBUG_VALUE: UART_Write:uart <- $r3
	@DEBUG_VALUE: UART_Write:u32Exit <- 0
	@DEBUG_VALUE: UART_Write:u32WriteBytes <- $r2
	@DEBUG_VALUE: UART_Write:pu8TxBuf <- $r1
	@DEBUG_VALUE: UART_Write:u32delayno <- [DW_OP_plus_uconst 11, DW_OP_stack_value] $r6
	.loc	4 577 22                        @ ../../../../Library/StdDriver/src/uart.c:577:22
	ldr	r7, [r3, #24]
	.loc	4 577 9                         @ ../../../../Library/StdDriver/src/uart.c:577:9
	tst	r7, r4
	beq	.LBB13_2
.Ltmp212:
@ %bb.16:                               @   in Loop: Header=BB13_4 Depth=2
	@DEBUG_VALUE: UART_Write:u32delayno <- [DW_OP_plus_uconst 11, DW_OP_stack_value] $r6
	@DEBUG_VALUE: UART_Write:u32Count <- $r0
	@DEBUG_VALUE: UART_Write:uart <- $r3
	@DEBUG_VALUE: UART_Write:u32Exit <- 0
	@DEBUG_VALUE: UART_Write:u32WriteBytes <- $r2
	@DEBUG_VALUE: UART_Write:pu8TxBuf <- $r1
	@DEBUG_VALUE: UART_Write:u32delayno <- [DW_OP_plus_uconst 12, DW_OP_stack_value] $r6
	.loc	4 577 22                        @ ../../../../Library/StdDriver/src/uart.c:577:22
	ldr	r7, [r3, #24]
	.loc	4 577 9                         @ ../../../../Library/StdDriver/src/uart.c:577:9
	tst	r7, r4
	beq	.LBB13_2
.Ltmp213:
@ %bb.17:                               @   in Loop: Header=BB13_4 Depth=2
	@DEBUG_VALUE: UART_Write:u32delayno <- [DW_OP_plus_uconst 12, DW_OP_stack_value] $r6
	@DEBUG_VALUE: UART_Write:u32Count <- $r0
	@DEBUG_VALUE: UART_Write:uart <- $r3
	@DEBUG_VALUE: UART_Write:u32Exit <- 0
	@DEBUG_VALUE: UART_Write:u32WriteBytes <- $r2
	@DEBUG_VALUE: UART_Write:pu8TxBuf <- $r1
	@DEBUG_VALUE: UART_Write:u32delayno <- [DW_OP_plus_uconst 13, DW_OP_stack_value] $r6
	.loc	4 577 22                        @ ../../../../Library/StdDriver/src/uart.c:577:22
	ldr	r7, [r3, #24]
	.loc	4 577 9                         @ ../../../../Library/StdDriver/src/uart.c:577:9
	tst	r7, r4
	beq	.LBB13_2
.Ltmp214:
@ %bb.18:                               @   in Loop: Header=BB13_4 Depth=2
	@DEBUG_VALUE: UART_Write:u32delayno <- [DW_OP_plus_uconst 13, DW_OP_stack_value] $r6
	@DEBUG_VALUE: UART_Write:u32Count <- $r0
	@DEBUG_VALUE: UART_Write:uart <- $r3
	@DEBUG_VALUE: UART_Write:u32Exit <- 0
	@DEBUG_VALUE: UART_Write:u32WriteBytes <- $r2
	@DEBUG_VALUE: UART_Write:pu8TxBuf <- $r1
	@DEBUG_VALUE: UART_Write:u32delayno <- [DW_OP_plus_uconst 14, DW_OP_stack_value] $r6
	.loc	4 577 22                        @ ../../../../Library/StdDriver/src/uart.c:577:22
	ldr	r7, [r3, #24]
	.loc	4 577 9                         @ ../../../../Library/StdDriver/src/uart.c:577:9
	tst	r7, r4
	beq	.LBB13_2
.Ltmp215:
@ %bb.19:                               @   in Loop: Header=BB13_4 Depth=2
	@DEBUG_VALUE: UART_Write:u32delayno <- [DW_OP_plus_uconst 14, DW_OP_stack_value] $r6
	@DEBUG_VALUE: UART_Write:u32Count <- $r0
	@DEBUG_VALUE: UART_Write:uart <- $r3
	@DEBUG_VALUE: UART_Write:u32Exit <- 0
	@DEBUG_VALUE: UART_Write:u32WriteBytes <- $r2
	@DEBUG_VALUE: UART_Write:pu8TxBuf <- $r1
	@DEBUG_VALUE: UART_Write:u32delayno <- [DW_OP_plus_uconst 15, DW_OP_stack_value] $r6
	.loc	4 577 22                        @ ../../../../Library/StdDriver/src/uart.c:577:22
	ldr	r7, [r3, #24]
	.loc	4 577 9                         @ ../../../../Library/StdDriver/src/uart.c:577:9
	tst	r7, r4
	beq	.LBB13_2
.Ltmp216:
@ %bb.20:                               @   in Loop: Header=BB13_4 Depth=2
	@DEBUG_VALUE: UART_Write:u32delayno <- [DW_OP_plus_uconst 15, DW_OP_stack_value] $r6
	@DEBUG_VALUE: UART_Write:u32Count <- $r0
	@DEBUG_VALUE: UART_Write:uart <- $r3
	@DEBUG_VALUE: UART_Write:u32Exit <- 0
	@DEBUG_VALUE: UART_Write:u32WriteBytes <- $r2
	@DEBUG_VALUE: UART_Write:pu8TxBuf <- $r1
	@DEBUG_VALUE: UART_Write:u32delayno <- [DW_OP_consts 1073741824, DW_OP_minus, DW_OP_consts 18446744073709551600, DW_OP_div, DW_OP_consts 16, DW_OP_mul, DW_OP_consts 16, DW_OP_plus, DW_OP_stack_value] $r6
	.loc	4 580 27 is_stmt 1              @ ../../../../Library/StdDriver/src/uart.c:580:27
	subs	r6, #16
.Ltmp217:
	.loc	4 580 16 is_stmt 0              @ ../../../../Library/StdDriver/src/uart.c:580:16
	bne	.LBB13_4
.Ltmp218:
@ %bb.21:
	@DEBUG_VALUE: UART_Write:u32Count <- $r0
	@DEBUG_VALUE: UART_Write:uart <- $r3
	@DEBUG_VALUE: UART_Write:u32Exit <- 0
	@DEBUG_VALUE: UART_Write:u32WriteBytes <- $r2
	@DEBUG_VALUE: UART_Write:pu8TxBuf <- $r1
	.loc	4 600 5 epilogue_begin is_stmt 1 @ ../../../../Library/StdDriver/src/uart.c:600:5
	pop	{r4, r5, r6, r7, pc}
.Ltmp219:
.LBB13_22:
	@DEBUG_VALUE: UART_Write:u32Exit <- 0
	@DEBUG_VALUE: UART_Write:u32Count <- 0
	@DEBUG_VALUE: UART_Write:u32WriteBytes <- $r2
	@DEBUG_VALUE: UART_Write:pu8TxBuf <- $r1
	@DEBUG_VALUE: UART_Write:uart <- $r0
	.loc	4 0 5 is_stmt 0                 @ ../../../../Library/StdDriver/src/uart.c:0:5
	movs	r0, #0
.Ltmp220:
	@DEBUG_VALUE: UART_Write:uart <- [DW_OP_LLVM_entry_value 1] $r0
	.loc	4 600 5 epilogue_begin          @ ../../../../Library/StdDriver/src/uart.c:600:5
	pop	{r4, r5, r6, r7, pc}
.Ltmp221:
.LBB13_23:
	@DEBUG_VALUE: UART_Write:u32Count <- $r0
	@DEBUG_VALUE: UART_Write:uart <- $r3
	@DEBUG_VALUE: UART_Write:u32Exit <- 0
	@DEBUG_VALUE: UART_Write:u32WriteBytes <- $r2
	@DEBUG_VALUE: UART_Write:pu8TxBuf <- $r1
	.loc	4 0 5                           @ ../../../../Library/StdDriver/src/uart.c:0:5
	mov	r0, r2
.Ltmp222:
	.loc	4 600 5 epilogue_begin          @ ../../../../Library/StdDriver/src/uart.c:600:5
	pop	{r4, r5, r6, r7, pc}
.Ltmp223:
.Lfunc_end13:
	.size	UART_Write, .Lfunc_end13-UART_Write
	.cfi_endproc
	.cantunwind
	.fnend
                                        @ -- End function
	.hidden	UART_SelectSingleWireMode       @ -- Begin function UART_SelectSingleWireMode
	.globl	UART_SelectSingleWireMode
	.p2align	1
	.type	UART_SelectSingleWireMode,%function
	.code	16                              @ @UART_SelectSingleWireMode
	.thumb_func
UART_SelectSingleWireMode:
.Lfunc_begin14:
	.fnstart
	.cfi_startproc
@ %bb.0:
	@DEBUG_VALUE: UART_SelectSingleWireMode:uart <- $r0
	.loc	4 615 29 prologue_end is_stmt 1 @ ../../../../Library/StdDriver/src/uart.c:615:29
	ldr	r1, [r0, #48]
	movs	r2, #4
	.loc	4 615 37 is_stmt 0              @ ../../../../Library/StdDriver/src/uart.c:615:37
	orrs	r2, r1
	movs	r1, #3
	.loc	4 615 68                        @ ../../../../Library/StdDriver/src/uart.c:615:68
	bics	r2, r1
	.loc	4 615 19                        @ ../../../../Library/StdDriver/src/uart.c:615:19
	str	r2, [r0, #48]
	.loc	4 616 1 is_stmt 1               @ ../../../../Library/StdDriver/src/uart.c:616:1
	bx	lr
.Ltmp224:
.Lfunc_end14:
	.size	UART_SelectSingleWireMode, .Lfunc_end14-UART_SelectSingleWireMode
	.cfi_endproc
	.cantunwind
	.fnend
                                        @ -- End function
	.type	.L__const.UART_SelectIrDAMode.u32ClkTbl,%object @ @__const.UART_SelectIrDAMode.u32ClkTbl
	.section	.rodata..L__const.UART_SelectIrDAMode.u32ClkTbl,"a",%progbits
	.p2align	2, 0x0
.L__const.UART_SelectIrDAMode.u32ClkTbl:
	.long	0                               @ 0x0
	.long	0                               @ 0x0
	.long	0                               @ 0x0
	.long	24000000                        @ 0x16e3600
	.long	0                               @ 0x0
	.size	.L__const.UART_SelectIrDAMode.u32ClkTbl, 20

	.section	.debug_loc,"",%progbits
.Ldebug_loc0:
	.long	.Lfunc_begin0-.Lfunc_begin0
	.long	.Ltmp12-.Lfunc_begin0
	.short	1                               @ Loc expr size
	.byte	81                              @ DW_OP_reg1
	.long	.Ltmp12-.Lfunc_begin0
	.long	.Ltmp14-.Lfunc_begin0
	.short	4                               @ Loc expr size
	.byte	243                             @ DW_OP_GNU_entry_value
	.byte	1                               @ 1
	.byte	81                              @ DW_OP_reg1
	.byte	159                             @ DW_OP_stack_value
	.long	.Ltmp14-.Lfunc_begin0
	.long	.Ltmp22-.Lfunc_begin0
	.short	1                               @ Loc expr size
	.byte	81                              @ DW_OP_reg1
	.long	.Ltmp22-.Lfunc_begin0
	.long	.Ltmp26-.Lfunc_begin0
	.short	4                               @ Loc expr size
	.byte	243                             @ DW_OP_GNU_entry_value
	.byte	1                               @ 1
	.byte	81                              @ DW_OP_reg1
	.byte	159                             @ DW_OP_stack_value
	.long	0
	.long	0
.Ldebug_loc1:
	.long	.Lfunc_begin6-.Lfunc_begin0
	.long	.Ltmp35-.Lfunc_begin0
	.short	1                               @ Loc expr size
	.byte	80                              @ DW_OP_reg0
	.long	.Ltmp35-.Lfunc_begin0
	.long	.Ltmp70-.Lfunc_begin0
	.short	1                               @ Loc expr size
	.byte	84                              @ DW_OP_reg4
	.long	0
	.long	0
.Ldebug_loc2:
	.long	.Lfunc_begin6-.Lfunc_begin0
	.long	.Ltmp34-.Lfunc_begin0
	.short	1                               @ Loc expr size
	.byte	81                              @ DW_OP_reg1
	.long	.Ltmp34-.Lfunc_begin0
	.long	.Ltmp70-.Lfunc_begin0
	.short	1                               @ Loc expr size
	.byte	85                              @ DW_OP_reg5
	.long	0
	.long	0
.Ldebug_loc3:
	.long	.Ltmp36-.Lfunc_begin0
	.long	.Ltmp63-.Lfunc_begin0
	.short	2                               @ Loc expr size
	.byte	48                              @ DW_OP_lit0
	.byte	159                             @ DW_OP_stack_value
	.long	.Ltmp63-.Lfunc_begin0
	.long	.Ltmp65-.Lfunc_begin0
	.short	1                               @ Loc expr size
	.byte	80                              @ DW_OP_reg0
	.long	.Ltmp66-.Lfunc_begin0
	.long	.Ltmp68-.Lfunc_begin0
	.short	1                               @ Loc expr size
	.byte	80                              @ DW_OP_reg0
	.long	0
	.long	0
.Ldebug_loc4:
	.long	.Ltmp49-.Lfunc_begin0
	.long	.Ltmp52-.Lfunc_begin0
	.short	5                               @ Loc expr size
	.byte	115                             @ DW_OP_breg3
	.byte	0                               @ 0
	.byte	63                              @ DW_OP_lit15
	.byte	26                              @ DW_OP_and
	.byte	159                             @ DW_OP_stack_value
	.long	0
	.long	0
.Ldebug_loc5:
	.long	.Ltmp47-.Lfunc_begin0
	.long	.Ltmp48-.Lfunc_begin0
	.short	5                               @ Loc expr size
	.byte	118                             @ DW_OP_breg6
	.byte	0                               @ 0
	.byte	55                              @ DW_OP_lit7
	.byte	26                              @ DW_OP_and
	.byte	159                             @ DW_OP_stack_value
	.long	.Ltmp48-.Lfunc_begin0
	.long	.Ltmp52-.Lfunc_begin0
	.short	1                               @ Loc expr size
	.byte	80                              @ DW_OP_reg0
	.long	0
	.long	0
.Ldebug_loc6:
	.long	.Lfunc_begin7-.Lfunc_begin0
	.long	.Ltmp74-.Lfunc_begin0
	.short	1                               @ Loc expr size
	.byte	80                              @ DW_OP_reg0
	.long	.Ltmp74-.Lfunc_begin0
	.long	.Ltmp98-.Lfunc_begin0
	.short	1                               @ Loc expr size
	.byte	83                              @ DW_OP_reg3
	.long	.Ltmp98-.Lfunc_begin0
	.long	.Ltmp99-.Lfunc_begin0
	.short	1                               @ Loc expr size
	.byte	80                              @ DW_OP_reg0
	.long	.Ltmp99-.Lfunc_begin0
	.long	.Ltmp100-.Lfunc_begin0
	.short	4                               @ Loc expr size
	.byte	243                             @ DW_OP_GNU_entry_value
	.byte	1                               @ 1
	.byte	80                              @ DW_OP_reg0
	.byte	159                             @ DW_OP_stack_value
	.long	.Ltmp100-.Lfunc_begin0
	.long	.Lfunc_end7-.Lfunc_begin0
	.short	1                               @ Loc expr size
	.byte	83                              @ DW_OP_reg3
	.long	0
	.long	0
.Ldebug_loc7:
	.long	.Ltmp72-.Lfunc_begin0
	.long	.Ltmp75-.Lfunc_begin0
	.short	2                               @ Loc expr size
	.byte	48                              @ DW_OP_lit0
	.byte	159                             @ DW_OP_stack_value
	.long	.Ltmp75-.Lfunc_begin0
	.long	.Ltmp98-.Lfunc_begin0
	.short	1                               @ Loc expr size
	.byte	80                              @ DW_OP_reg0
	.long	.Ltmp98-.Lfunc_begin0
	.long	.Ltmp100-.Lfunc_begin0
	.short	2                               @ Loc expr size
	.byte	48                              @ DW_OP_lit0
	.byte	159                             @ DW_OP_stack_value
	.long	.Ltmp100-.Lfunc_begin0
	.long	.Ltmp101-.Lfunc_begin0
	.short	1                               @ Loc expr size
	.byte	80                              @ DW_OP_reg0
	.long	0
	.long	0
.Ldebug_loc8:
	.long	.Ltmp79-.Lfunc_begin0
	.long	.Ltmp80-.Lfunc_begin0
	.short	16                              @ Loc expr size
	.byte	118                             @ DW_OP_breg6
	.byte	0                               @ 0
	.byte	17                              @ DW_OP_consts
	.byte	128                             @ 1073741824
	.byte	128                             @ 
	.byte	128                             @ 
	.byte	128                             @ 
	.byte	4                               @ 
	.byte	28                              @ DW_OP_minus
	.byte	17                              @ DW_OP_consts
	.byte	112                             @ -16
	.byte	27                              @ DW_OP_div
	.byte	17                              @ DW_OP_consts
	.byte	16                              @ 16
	.byte	30                              @ DW_OP_mul
	.byte	159                             @ DW_OP_stack_value
	.long	.Ltmp80-.Lfunc_begin0
	.long	.Ltmp81-.Lfunc_begin0
	.short	3                               @ Loc expr size
	.byte	118                             @ DW_OP_breg6
	.byte	1                               @ 1
	.byte	159                             @ DW_OP_stack_value
	.long	.Ltmp81-.Lfunc_begin0
	.long	.Ltmp82-.Lfunc_begin0
	.short	3                               @ Loc expr size
	.byte	118                             @ DW_OP_breg6
	.byte	2                               @ 2
	.byte	159                             @ DW_OP_stack_value
	.long	.Ltmp82-.Lfunc_begin0
	.long	.Ltmp83-.Lfunc_begin0
	.short	3                               @ Loc expr size
	.byte	118                             @ DW_OP_breg6
	.byte	3                               @ 3
	.byte	159                             @ DW_OP_stack_value
	.long	.Ltmp83-.Lfunc_begin0
	.long	.Ltmp84-.Lfunc_begin0
	.short	3                               @ Loc expr size
	.byte	118                             @ DW_OP_breg6
	.byte	4                               @ 4
	.byte	159                             @ DW_OP_stack_value
	.long	.Ltmp84-.Lfunc_begin0
	.long	.Ltmp85-.Lfunc_begin0
	.short	3                               @ Loc expr size
	.byte	118                             @ DW_OP_breg6
	.byte	5                               @ 5
	.byte	159                             @ DW_OP_stack_value
	.long	.Ltmp85-.Lfunc_begin0
	.long	.Ltmp86-.Lfunc_begin0
	.short	3                               @ Loc expr size
	.byte	118                             @ DW_OP_breg6
	.byte	6                               @ 6
	.byte	159                             @ DW_OP_stack_value
	.long	.Ltmp86-.Lfunc_begin0
	.long	.Ltmp87-.Lfunc_begin0
	.short	3                               @ Loc expr size
	.byte	118                             @ DW_OP_breg6
	.byte	7                               @ 7
	.byte	159                             @ DW_OP_stack_value
	.long	.Ltmp87-.Lfunc_begin0
	.long	.Ltmp88-.Lfunc_begin0
	.short	3                               @ Loc expr size
	.byte	118                             @ DW_OP_breg6
	.byte	8                               @ 8
	.byte	159                             @ DW_OP_stack_value
	.long	.Ltmp88-.Lfunc_begin0
	.long	.Ltmp89-.Lfunc_begin0
	.short	3                               @ Loc expr size
	.byte	118                             @ DW_OP_breg6
	.byte	9                               @ 9
	.byte	159                             @ DW_OP_stack_value
	.long	.Ltmp89-.Lfunc_begin0
	.long	.Ltmp90-.Lfunc_begin0
	.short	3                               @ Loc expr size
	.byte	118                             @ DW_OP_breg6
	.byte	10                              @ 10
	.byte	159                             @ DW_OP_stack_value
	.long	.Ltmp90-.Lfunc_begin0
	.long	.Ltmp91-.Lfunc_begin0
	.short	3                               @ Loc expr size
	.byte	118                             @ DW_OP_breg6
	.byte	11                              @ 11
	.byte	159                             @ DW_OP_stack_value
	.long	.Ltmp91-.Lfunc_begin0
	.long	.Ltmp92-.Lfunc_begin0
	.short	3                               @ Loc expr size
	.byte	118                             @ DW_OP_breg6
	.byte	12                              @ 12
	.byte	159                             @ DW_OP_stack_value
	.long	.Ltmp92-.Lfunc_begin0
	.long	.Ltmp93-.Lfunc_begin0
	.short	3                               @ Loc expr size
	.byte	118                             @ DW_OP_breg6
	.byte	13                              @ 13
	.byte	159                             @ DW_OP_stack_value
	.long	.Ltmp93-.Lfunc_begin0
	.long	.Ltmp94-.Lfunc_begin0
	.short	3                               @ Loc expr size
	.byte	118                             @ DW_OP_breg6
	.byte	14                              @ 14
	.byte	159                             @ DW_OP_stack_value
	.long	.Ltmp94-.Lfunc_begin0
	.long	.Ltmp95-.Lfunc_begin0
	.short	3                               @ Loc expr size
	.byte	118                             @ DW_OP_breg6
	.byte	15                              @ 15
	.byte	159                             @ DW_OP_stack_value
	.long	.Ltmp95-.Lfunc_begin0
	.long	.Ltmp96-.Lfunc_begin0
	.short	19                              @ Loc expr size
	.byte	118                             @ DW_OP_breg6
	.byte	0                               @ 0
	.byte	17                              @ DW_OP_consts
	.byte	128                             @ 1073741824
	.byte	128                             @ 
	.byte	128                             @ 
	.byte	128                             @ 
	.byte	4                               @ 
	.byte	28                              @ DW_OP_minus
	.byte	17                              @ DW_OP_consts
	.byte	112                             @ -16
	.byte	27                              @ DW_OP_div
	.byte	17                              @ DW_OP_consts
	.byte	16                              @ 16
	.byte	30                              @ DW_OP_mul
	.byte	17                              @ DW_OP_consts
	.byte	16                              @ 16
	.byte	34                              @ DW_OP_plus
	.byte	159                             @ DW_OP_stack_value
	.long	0
	.long	0
.Ldebug_loc9:
	.long	.Lfunc_begin8-.Lfunc_begin0
	.long	.Ltmp107-.Lfunc_begin0
	.short	1                               @ Loc expr size
	.byte	80                              @ DW_OP_reg0
	.long	.Ltmp107-.Lfunc_begin0
	.long	.Ltmp142-.Lfunc_begin0
	.short	1                               @ Loc expr size
	.byte	85                              @ DW_OP_reg5
	.long	0
	.long	0
.Ldebug_loc10:
	.long	.Lfunc_begin8-.Lfunc_begin0
	.long	.Ltmp106-.Lfunc_begin0
	.short	1                               @ Loc expr size
	.byte	81                              @ DW_OP_reg1
	.long	.Ltmp106-.Lfunc_begin0
	.long	.Ltmp142-.Lfunc_begin0
	.short	1                               @ Loc expr size
	.byte	87                              @ DW_OP_reg7
	.long	0
	.long	0
.Ldebug_loc11:
	.long	.Lfunc_begin8-.Lfunc_begin0
	.long	.Ltmp105-.Lfunc_begin0
	.short	1                               @ Loc expr size
	.byte	82                              @ DW_OP_reg2
	.long	.Ltmp105-.Lfunc_begin0
	.long	.Ltmp142-.Lfunc_begin0
	.short	2                               @ Loc expr size
	.byte	125                             @ DW_OP_breg13
	.byte	4                               @ 4
	.long	0
	.long	0
.Ldebug_loc12:
	.long	.Lfunc_begin8-.Lfunc_begin0
	.long	.Ltmp104-.Lfunc_begin0
	.short	1                               @ Loc expr size
	.byte	83                              @ DW_OP_reg3
	.long	.Ltmp104-.Lfunc_begin0
	.long	.Ltmp141-.Lfunc_begin0
	.short	1                               @ Loc expr size
	.byte	84                              @ DW_OP_reg4
	.long	.Ltmp141-.Lfunc_begin0
	.long	.Ltmp142-.Lfunc_begin0
	.short	4                               @ Loc expr size
	.byte	243                             @ DW_OP_GNU_entry_value
	.byte	1                               @ 1
	.byte	83                              @ DW_OP_reg3
	.byte	159                             @ DW_OP_stack_value
	.long	0
	.long	0
.Ldebug_loc13:
	.long	.Ltmp107-.Lfunc_begin0
	.long	.Ltmp120-.Lfunc_begin0
	.short	2                               @ Loc expr size
	.byte	48                              @ DW_OP_lit0
	.byte	159                             @ DW_OP_stack_value
	.long	.Ltmp120-.Lfunc_begin0
	.long	.Ltmp122-.Lfunc_begin0
	.short	5                               @ Loc expr size
	.byte	114                             @ DW_OP_breg2
	.byte	0                               @ 0
	.byte	63                              @ DW_OP_lit15
	.byte	26                              @ DW_OP_and
	.byte	159                             @ DW_OP_stack_value
	.long	.Ltmp122-.Lfunc_begin0
	.long	.Ltmp128-.Lfunc_begin0
	.short	1                               @ Loc expr size
	.byte	86                              @ DW_OP_reg6
	.long	.Ltmp128-.Lfunc_begin0
	.long	.Ltmp130-.Lfunc_begin0
	.short	2                               @ Loc expr size
	.byte	48                              @ DW_OP_lit0
	.byte	159                             @ DW_OP_stack_value
	.long	.Ltmp130-.Lfunc_begin0
	.long	.Ltmp132-.Lfunc_begin0
	.short	1                               @ Loc expr size
	.byte	86                              @ DW_OP_reg6
	.long	0
	.long	0
.Ldebug_loc14:
	.long	.Ltmp107-.Lfunc_begin0
	.long	.Ltmp117-.Lfunc_begin0
	.short	2                               @ Loc expr size
	.byte	48                              @ DW_OP_lit0
	.byte	159                             @ DW_OP_stack_value
	.long	.Ltmp117-.Lfunc_begin0
	.long	.Ltmp119-.Lfunc_begin0
	.short	5                               @ Loc expr size
	.byte	115                             @ DW_OP_breg3
	.byte	0                               @ 0
	.byte	55                              @ DW_OP_lit7
	.byte	26                              @ DW_OP_and
	.byte	159                             @ DW_OP_stack_value
	.long	.Ltmp119-.Lfunc_begin0
	.long	.Ltmp125-.Lfunc_begin0
	.short	1                               @ Loc expr size
	.byte	81                              @ DW_OP_reg1
	.long	.Ltmp128-.Lfunc_begin0
	.long	.Ltmp130-.Lfunc_begin0
	.short	2                               @ Loc expr size
	.byte	48                              @ DW_OP_lit0
	.byte	159                             @ DW_OP_stack_value
	.long	0
	.long	0
.Ldebug_loc15:
	.long	.Ltmp108-.Lfunc_begin0
	.long	.Ltmp134-.Lfunc_begin0
	.short	2                               @ Loc expr size
	.byte	48                              @ DW_OP_lit0
	.byte	159                             @ DW_OP_stack_value
	.long	.Ltmp134-.Lfunc_begin0
	.long	.Ltmp136-.Lfunc_begin0
	.short	1                               @ Loc expr size
	.byte	81                              @ DW_OP_reg1
	.long	.Ltmp137-.Lfunc_begin0
	.long	.Ltmp139-.Lfunc_begin0
	.short	1                               @ Loc expr size
	.byte	81                              @ DW_OP_reg1
	.long	0
	.long	0
.Ldebug_loc16:
	.long	.Lfunc_begin9-.Lfunc_begin0
	.long	.Ltmp144-.Lfunc_begin0
	.short	1                               @ Loc expr size
	.byte	81                              @ DW_OP_reg1
	.long	.Ltmp144-.Lfunc_begin0
	.long	.Lfunc_end9-.Lfunc_begin0
	.short	4                               @ Loc expr size
	.byte	243                             @ DW_OP_GNU_entry_value
	.byte	1                               @ 1
	.byte	81                              @ DW_OP_reg1
	.byte	159                             @ DW_OP_stack_value
	.long	0
	.long	0
.Ldebug_loc17:
	.long	.Lfunc_begin10-.Lfunc_begin0
	.long	.Ltmp148-.Lfunc_begin0
	.short	1                               @ Loc expr size
	.byte	80                              @ DW_OP_reg0
	.long	.Ltmp148-.Lfunc_begin0
	.long	.Ltmp182-.Lfunc_begin0
	.short	1                               @ Loc expr size
	.byte	84                              @ DW_OP_reg4
	.long	0
	.long	0
.Ldebug_loc18:
	.long	.Lfunc_begin10-.Lfunc_begin0
	.long	.Ltmp147-.Lfunc_begin0
	.short	1                               @ Loc expr size
	.byte	81                              @ DW_OP_reg1
	.long	.Ltmp147-.Lfunc_begin0
	.long	.Ltmp182-.Lfunc_begin0
	.short	1                               @ Loc expr size
	.byte	86                              @ DW_OP_reg6
	.long	0
	.long	0
.Ldebug_loc19:
	.long	.Lfunc_begin10-.Lfunc_begin0
	.long	.Ltmp146-.Lfunc_begin0
	.short	1                               @ Loc expr size
	.byte	82                              @ DW_OP_reg2
	.long	.Ltmp146-.Lfunc_begin0
	.long	.Ltmp182-.Lfunc_begin0
	.short	2                               @ Loc expr size
	.byte	125                             @ DW_OP_breg13
	.byte	4                               @ 4
	.long	0
	.long	0
.Ldebug_loc20:
	.long	.Ltmp148-.Lfunc_begin0
	.long	.Ltmp160-.Lfunc_begin0
	.short	2                               @ Loc expr size
	.byte	49                              @ DW_OP_lit1
	.byte	159                             @ DW_OP_stack_value
	.long	.Ltmp160-.Lfunc_begin0
	.long	.Ltmp162-.Lfunc_begin0
	.short	5                               @ Loc expr size
	.byte	114                             @ DW_OP_breg2
	.byte	0                               @ 0
	.byte	63                              @ DW_OP_lit15
	.byte	26                              @ DW_OP_and
	.byte	159                             @ DW_OP_stack_value
	.long	.Ltmp162-.Lfunc_begin0
	.long	.Ltmp167-.Lfunc_begin0
	.short	1                               @ Loc expr size
	.byte	85                              @ DW_OP_reg5
	.long	.Ltmp167-.Lfunc_begin0
	.long	.Ltmp168-.Lfunc_begin0
	.short	2                               @ Loc expr size
	.byte	49                              @ DW_OP_lit1
	.byte	159                             @ DW_OP_stack_value
	.long	.Ltmp168-.Lfunc_begin0
	.long	.Ltmp170-.Lfunc_begin0
	.short	1                               @ Loc expr size
	.byte	85                              @ DW_OP_reg5
	.long	0
	.long	0
.Ldebug_loc21:
	.long	.Ltmp148-.Lfunc_begin0
	.long	.Ltmp157-.Lfunc_begin0
	.short	2                               @ Loc expr size
	.byte	48                              @ DW_OP_lit0
	.byte	159                             @ DW_OP_stack_value
	.long	.Ltmp157-.Lfunc_begin0
	.long	.Ltmp162-.Lfunc_begin0
	.short	5                               @ Loc expr size
	.byte	115                             @ DW_OP_breg3
	.byte	0                               @ 0
	.byte	55                              @ DW_OP_lit7
	.byte	26                              @ DW_OP_and
	.byte	159                             @ DW_OP_stack_value
	.long	.Ltmp162-.Lfunc_begin0
	.long	.Ltmp164-.Lfunc_begin0
	.short	1                               @ Loc expr size
	.byte	80                              @ DW_OP_reg0
	.long	.Ltmp167-.Lfunc_begin0
	.long	.Ltmp168-.Lfunc_begin0
	.short	2                               @ Loc expr size
	.byte	48                              @ DW_OP_lit0
	.byte	159                             @ DW_OP_stack_value
	.long	0
	.long	0
.Ldebug_loc22:
	.long	.Ltmp172-.Lfunc_begin0
	.long	.Ltmp174-.Lfunc_begin0
	.short	1                               @ Loc expr size
	.byte	80                              @ DW_OP_reg0
	.long	0
	.long	0
.Ldebug_loc23:
	.long	.Lfunc_begin11-.Lfunc_begin0
	.long	.Ltmp186-.Lfunc_begin0
	.short	1                               @ Loc expr size
	.byte	81                              @ DW_OP_reg1
	.long	.Ltmp186-.Lfunc_begin0
	.long	.Ltmp187-.Lfunc_begin0
	.short	4                               @ Loc expr size
	.byte	243                             @ DW_OP_GNU_entry_value
	.byte	1                               @ 1
	.byte	81                              @ DW_OP_reg1
	.byte	159                             @ DW_OP_stack_value
	.long	0
	.long	0
.Ldebug_loc24:
	.long	.Lfunc_begin11-.Lfunc_begin0
	.long	.Ltmp185-.Lfunc_begin0
	.short	1                               @ Loc expr size
	.byte	82                              @ DW_OP_reg2
	.long	.Ltmp185-.Lfunc_begin0
	.long	.Ltmp187-.Lfunc_begin0
	.short	4                               @ Loc expr size
	.byte	243                             @ DW_OP_GNU_entry_value
	.byte	1                               @ 1
	.byte	82                              @ DW_OP_reg2
	.byte	159                             @ DW_OP_stack_value
	.long	0
	.long	0
.Ldebug_loc25:
	.long	.Lfunc_begin12-.Lfunc_begin0
	.long	.Ltmp190-.Lfunc_begin0
	.short	1                               @ Loc expr size
	.byte	81                              @ DW_OP_reg1
	.long	.Ltmp190-.Lfunc_begin0
	.long	.Lfunc_end12-.Lfunc_begin0
	.short	4                               @ Loc expr size
	.byte	243                             @ DW_OP_GNU_entry_value
	.byte	1                               @ 1
	.byte	81                              @ DW_OP_reg1
	.byte	159                             @ DW_OP_stack_value
	.long	0
	.long	0
.Ldebug_loc26:
	.long	.Lfunc_begin12-.Lfunc_begin0
	.long	.Ltmp191-.Lfunc_begin0
	.short	1                               @ Loc expr size
	.byte	82                              @ DW_OP_reg2
	.long	.Ltmp191-.Lfunc_begin0
	.long	.Lfunc_end12-.Lfunc_begin0
	.short	4                               @ Loc expr size
	.byte	243                             @ DW_OP_GNU_entry_value
	.byte	1                               @ 1
	.byte	82                              @ DW_OP_reg2
	.byte	159                             @ DW_OP_stack_value
	.long	0
	.long	0
.Ldebug_loc27:
	.long	.Lfunc_begin13-.Lfunc_begin0
	.long	.Ltmp195-.Lfunc_begin0
	.short	1                               @ Loc expr size
	.byte	80                              @ DW_OP_reg0
	.long	.Ltmp195-.Lfunc_begin0
	.long	.Ltmp219-.Lfunc_begin0
	.short	1                               @ Loc expr size
	.byte	83                              @ DW_OP_reg3
	.long	.Ltmp219-.Lfunc_begin0
	.long	.Ltmp220-.Lfunc_begin0
	.short	1                               @ Loc expr size
	.byte	80                              @ DW_OP_reg0
	.long	.Ltmp220-.Lfunc_begin0
	.long	.Ltmp221-.Lfunc_begin0
	.short	4                               @ Loc expr size
	.byte	243                             @ DW_OP_GNU_entry_value
	.byte	1                               @ 1
	.byte	80                              @ DW_OP_reg0
	.byte	159                             @ DW_OP_stack_value
	.long	.Ltmp221-.Lfunc_begin0
	.long	.Lfunc_end13-.Lfunc_begin0
	.short	1                               @ Loc expr size
	.byte	83                              @ DW_OP_reg3
	.long	0
	.long	0
.Ldebug_loc28:
	.long	.Ltmp193-.Lfunc_begin0
	.long	.Ltmp196-.Lfunc_begin0
	.short	2                               @ Loc expr size
	.byte	48                              @ DW_OP_lit0
	.byte	159                             @ DW_OP_stack_value
	.long	.Ltmp196-.Lfunc_begin0
	.long	.Ltmp219-.Lfunc_begin0
	.short	1                               @ Loc expr size
	.byte	80                              @ DW_OP_reg0
	.long	.Ltmp219-.Lfunc_begin0
	.long	.Ltmp221-.Lfunc_begin0
	.short	2                               @ Loc expr size
	.byte	48                              @ DW_OP_lit0
	.byte	159                             @ DW_OP_stack_value
	.long	.Ltmp221-.Lfunc_begin0
	.long	.Ltmp222-.Lfunc_begin0
	.short	1                               @ Loc expr size
	.byte	80                              @ DW_OP_reg0
	.long	0
	.long	0
.Ldebug_loc29:
	.long	.Ltmp200-.Lfunc_begin0
	.long	.Ltmp201-.Lfunc_begin0
	.short	16                              @ Loc expr size
	.byte	118                             @ DW_OP_breg6
	.byte	0                               @ 0
	.byte	17                              @ DW_OP_consts
	.byte	128                             @ 1073741824
	.byte	128                             @ 
	.byte	128                             @ 
	.byte	128                             @ 
	.byte	4                               @ 
	.byte	28                              @ DW_OP_minus
	.byte	17                              @ DW_OP_consts
	.byte	112                             @ -16
	.byte	27                              @ DW_OP_div
	.byte	17                              @ DW_OP_consts
	.byte	16                              @ 16
	.byte	30                              @ DW_OP_mul
	.byte	159                             @ DW_OP_stack_value
	.long	.Ltmp201-.Lfunc_begin0
	.long	.Ltmp202-.Lfunc_begin0
	.short	3                               @ Loc expr size
	.byte	118                             @ DW_OP_breg6
	.byte	1                               @ 1
	.byte	159                             @ DW_OP_stack_value
	.long	.Ltmp202-.Lfunc_begin0
	.long	.Ltmp203-.Lfunc_begin0
	.short	3                               @ Loc expr size
	.byte	118                             @ DW_OP_breg6
	.byte	2                               @ 2
	.byte	159                             @ DW_OP_stack_value
	.long	.Ltmp203-.Lfunc_begin0
	.long	.Ltmp204-.Lfunc_begin0
	.short	3                               @ Loc expr size
	.byte	118                             @ DW_OP_breg6
	.byte	3                               @ 3
	.byte	159                             @ DW_OP_stack_value
	.long	.Ltmp204-.Lfunc_begin0
	.long	.Ltmp205-.Lfunc_begin0
	.short	3                               @ Loc expr size
	.byte	118                             @ DW_OP_breg6
	.byte	4                               @ 4
	.byte	159                             @ DW_OP_stack_value
	.long	.Ltmp205-.Lfunc_begin0
	.long	.Ltmp206-.Lfunc_begin0
	.short	3                               @ Loc expr size
	.byte	118                             @ DW_OP_breg6
	.byte	5                               @ 5
	.byte	159                             @ DW_OP_stack_value
	.long	.Ltmp206-.Lfunc_begin0
	.long	.Ltmp207-.Lfunc_begin0
	.short	3                               @ Loc expr size
	.byte	118                             @ DW_OP_breg6
	.byte	6                               @ 6
	.byte	159                             @ DW_OP_stack_value
	.long	.Ltmp207-.Lfunc_begin0
	.long	.Ltmp208-.Lfunc_begin0
	.short	3                               @ Loc expr size
	.byte	118                             @ DW_OP_breg6
	.byte	7                               @ 7
	.byte	159                             @ DW_OP_stack_value
	.long	.Ltmp208-.Lfunc_begin0
	.long	.Ltmp209-.Lfunc_begin0
	.short	3                               @ Loc expr size
	.byte	118                             @ DW_OP_breg6
	.byte	8                               @ 8
	.byte	159                             @ DW_OP_stack_value
	.long	.Ltmp209-.Lfunc_begin0
	.long	.Ltmp210-.Lfunc_begin0
	.short	3                               @ Loc expr size
	.byte	118                             @ DW_OP_breg6
	.byte	9                               @ 9
	.byte	159                             @ DW_OP_stack_value
	.long	.Ltmp210-.Lfunc_begin0
	.long	.Ltmp211-.Lfunc_begin0
	.short	3                               @ Loc expr size
	.byte	118                             @ DW_OP_breg6
	.byte	10                              @ 10
	.byte	159                             @ DW_OP_stack_value
	.long	.Ltmp211-.Lfunc_begin0
	.long	.Ltmp212-.Lfunc_begin0
	.short	3                               @ Loc expr size
	.byte	118                             @ DW_OP_breg6
	.byte	11                              @ 11
	.byte	159                             @ DW_OP_stack_value
	.long	.Ltmp212-.Lfunc_begin0
	.long	.Ltmp213-.Lfunc_begin0
	.short	3                               @ Loc expr size
	.byte	118                             @ DW_OP_breg6
	.byte	12                              @ 12
	.byte	159                             @ DW_OP_stack_value
	.long	.Ltmp213-.Lfunc_begin0
	.long	.Ltmp214-.Lfunc_begin0
	.short	3                               @ Loc expr size
	.byte	118                             @ DW_OP_breg6
	.byte	13                              @ 13
	.byte	159                             @ DW_OP_stack_value
	.long	.Ltmp214-.Lfunc_begin0
	.long	.Ltmp215-.Lfunc_begin0
	.short	3                               @ Loc expr size
	.byte	118                             @ DW_OP_breg6
	.byte	14                              @ 14
	.byte	159                             @ DW_OP_stack_value
	.long	.Ltmp215-.Lfunc_begin0
	.long	.Ltmp216-.Lfunc_begin0
	.short	3                               @ Loc expr size
	.byte	118                             @ DW_OP_breg6
	.byte	15                              @ 15
	.byte	159                             @ DW_OP_stack_value
	.long	.Ltmp216-.Lfunc_begin0
	.long	.Ltmp217-.Lfunc_begin0
	.short	19                              @ Loc expr size
	.byte	118                             @ DW_OP_breg6
	.byte	0                               @ 0
	.byte	17                              @ DW_OP_consts
	.byte	128                             @ 1073741824
	.byte	128                             @ 
	.byte	128                             @ 
	.byte	128                             @ 
	.byte	4                               @ 
	.byte	28                              @ DW_OP_minus
	.byte	17                              @ DW_OP_consts
	.byte	112                             @ -16
	.byte	27                              @ DW_OP_div
	.byte	17                              @ DW_OP_consts
	.byte	16                              @ 16
	.byte	30                              @ DW_OP_mul
	.byte	17                              @ DW_OP_consts
	.byte	16                              @ 16
	.byte	34                              @ DW_OP_plus
	.byte	159                             @ DW_OP_stack_value
	.long	0
	.long	0
	.section	.debug_abbrev,"",%progbits
	.byte	1                               @ Abbreviation Code
	.byte	17                              @ DW_TAG_compile_unit
	.byte	1                               @ DW_CHILDREN_yes
	.byte	37                              @ DW_AT_producer
	.byte	14                              @ DW_FORM_strp
	.byte	19                              @ DW_AT_language
	.byte	5                               @ DW_FORM_data2
	.byte	3                               @ DW_AT_name
	.byte	14                              @ DW_FORM_strp
	.byte	16                              @ DW_AT_stmt_list
	.byte	23                              @ DW_FORM_sec_offset
	.byte	27                              @ DW_AT_comp_dir
	.byte	14                              @ DW_FORM_strp
	.byte	17                              @ DW_AT_low_pc
	.byte	1                               @ DW_FORM_addr
	.byte	18                              @ DW_AT_high_pc
	.byte	6                               @ DW_FORM_data4
	.byte	0                               @ EOM(1)
	.byte	0                               @ EOM(2)
	.byte	2                               @ Abbreviation Code
	.byte	15                              @ DW_TAG_pointer_type
	.byte	0                               @ DW_CHILDREN_no
	.byte	73                              @ DW_AT_type
	.byte	19                              @ DW_FORM_ref4
	.byte	0                               @ EOM(1)
	.byte	0                               @ EOM(2)
	.byte	3                               @ Abbreviation Code
	.byte	22                              @ DW_TAG_typedef
	.byte	0                               @ DW_CHILDREN_no
	.byte	73                              @ DW_AT_type
	.byte	19                              @ DW_FORM_ref4
	.byte	3                               @ DW_AT_name
	.byte	14                              @ DW_FORM_strp
	.byte	58                              @ DW_AT_decl_file
	.byte	11                              @ DW_FORM_data1
	.byte	59                              @ DW_AT_decl_line
	.byte	5                               @ DW_FORM_data2
	.byte	0                               @ EOM(1)
	.byte	0                               @ EOM(2)
	.byte	4                               @ Abbreviation Code
	.byte	19                              @ DW_TAG_structure_type
	.byte	1                               @ DW_CHILDREN_yes
	.byte	11                              @ DW_AT_byte_size
	.byte	11                              @ DW_FORM_data1
	.byte	58                              @ DW_AT_decl_file
	.byte	11                              @ DW_FORM_data1
	.byte	59                              @ DW_AT_decl_line
	.byte	11                              @ DW_FORM_data1
	.byte	0                               @ EOM(1)
	.byte	0                               @ EOM(2)
	.byte	5                               @ Abbreviation Code
	.byte	13                              @ DW_TAG_member
	.byte	0                               @ DW_CHILDREN_no
	.byte	3                               @ DW_AT_name
	.byte	14                              @ DW_FORM_strp
	.byte	73                              @ DW_AT_type
	.byte	19                              @ DW_FORM_ref4
	.byte	58                              @ DW_AT_decl_file
	.byte	11                              @ DW_FORM_data1
	.byte	59                              @ DW_AT_decl_line
	.byte	5                               @ DW_FORM_data2
	.byte	56                              @ DW_AT_data_member_location
	.byte	11                              @ DW_FORM_data1
	.byte	0                               @ EOM(1)
	.byte	0                               @ EOM(2)
	.byte	6                               @ Abbreviation Code
	.byte	53                              @ DW_TAG_volatile_type
	.byte	0                               @ DW_CHILDREN_no
	.byte	73                              @ DW_AT_type
	.byte	19                              @ DW_FORM_ref4
	.byte	0                               @ EOM(1)
	.byte	0                               @ EOM(2)
	.byte	7                               @ Abbreviation Code
	.byte	22                              @ DW_TAG_typedef
	.byte	0                               @ DW_CHILDREN_no
	.byte	73                              @ DW_AT_type
	.byte	19                              @ DW_FORM_ref4
	.byte	3                               @ DW_AT_name
	.byte	14                              @ DW_FORM_strp
	.byte	58                              @ DW_AT_decl_file
	.byte	11                              @ DW_FORM_data1
	.byte	59                              @ DW_AT_decl_line
	.byte	11                              @ DW_FORM_data1
	.byte	0                               @ EOM(1)
	.byte	0                               @ EOM(2)
	.byte	8                               @ Abbreviation Code
	.byte	36                              @ DW_TAG_base_type
	.byte	0                               @ DW_CHILDREN_no
	.byte	3                               @ DW_AT_name
	.byte	14                              @ DW_FORM_strp
	.byte	62                              @ DW_AT_encoding
	.byte	11                              @ DW_FORM_data1
	.byte	11                              @ DW_AT_byte_size
	.byte	11                              @ DW_FORM_data1
	.byte	0                               @ EOM(1)
	.byte	0                               @ EOM(2)
	.byte	9                               @ Abbreviation Code
	.byte	1                               @ DW_TAG_array_type
	.byte	1                               @ DW_CHILDREN_yes
	.byte	73                              @ DW_AT_type
	.byte	19                              @ DW_FORM_ref4
	.byte	0                               @ EOM(1)
	.byte	0                               @ EOM(2)
	.byte	10                              @ Abbreviation Code
	.byte	33                              @ DW_TAG_subrange_type
	.byte	0                               @ DW_CHILDREN_no
	.byte	73                              @ DW_AT_type
	.byte	19                              @ DW_FORM_ref4
	.byte	55                              @ DW_AT_count
	.byte	11                              @ DW_FORM_data1
	.byte	0                               @ EOM(1)
	.byte	0                               @ EOM(2)
	.byte	11                              @ Abbreviation Code
	.byte	38                              @ DW_TAG_const_type
	.byte	0                               @ DW_CHILDREN_no
	.byte	73                              @ DW_AT_type
	.byte	19                              @ DW_FORM_ref4
	.byte	0                               @ EOM(1)
	.byte	0                               @ EOM(2)
	.byte	12                              @ Abbreviation Code
	.byte	36                              @ DW_TAG_base_type
	.byte	0                               @ DW_CHILDREN_no
	.byte	3                               @ DW_AT_name
	.byte	14                              @ DW_FORM_strp
	.byte	11                              @ DW_AT_byte_size
	.byte	11                              @ DW_FORM_data1
	.byte	62                              @ DW_AT_encoding
	.byte	11                              @ DW_FORM_data1
	.byte	0                               @ EOM(1)
	.byte	0                               @ EOM(2)
	.byte	13                              @ Abbreviation Code
	.byte	46                              @ DW_TAG_subprogram
	.byte	1                               @ DW_CHILDREN_yes
	.byte	17                              @ DW_AT_low_pc
	.byte	1                               @ DW_FORM_addr
	.byte	18                              @ DW_AT_high_pc
	.byte	6                               @ DW_FORM_data4
	.byte	64                              @ DW_AT_frame_base
	.byte	24                              @ DW_FORM_exprloc
	.ascii	"\227B"                         @ DW_AT_GNU_all_call_sites
	.byte	25                              @ DW_FORM_flag_present
	.byte	3                               @ DW_AT_name
	.byte	14                              @ DW_FORM_strp
	.byte	58                              @ DW_AT_decl_file
	.byte	11                              @ DW_FORM_data1
	.byte	59                              @ DW_AT_decl_line
	.byte	11                              @ DW_FORM_data1
	.byte	39                              @ DW_AT_prototyped
	.byte	25                              @ DW_FORM_flag_present
	.byte	63                              @ DW_AT_external
	.byte	25                              @ DW_FORM_flag_present
	.byte	0                               @ EOM(1)
	.byte	0                               @ EOM(2)
	.byte	14                              @ Abbreviation Code
	.byte	5                               @ DW_TAG_formal_parameter
	.byte	0                               @ DW_CHILDREN_no
	.byte	2                               @ DW_AT_location
	.byte	24                              @ DW_FORM_exprloc
	.byte	3                               @ DW_AT_name
	.byte	14                              @ DW_FORM_strp
	.byte	58                              @ DW_AT_decl_file
	.byte	11                              @ DW_FORM_data1
	.byte	59                              @ DW_AT_decl_line
	.byte	11                              @ DW_FORM_data1
	.byte	73                              @ DW_AT_type
	.byte	19                              @ DW_FORM_ref4
	.byte	0                               @ EOM(1)
	.byte	0                               @ EOM(2)
	.byte	15                              @ Abbreviation Code
	.byte	5                               @ DW_TAG_formal_parameter
	.byte	0                               @ DW_CHILDREN_no
	.byte	2                               @ DW_AT_location
	.byte	23                              @ DW_FORM_sec_offset
	.byte	3                               @ DW_AT_name
	.byte	14                              @ DW_FORM_strp
	.byte	58                              @ DW_AT_decl_file
	.byte	11                              @ DW_FORM_data1
	.byte	59                              @ DW_AT_decl_line
	.byte	11                              @ DW_FORM_data1
	.byte	73                              @ DW_AT_type
	.byte	19                              @ DW_FORM_ref4
	.byte	0                               @ EOM(1)
	.byte	0                               @ EOM(2)
	.byte	16                              @ Abbreviation Code
	.byte	52                              @ DW_TAG_variable
	.byte	0                               @ DW_CHILDREN_no
	.byte	2                               @ DW_AT_location
	.byte	24                              @ DW_FORM_exprloc
	.byte	3                               @ DW_AT_name
	.byte	14                              @ DW_FORM_strp
	.byte	58                              @ DW_AT_decl_file
	.byte	11                              @ DW_FORM_data1
	.byte	59                              @ DW_AT_decl_line
	.byte	11                              @ DW_FORM_data1
	.byte	73                              @ DW_AT_type
	.byte	19                              @ DW_FORM_ref4
	.byte	0                               @ EOM(1)
	.byte	0                               @ EOM(2)
	.byte	17                              @ Abbreviation Code
	.byte	52                              @ DW_TAG_variable
	.byte	0                               @ DW_CHILDREN_no
	.byte	2                               @ DW_AT_location
	.byte	23                              @ DW_FORM_sec_offset
	.byte	3                               @ DW_AT_name
	.byte	14                              @ DW_FORM_strp
	.byte	58                              @ DW_AT_decl_file
	.byte	11                              @ DW_FORM_data1
	.byte	59                              @ DW_AT_decl_line
	.byte	11                              @ DW_FORM_data1
	.byte	73                              @ DW_AT_type
	.byte	19                              @ DW_FORM_ref4
	.byte	0                               @ EOM(1)
	.byte	0                               @ EOM(2)
	.byte	18                              @ Abbreviation Code
	.byte	46                              @ DW_TAG_subprogram
	.byte	1                               @ DW_CHILDREN_yes
	.byte	17                              @ DW_AT_low_pc
	.byte	1                               @ DW_FORM_addr
	.byte	18                              @ DW_AT_high_pc
	.byte	6                               @ DW_FORM_data4
	.byte	64                              @ DW_AT_frame_base
	.byte	24                              @ DW_FORM_exprloc
	.ascii	"\227B"                         @ DW_AT_GNU_all_call_sites
	.byte	25                              @ DW_FORM_flag_present
	.byte	3                               @ DW_AT_name
	.byte	14                              @ DW_FORM_strp
	.byte	58                              @ DW_AT_decl_file
	.byte	11                              @ DW_FORM_data1
	.byte	59                              @ DW_AT_decl_line
	.byte	5                               @ DW_FORM_data2
	.byte	39                              @ DW_AT_prototyped
	.byte	25                              @ DW_FORM_flag_present
	.byte	73                              @ DW_AT_type
	.byte	19                              @ DW_FORM_ref4
	.byte	63                              @ DW_AT_external
	.byte	25                              @ DW_FORM_flag_present
	.byte	0                               @ EOM(1)
	.byte	0                               @ EOM(2)
	.byte	19                              @ Abbreviation Code
	.byte	5                               @ DW_TAG_formal_parameter
	.byte	0                               @ DW_CHILDREN_no
	.byte	2                               @ DW_AT_location
	.byte	23                              @ DW_FORM_sec_offset
	.byte	3                               @ DW_AT_name
	.byte	14                              @ DW_FORM_strp
	.byte	58                              @ DW_AT_decl_file
	.byte	11                              @ DW_FORM_data1
	.byte	59                              @ DW_AT_decl_line
	.byte	5                               @ DW_FORM_data2
	.byte	73                              @ DW_AT_type
	.byte	19                              @ DW_FORM_ref4
	.byte	0                               @ EOM(1)
	.byte	0                               @ EOM(2)
	.byte	20                              @ Abbreviation Code
	.byte	5                               @ DW_TAG_formal_parameter
	.byte	0                               @ DW_CHILDREN_no
	.byte	2                               @ DW_AT_location
	.byte	24                              @ DW_FORM_exprloc
	.byte	3                               @ DW_AT_name
	.byte	14                              @ DW_FORM_strp
	.byte	58                              @ DW_AT_decl_file
	.byte	11                              @ DW_FORM_data1
	.byte	59                              @ DW_AT_decl_line
	.byte	5                               @ DW_FORM_data2
	.byte	73                              @ DW_AT_type
	.byte	19                              @ DW_FORM_ref4
	.byte	0                               @ EOM(1)
	.byte	0                               @ EOM(2)
	.byte	21                              @ Abbreviation Code
	.byte	52                              @ DW_TAG_variable
	.byte	0                               @ DW_CHILDREN_no
	.byte	2                               @ DW_AT_location
	.byte	23                              @ DW_FORM_sec_offset
	.byte	3                               @ DW_AT_name
	.byte	14                              @ DW_FORM_strp
	.byte	58                              @ DW_AT_decl_file
	.byte	11                              @ DW_FORM_data1
	.byte	59                              @ DW_AT_decl_line
	.byte	5                               @ DW_FORM_data2
	.byte	73                              @ DW_AT_type
	.byte	19                              @ DW_FORM_ref4
	.byte	0                               @ EOM(1)
	.byte	0                               @ EOM(2)
	.byte	22                              @ Abbreviation Code
	.byte	52                              @ DW_TAG_variable
	.byte	0                               @ DW_CHILDREN_no
	.byte	28                              @ DW_AT_const_value
	.byte	15                              @ DW_FORM_udata
	.byte	3                               @ DW_AT_name
	.byte	14                              @ DW_FORM_strp
	.byte	58                              @ DW_AT_decl_file
	.byte	11                              @ DW_FORM_data1
	.byte	59                              @ DW_AT_decl_line
	.byte	5                               @ DW_FORM_data2
	.byte	73                              @ DW_AT_type
	.byte	19                              @ DW_FORM_ref4
	.byte	0                               @ EOM(1)
	.byte	0                               @ EOM(2)
	.byte	23                              @ Abbreviation Code
	.byte	46                              @ DW_TAG_subprogram
	.byte	1                               @ DW_CHILDREN_yes
	.byte	17                              @ DW_AT_low_pc
	.byte	1                               @ DW_FORM_addr
	.byte	18                              @ DW_AT_high_pc
	.byte	6                               @ DW_FORM_data4
	.byte	64                              @ DW_AT_frame_base
	.byte	24                              @ DW_FORM_exprloc
	.ascii	"\227B"                         @ DW_AT_GNU_all_call_sites
	.byte	25                              @ DW_FORM_flag_present
	.byte	3                               @ DW_AT_name
	.byte	14                              @ DW_FORM_strp
	.byte	58                              @ DW_AT_decl_file
	.byte	11                              @ DW_FORM_data1
	.byte	59                              @ DW_AT_decl_line
	.byte	5                               @ DW_FORM_data2
	.byte	39                              @ DW_AT_prototyped
	.byte	25                              @ DW_FORM_flag_present
	.byte	63                              @ DW_AT_external
	.byte	25                              @ DW_FORM_flag_present
	.byte	0                               @ EOM(1)
	.byte	0                               @ EOM(2)
	.byte	24                              @ Abbreviation Code
	.byte	52                              @ DW_TAG_variable
	.byte	0                               @ DW_CHILDREN_no
	.byte	2                               @ DW_AT_location
	.byte	24                              @ DW_FORM_exprloc
	.byte	3                               @ DW_AT_name
	.byte	14                              @ DW_FORM_strp
	.byte	58                              @ DW_AT_decl_file
	.byte	11                              @ DW_FORM_data1
	.byte	59                              @ DW_AT_decl_line
	.byte	5                               @ DW_FORM_data2
	.byte	73                              @ DW_AT_type
	.byte	19                              @ DW_FORM_ref4
	.byte	0                               @ EOM(1)
	.byte	0                               @ EOM(2)
	.byte	0                               @ EOM(3)
	.section	.debug_info,"",%progbits
.Lcu_begin0:
	.long	.Ldebug_info_end0-.Ldebug_info_start0 @ Length of Unit
.Ldebug_info_start0:
	.short	4                               @ DWARF version number
	.long	.debug_abbrev                   @ Offset Into Abbrev. Section
	.byte	4                               @ Address Size (in bytes)
	.byte	1                               @ Abbrev [1] 0xb:0x793 DW_TAG_compile_unit
	.long	.Linfo_string0                  @ DW_AT_producer
	.short	12                              @ DW_AT_language
	.long	.Linfo_string1                  @ DW_AT_name
	.long	.Lline_table_start0             @ DW_AT_stmt_list
	.long	.Linfo_string2                  @ DW_AT_comp_dir
	.long	.Lfunc_begin0                   @ DW_AT_low_pc
	.long	.Lfunc_end14-.Lfunc_begin0      @ DW_AT_high_pc
	.byte	2                               @ Abbrev [2] 0x26:0x5 DW_TAG_pointer_type
	.long	43                              @ DW_AT_type
	.byte	3                               @ Abbrev [3] 0x2b:0xc DW_TAG_typedef
	.long	55                              @ DW_AT_type
	.long	.Linfo_string24                 @ DW_AT_name
	.byte	2                               @ DW_AT_decl_file
	.short	842                             @ DW_AT_decl_line
	.byte	4                               @ Abbrev [4] 0x37:0xfc DW_TAG_structure_type
	.byte	76                              @ DW_AT_byte_size
	.byte	2                               @ DW_AT_decl_file
	.byte	27                              @ DW_AT_decl_line
	.byte	5                               @ Abbrev [5] 0x3b:0xd DW_TAG_member
	.long	.Linfo_string3                  @ DW_AT_name
	.long	307                             @ DW_AT_type
	.byte	2                               @ DW_AT_decl_file
	.short	822                             @ DW_AT_decl_line
	.byte	0                               @ DW_AT_data_member_location
	.byte	5                               @ Abbrev [5] 0x48:0xd DW_TAG_member
	.long	.Linfo_string6                  @ DW_AT_name
	.long	307                             @ DW_AT_type
	.byte	2                               @ DW_AT_decl_file
	.short	823                             @ DW_AT_decl_line
	.byte	4                               @ DW_AT_data_member_location
	.byte	5                               @ Abbrev [5] 0x55:0xd DW_TAG_member
	.long	.Linfo_string7                  @ DW_AT_name
	.long	307                             @ DW_AT_type
	.byte	2                               @ DW_AT_decl_file
	.short	824                             @ DW_AT_decl_line
	.byte	8                               @ DW_AT_data_member_location
	.byte	5                               @ Abbrev [5] 0x62:0xd DW_TAG_member
	.long	.Linfo_string8                  @ DW_AT_name
	.long	307                             @ DW_AT_type
	.byte	2                               @ DW_AT_decl_file
	.short	825                             @ DW_AT_decl_line
	.byte	12                              @ DW_AT_data_member_location
	.byte	5                               @ Abbrev [5] 0x6f:0xd DW_TAG_member
	.long	.Linfo_string9                  @ DW_AT_name
	.long	307                             @ DW_AT_type
	.byte	2                               @ DW_AT_decl_file
	.short	826                             @ DW_AT_decl_line
	.byte	16                              @ DW_AT_data_member_location
	.byte	5                               @ Abbrev [5] 0x7c:0xd DW_TAG_member
	.long	.Linfo_string10                 @ DW_AT_name
	.long	307                             @ DW_AT_type
	.byte	2                               @ DW_AT_decl_file
	.short	827                             @ DW_AT_decl_line
	.byte	20                              @ DW_AT_data_member_location
	.byte	5                               @ Abbrev [5] 0x89:0xd DW_TAG_member
	.long	.Linfo_string11                 @ DW_AT_name
	.long	307                             @ DW_AT_type
	.byte	2                               @ DW_AT_decl_file
	.short	828                             @ DW_AT_decl_line
	.byte	24                              @ DW_AT_data_member_location
	.byte	5                               @ Abbrev [5] 0x96:0xd DW_TAG_member
	.long	.Linfo_string12                 @ DW_AT_name
	.long	307                             @ DW_AT_type
	.byte	2                               @ DW_AT_decl_file
	.short	829                             @ DW_AT_decl_line
	.byte	28                              @ DW_AT_data_member_location
	.byte	5                               @ Abbrev [5] 0xa3:0xd DW_TAG_member
	.long	.Linfo_string13                 @ DW_AT_name
	.long	307                             @ DW_AT_type
	.byte	2                               @ DW_AT_decl_file
	.short	830                             @ DW_AT_decl_line
	.byte	32                              @ DW_AT_data_member_location
	.byte	5                               @ Abbrev [5] 0xb0:0xd DW_TAG_member
	.long	.Linfo_string14                 @ DW_AT_name
	.long	307                             @ DW_AT_type
	.byte	2                               @ DW_AT_decl_file
	.short	831                             @ DW_AT_decl_line
	.byte	36                              @ DW_AT_data_member_location
	.byte	5                               @ Abbrev [5] 0xbd:0xd DW_TAG_member
	.long	.Linfo_string15                 @ DW_AT_name
	.long	307                             @ DW_AT_type
	.byte	2                               @ DW_AT_decl_file
	.short	832                             @ DW_AT_decl_line
	.byte	40                              @ DW_AT_data_member_location
	.byte	5                               @ Abbrev [5] 0xca:0xd DW_TAG_member
	.long	.Linfo_string16                 @ DW_AT_name
	.long	307                             @ DW_AT_type
	.byte	2                               @ DW_AT_decl_file
	.short	833                             @ DW_AT_decl_line
	.byte	44                              @ DW_AT_data_member_location
	.byte	5                               @ Abbrev [5] 0xd7:0xd DW_TAG_member
	.long	.Linfo_string17                 @ DW_AT_name
	.long	307                             @ DW_AT_type
	.byte	2                               @ DW_AT_decl_file
	.short	834                             @ DW_AT_decl_line
	.byte	48                              @ DW_AT_data_member_location
	.byte	5                               @ Abbrev [5] 0xe4:0xd DW_TAG_member
	.long	.Linfo_string18                 @ DW_AT_name
	.long	307                             @ DW_AT_type
	.byte	2                               @ DW_AT_decl_file
	.short	835                             @ DW_AT_decl_line
	.byte	52                              @ DW_AT_data_member_location
	.byte	5                               @ Abbrev [5] 0xf1:0xd DW_TAG_member
	.long	.Linfo_string19                 @ DW_AT_name
	.long	307                             @ DW_AT_type
	.byte	2                               @ DW_AT_decl_file
	.short	836                             @ DW_AT_decl_line
	.byte	56                              @ DW_AT_data_member_location
	.byte	5                               @ Abbrev [5] 0xfe:0xd DW_TAG_member
	.long	.Linfo_string20                 @ DW_AT_name
	.long	307                             @ DW_AT_type
	.byte	2                               @ DW_AT_decl_file
	.short	837                             @ DW_AT_decl_line
	.byte	60                              @ DW_AT_data_member_location
	.byte	5                               @ Abbrev [5] 0x10b:0xd DW_TAG_member
	.long	.Linfo_string21                 @ DW_AT_name
	.long	307                             @ DW_AT_type
	.byte	2                               @ DW_AT_decl_file
	.short	838                             @ DW_AT_decl_line
	.byte	64                              @ DW_AT_data_member_location
	.byte	5                               @ Abbrev [5] 0x118:0xd DW_TAG_member
	.long	.Linfo_string22                 @ DW_AT_name
	.long	307                             @ DW_AT_type
	.byte	2                               @ DW_AT_decl_file
	.short	839                             @ DW_AT_decl_line
	.byte	68                              @ DW_AT_data_member_location
	.byte	5                               @ Abbrev [5] 0x125:0xd DW_TAG_member
	.long	.Linfo_string23                 @ DW_AT_name
	.long	307                             @ DW_AT_type
	.byte	2                               @ DW_AT_decl_file
	.short	840                             @ DW_AT_decl_line
	.byte	72                              @ DW_AT_data_member_location
	.byte	0                               @ End Of Children Mark
	.byte	6                               @ Abbrev [6] 0x133:0x5 DW_TAG_volatile_type
	.long	312                             @ DW_AT_type
	.byte	7                               @ Abbrev [7] 0x138:0xb DW_TAG_typedef
	.long	323                             @ DW_AT_type
	.long	.Linfo_string5                  @ DW_AT_name
	.byte	1                               @ DW_AT_decl_file
	.byte	64                              @ DW_AT_decl_line
	.byte	8                               @ Abbrev [8] 0x143:0x7 DW_TAG_base_type
	.long	.Linfo_string4                  @ DW_AT_name
	.byte	7                               @ DW_AT_encoding
	.byte	4                               @ DW_AT_byte_size
	.byte	2                               @ Abbrev [2] 0x14a:0x5 DW_TAG_pointer_type
	.long	335                             @ DW_AT_type
	.byte	3                               @ Abbrev [3] 0x14f:0xc DW_TAG_typedef
	.long	347                             @ DW_AT_type
	.long	.Linfo_string59                 @ DW_AT_name
	.byte	3                               @ DW_AT_decl_file
	.short	749                             @ DW_AT_decl_line
	.byte	4                               @ Abbrev [4] 0x15b:0x1b2 DW_TAG_structure_type
	.byte	184                             @ DW_AT_byte_size
	.byte	3                               @ DW_AT_decl_file
	.byte	27                              @ DW_AT_decl_line
	.byte	5                               @ Abbrev [5] 0x15f:0xd DW_TAG_member
	.long	.Linfo_string25                 @ DW_AT_name
	.long	307                             @ DW_AT_type
	.byte	3                               @ DW_AT_decl_file
	.short	716                             @ DW_AT_decl_line
	.byte	0                               @ DW_AT_data_member_location
	.byte	5                               @ Abbrev [5] 0x16c:0xd DW_TAG_member
	.long	.Linfo_string26                 @ DW_AT_name
	.long	307                             @ DW_AT_type
	.byte	3                               @ DW_AT_decl_file
	.short	717                             @ DW_AT_decl_line
	.byte	4                               @ DW_AT_data_member_location
	.byte	5                               @ Abbrev [5] 0x179:0xd DW_TAG_member
	.long	.Linfo_string27                 @ DW_AT_name
	.long	307                             @ DW_AT_type
	.byte	3                               @ DW_AT_decl_file
	.short	718                             @ DW_AT_decl_line
	.byte	8                               @ DW_AT_data_member_location
	.byte	5                               @ Abbrev [5] 0x186:0xd DW_TAG_member
	.long	.Linfo_string28                 @ DW_AT_name
	.long	307                             @ DW_AT_type
	.byte	3                               @ DW_AT_decl_file
	.short	719                             @ DW_AT_decl_line
	.byte	12                              @ DW_AT_data_member_location
	.byte	5                               @ Abbrev [5] 0x193:0xd DW_TAG_member
	.long	.Linfo_string29                 @ DW_AT_name
	.long	307                             @ DW_AT_type
	.byte	3                               @ DW_AT_decl_file
	.short	720                             @ DW_AT_decl_line
	.byte	16                              @ DW_AT_data_member_location
	.byte	5                               @ Abbrev [5] 0x1a0:0xd DW_TAG_member
	.long	.Linfo_string30                 @ DW_AT_name
	.long	307                             @ DW_AT_type
	.byte	3                               @ DW_AT_decl_file
	.short	721                             @ DW_AT_decl_line
	.byte	20                              @ DW_AT_data_member_location
	.byte	5                               @ Abbrev [5] 0x1ad:0xd DW_TAG_member
	.long	.Linfo_string31                 @ DW_AT_name
	.long	307                             @ DW_AT_type
	.byte	3                               @ DW_AT_decl_file
	.short	722                             @ DW_AT_decl_line
	.byte	24                              @ DW_AT_data_member_location
	.byte	5                               @ Abbrev [5] 0x1ba:0xd DW_TAG_member
	.long	.Linfo_string32                 @ DW_AT_name
	.long	781                             @ DW_AT_type
	.byte	3                               @ DW_AT_decl_file
	.short	723                             @ DW_AT_decl_line
	.byte	28                              @ DW_AT_data_member_location
	.byte	5                               @ Abbrev [5] 0x1c7:0xd DW_TAG_member
	.long	.Linfo_string34                 @ DW_AT_name
	.long	307                             @ DW_AT_type
	.byte	3                               @ DW_AT_decl_file
	.short	724                             @ DW_AT_decl_line
	.byte	32                              @ DW_AT_data_member_location
	.byte	5                               @ Abbrev [5] 0x1d4:0xd DW_TAG_member
	.long	.Linfo_string35                 @ DW_AT_name
	.long	805                             @ DW_AT_type
	.byte	3                               @ DW_AT_decl_file
	.short	725                             @ DW_AT_decl_line
	.byte	36                              @ DW_AT_data_member_location
	.byte	5                               @ Abbrev [5] 0x1e1:0xd DW_TAG_member
	.long	.Linfo_string36                 @ DW_AT_name
	.long	307                             @ DW_AT_type
	.byte	3                               @ DW_AT_decl_file
	.short	726                             @ DW_AT_decl_line
	.byte	52                              @ DW_AT_data_member_location
	.byte	5                               @ Abbrev [5] 0x1ee:0xd DW_TAG_member
	.long	.Linfo_string37                 @ DW_AT_name
	.long	817                             @ DW_AT_type
	.byte	3                               @ DW_AT_decl_file
	.short	727                             @ DW_AT_decl_line
	.byte	56                              @ DW_AT_data_member_location
	.byte	5                               @ Abbrev [5] 0x1fb:0xd DW_TAG_member
	.long	.Linfo_string38                 @ DW_AT_name
	.long	793                             @ DW_AT_type
	.byte	3                               @ DW_AT_decl_file
	.short	728                             @ DW_AT_decl_line
	.byte	80                              @ DW_AT_data_member_location
	.byte	5                               @ Abbrev [5] 0x208:0xd DW_TAG_member
	.long	.Linfo_string39                 @ DW_AT_name
	.long	829                             @ DW_AT_type
	.byte	3                               @ DW_AT_decl_file
	.short	729                             @ DW_AT_decl_line
	.byte	84                              @ DW_AT_data_member_location
	.byte	5                               @ Abbrev [5] 0x215:0xd DW_TAG_member
	.long	.Linfo_string40                 @ DW_AT_name
	.long	307                             @ DW_AT_type
	.byte	3                               @ DW_AT_decl_file
	.short	730                             @ DW_AT_decl_line
	.byte	96                              @ DW_AT_data_member_location
	.byte	5                               @ Abbrev [5] 0x222:0xd DW_TAG_member
	.long	.Linfo_string41                 @ DW_AT_name
	.long	829                             @ DW_AT_type
	.byte	3                               @ DW_AT_decl_file
	.short	731                             @ DW_AT_decl_line
	.byte	100                             @ DW_AT_data_member_location
	.byte	5                               @ Abbrev [5] 0x22f:0xd DW_TAG_member
	.long	.Linfo_string42                 @ DW_AT_name
	.long	307                             @ DW_AT_type
	.byte	3                               @ DW_AT_decl_file
	.short	732                             @ DW_AT_decl_line
	.byte	112                             @ DW_AT_data_member_location
	.byte	5                               @ Abbrev [5] 0x23c:0xd DW_TAG_member
	.long	.Linfo_string43                 @ DW_AT_name
	.long	307                             @ DW_AT_type
	.byte	3                               @ DW_AT_decl_file
	.short	733                             @ DW_AT_decl_line
	.byte	116                             @ DW_AT_data_member_location
	.byte	5                               @ Abbrev [5] 0x249:0xd DW_TAG_member
	.long	.Linfo_string44                 @ DW_AT_name
	.long	307                             @ DW_AT_type
	.byte	3                               @ DW_AT_decl_file
	.short	734                             @ DW_AT_decl_line
	.byte	120                             @ DW_AT_data_member_location
	.byte	5                               @ Abbrev [5] 0x256:0xd DW_TAG_member
	.long	.Linfo_string45                 @ DW_AT_name
	.long	307                             @ DW_AT_type
	.byte	3                               @ DW_AT_decl_file
	.short	735                             @ DW_AT_decl_line
	.byte	124                             @ DW_AT_data_member_location
	.byte	5                               @ Abbrev [5] 0x263:0xd DW_TAG_member
	.long	.Linfo_string46                 @ DW_AT_name
	.long	781                             @ DW_AT_type
	.byte	3                               @ DW_AT_decl_file
	.short	736                             @ DW_AT_decl_line
	.byte	128                             @ DW_AT_data_member_location
	.byte	5                               @ Abbrev [5] 0x270:0xd DW_TAG_member
	.long	.Linfo_string47                 @ DW_AT_name
	.long	307                             @ DW_AT_type
	.byte	3                               @ DW_AT_decl_file
	.short	737                             @ DW_AT_decl_line
	.byte	132                             @ DW_AT_data_member_location
	.byte	5                               @ Abbrev [5] 0x27d:0xd DW_TAG_member
	.long	.Linfo_string48                 @ DW_AT_name
	.long	841                             @ DW_AT_type
	.byte	3                               @ DW_AT_decl_file
	.short	738                             @ DW_AT_decl_line
	.byte	136                             @ DW_AT_data_member_location
	.byte	5                               @ Abbrev [5] 0x28a:0xd DW_TAG_member
	.long	.Linfo_string49                 @ DW_AT_name
	.long	307                             @ DW_AT_type
	.byte	3                               @ DW_AT_decl_file
	.short	739                             @ DW_AT_decl_line
	.byte	144                             @ DW_AT_data_member_location
	.byte	5                               @ Abbrev [5] 0x297:0xd DW_TAG_member
	.long	.Linfo_string50                 @ DW_AT_name
	.long	307                             @ DW_AT_type
	.byte	3                               @ DW_AT_decl_file
	.short	740                             @ DW_AT_decl_line
	.byte	148                             @ DW_AT_data_member_location
	.byte	5                               @ Abbrev [5] 0x2a4:0xd DW_TAG_member
	.long	.Linfo_string51                 @ DW_AT_name
	.long	781                             @ DW_AT_type
	.byte	3                               @ DW_AT_decl_file
	.short	741                             @ DW_AT_decl_line
	.byte	152                             @ DW_AT_data_member_location
	.byte	5                               @ Abbrev [5] 0x2b1:0xd DW_TAG_member
	.long	.Linfo_string52                 @ DW_AT_name
	.long	307                             @ DW_AT_type
	.byte	3                               @ DW_AT_decl_file
	.short	742                             @ DW_AT_decl_line
	.byte	156                             @ DW_AT_data_member_location
	.byte	5                               @ Abbrev [5] 0x2be:0xd DW_TAG_member
	.long	.Linfo_string53                 @ DW_AT_name
	.long	307                             @ DW_AT_type
	.byte	3                               @ DW_AT_decl_file
	.short	743                             @ DW_AT_decl_line
	.byte	160                             @ DW_AT_data_member_location
	.byte	5                               @ Abbrev [5] 0x2cb:0xd DW_TAG_member
	.long	.Linfo_string54                 @ DW_AT_name
	.long	307                             @ DW_AT_type
	.byte	3                               @ DW_AT_decl_file
	.short	744                             @ DW_AT_decl_line
	.byte	164                             @ DW_AT_data_member_location
	.byte	5                               @ Abbrev [5] 0x2d8:0xd DW_TAG_member
	.long	.Linfo_string55                 @ DW_AT_name
	.long	307                             @ DW_AT_type
	.byte	3                               @ DW_AT_decl_file
	.short	745                             @ DW_AT_decl_line
	.byte	168                             @ DW_AT_data_member_location
	.byte	5                               @ Abbrev [5] 0x2e5:0xd DW_TAG_member
	.long	.Linfo_string56                 @ DW_AT_name
	.long	307                             @ DW_AT_type
	.byte	3                               @ DW_AT_decl_file
	.short	746                             @ DW_AT_decl_line
	.byte	172                             @ DW_AT_data_member_location
	.byte	5                               @ Abbrev [5] 0x2f2:0xd DW_TAG_member
	.long	.Linfo_string57                 @ DW_AT_name
	.long	307                             @ DW_AT_type
	.byte	3                               @ DW_AT_decl_file
	.short	747                             @ DW_AT_decl_line
	.byte	176                             @ DW_AT_data_member_location
	.byte	5                               @ Abbrev [5] 0x2ff:0xd DW_TAG_member
	.long	.Linfo_string58                 @ DW_AT_name
	.long	307                             @ DW_AT_type
	.byte	3                               @ DW_AT_decl_file
	.short	748                             @ DW_AT_decl_line
	.byte	180                             @ DW_AT_data_member_location
	.byte	0                               @ End Of Children Mark
	.byte	9                               @ Abbrev [9] 0x30d:0xc DW_TAG_array_type
	.long	793                             @ DW_AT_type
	.byte	10                              @ Abbrev [10] 0x312:0x6 DW_TAG_subrange_type
	.long	798                             @ DW_AT_type
	.byte	1                               @ DW_AT_count
	.byte	0                               @ End Of Children Mark
	.byte	11                              @ Abbrev [11] 0x319:0x5 DW_TAG_const_type
	.long	307                             @ DW_AT_type
	.byte	12                              @ Abbrev [12] 0x31e:0x7 DW_TAG_base_type
	.long	.Linfo_string33                 @ DW_AT_name
	.byte	8                               @ DW_AT_byte_size
	.byte	7                               @ DW_AT_encoding
	.byte	9                               @ Abbrev [9] 0x325:0xc DW_TAG_array_type
	.long	793                             @ DW_AT_type
	.byte	10                              @ Abbrev [10] 0x32a:0x6 DW_TAG_subrange_type
	.long	798                             @ DW_AT_type
	.byte	4                               @ DW_AT_count
	.byte	0                               @ End Of Children Mark
	.byte	9                               @ Abbrev [9] 0x331:0xc DW_TAG_array_type
	.long	793                             @ DW_AT_type
	.byte	10                              @ Abbrev [10] 0x336:0x6 DW_TAG_subrange_type
	.long	798                             @ DW_AT_type
	.byte	6                               @ DW_AT_count
	.byte	0                               @ End Of Children Mark
	.byte	9                               @ Abbrev [9] 0x33d:0xc DW_TAG_array_type
	.long	793                             @ DW_AT_type
	.byte	10                              @ Abbrev [10] 0x342:0x6 DW_TAG_subrange_type
	.long	798                             @ DW_AT_type
	.byte	3                               @ DW_AT_count
	.byte	0                               @ End Of Children Mark
	.byte	9                               @ Abbrev [9] 0x349:0xc DW_TAG_array_type
	.long	793                             @ DW_AT_type
	.byte	10                              @ Abbrev [10] 0x34e:0x6 DW_TAG_subrange_type
	.long	798                             @ DW_AT_type
	.byte	2                               @ DW_AT_count
	.byte	0                               @ End Of Children Mark
	.byte	7                               @ Abbrev [7] 0x355:0xb DW_TAG_typedef
	.long	864                             @ DW_AT_type
	.long	.Linfo_string61                 @ DW_AT_name
	.byte	1                               @ DW_AT_decl_file
	.byte	62                              @ DW_AT_decl_line
	.byte	8                               @ Abbrev [8] 0x360:0x7 DW_TAG_base_type
	.long	.Linfo_string60                 @ DW_AT_name
	.byte	8                               @ DW_AT_encoding
	.byte	1                               @ DW_AT_byte_size
	.byte	13                              @ Abbrev [13] 0x367:0x2e DW_TAG_subprogram
	.long	.Lfunc_begin0                   @ DW_AT_low_pc
	.long	.Lfunc_end0-.Lfunc_begin0       @ DW_AT_high_pc
	.byte	1                               @ DW_AT_frame_base
	.byte	93
                                        @ DW_AT_GNU_all_call_sites
	.long	.Linfo_string62                 @ DW_AT_name
	.byte	4                               @ DW_AT_decl_file
	.byte	42                              @ DW_AT_decl_line
                                        @ DW_AT_prototyped
                                        @ DW_AT_external
	.byte	14                              @ Abbrev [14] 0x378:0xd DW_TAG_formal_parameter
	.byte	1                               @ DW_AT_location
	.byte	80
	.long	.Linfo_string77                 @ DW_AT_name
	.byte	4                               @ DW_AT_decl_file
	.byte	42                              @ DW_AT_decl_line
	.long	38                              @ DW_AT_type
	.byte	15                              @ Abbrev [15] 0x385:0xf DW_TAG_formal_parameter
	.long	.Ldebug_loc0                    @ DW_AT_location
	.long	.Linfo_string78                 @ DW_AT_name
	.byte	4                               @ DW_AT_decl_file
	.byte	42                              @ DW_AT_decl_line
	.long	312                             @ DW_AT_type
	.byte	0                               @ End Of Children Mark
	.byte	13                              @ Abbrev [13] 0x395:0x1f DW_TAG_subprogram
	.long	.Lfunc_begin1                   @ DW_AT_low_pc
	.long	.Lfunc_end1-.Lfunc_begin1       @ DW_AT_high_pc
	.byte	1                               @ DW_AT_frame_base
	.byte	93
                                        @ DW_AT_GNU_all_call_sites
	.long	.Linfo_string63                 @ DW_AT_name
	.byte	4                               @ DW_AT_decl_file
	.byte	88                              @ DW_AT_decl_line
                                        @ DW_AT_prototyped
                                        @ DW_AT_external
	.byte	14                              @ Abbrev [14] 0x3a6:0xd DW_TAG_formal_parameter
	.byte	1                               @ DW_AT_location
	.byte	80
	.long	.Linfo_string77                 @ DW_AT_name
	.byte	4                               @ DW_AT_decl_file
	.byte	88                              @ DW_AT_decl_line
	.long	38                              @ DW_AT_type
	.byte	0                               @ End Of Children Mark
	.byte	13                              @ Abbrev [13] 0x3b4:0x1f DW_TAG_subprogram
	.long	.Lfunc_begin2                   @ DW_AT_low_pc
	.long	.Lfunc_end2-.Lfunc_begin2       @ DW_AT_high_pc
	.byte	1                               @ DW_AT_frame_base
	.byte	93
                                        @ DW_AT_GNU_all_call_sites
	.long	.Linfo_string64                 @ DW_AT_name
	.byte	4                               @ DW_AT_decl_file
	.byte	103                             @ DW_AT_decl_line
                                        @ DW_AT_prototyped
                                        @ DW_AT_external
	.byte	14                              @ Abbrev [14] 0x3c5:0xd DW_TAG_formal_parameter
	.byte	1                               @ DW_AT_location
	.byte	80
	.long	.Linfo_string77                 @ DW_AT_name
	.byte	4                               @ DW_AT_decl_file
	.byte	103                             @ DW_AT_decl_line
	.long	38                              @ DW_AT_type
	.byte	0                               @ End Of Children Mark
	.byte	13                              @ Abbrev [13] 0x3d3:0x2c DW_TAG_subprogram
	.long	.Lfunc_begin3                   @ DW_AT_low_pc
	.long	.Lfunc_end3-.Lfunc_begin3       @ DW_AT_high_pc
	.byte	1                               @ DW_AT_frame_base
	.byte	93
                                        @ DW_AT_GNU_all_call_sites
	.long	.Linfo_string65                 @ DW_AT_name
	.byte	4                               @ DW_AT_decl_file
	.byte	130                             @ DW_AT_decl_line
                                        @ DW_AT_prototyped
                                        @ DW_AT_external
	.byte	14                              @ Abbrev [14] 0x3e4:0xd DW_TAG_formal_parameter
	.byte	1                               @ DW_AT_location
	.byte	80
	.long	.Linfo_string77                 @ DW_AT_name
	.byte	4                               @ DW_AT_decl_file
	.byte	130                             @ DW_AT_decl_line
	.long	38                              @ DW_AT_type
	.byte	14                              @ Abbrev [14] 0x3f1:0xd DW_TAG_formal_parameter
	.byte	1                               @ DW_AT_location
	.byte	81
	.long	.Linfo_string78                 @ DW_AT_name
	.byte	4                               @ DW_AT_decl_file
	.byte	130                             @ DW_AT_decl_line
	.long	312                             @ DW_AT_type
	.byte	0                               @ End Of Children Mark
	.byte	13                              @ Abbrev [13] 0x3ff:0x1f DW_TAG_subprogram
	.long	.Lfunc_begin4                   @ DW_AT_low_pc
	.long	.Lfunc_end4-.Lfunc_begin4       @ DW_AT_high_pc
	.byte	1                               @ DW_AT_frame_base
	.byte	93
                                        @ DW_AT_GNU_all_call_sites
	.long	.Linfo_string66                 @ DW_AT_name
	.byte	4                               @ DW_AT_decl_file
	.byte	146                             @ DW_AT_decl_line
                                        @ DW_AT_prototyped
                                        @ DW_AT_external
	.byte	14                              @ Abbrev [14] 0x410:0xd DW_TAG_formal_parameter
	.byte	1                               @ DW_AT_location
	.byte	80
	.long	.Linfo_string77                 @ DW_AT_name
	.byte	4                               @ DW_AT_decl_file
	.byte	146                             @ DW_AT_decl_line
	.long	38                              @ DW_AT_type
	.byte	0                               @ End Of Children Mark
	.byte	13                              @ Abbrev [13] 0x41e:0x2c DW_TAG_subprogram
	.long	.Lfunc_begin5                   @ DW_AT_low_pc
	.long	.Lfunc_end5-.Lfunc_begin5       @ DW_AT_high_pc
	.byte	1                               @ DW_AT_frame_base
	.byte	93
                                        @ DW_AT_GNU_all_call_sites
	.long	.Linfo_string67                 @ DW_AT_name
	.byte	4                               @ DW_AT_decl_file
	.byte	180                             @ DW_AT_decl_line
                                        @ DW_AT_prototyped
                                        @ DW_AT_external
	.byte	14                              @ Abbrev [14] 0x42f:0xd DW_TAG_formal_parameter
	.byte	1                               @ DW_AT_location
	.byte	80
	.long	.Linfo_string77                 @ DW_AT_name
	.byte	4                               @ DW_AT_decl_file
	.byte	180                             @ DW_AT_decl_line
	.long	38                              @ DW_AT_type
	.byte	14                              @ Abbrev [14] 0x43c:0xd DW_TAG_formal_parameter
	.byte	1                               @ DW_AT_location
	.byte	81
	.long	.Linfo_string78                 @ DW_AT_name
	.byte	4                               @ DW_AT_decl_file
	.byte	180                             @ DW_AT_decl_line
	.long	312                             @ DW_AT_type
	.byte	0                               @ End Of Children Mark
	.byte	13                              @ Abbrev [13] 0x44a:0x6b DW_TAG_subprogram
	.long	.Lfunc_begin6                   @ DW_AT_low_pc
	.long	.Lfunc_end6-.Lfunc_begin6       @ DW_AT_high_pc
	.byte	1                               @ DW_AT_frame_base
	.byte	93
                                        @ DW_AT_GNU_all_call_sites
	.long	.Linfo_string68                 @ DW_AT_name
	.byte	4                               @ DW_AT_decl_file
	.byte	198                             @ DW_AT_decl_line
                                        @ DW_AT_prototyped
                                        @ DW_AT_external
	.byte	15                              @ Abbrev [15] 0x45b:0xf DW_TAG_formal_parameter
	.long	.Ldebug_loc1                    @ DW_AT_location
	.long	.Linfo_string77                 @ DW_AT_name
	.byte	4                               @ DW_AT_decl_file
	.byte	198                             @ DW_AT_decl_line
	.long	38                              @ DW_AT_type
	.byte	15                              @ Abbrev [15] 0x46a:0xf DW_TAG_formal_parameter
	.long	.Ldebug_loc2                    @ DW_AT_location
	.long	.Linfo_string80                 @ DW_AT_name
	.byte	4                               @ DW_AT_decl_file
	.byte	198                             @ DW_AT_decl_line
	.long	312                             @ DW_AT_type
	.byte	16                              @ Abbrev [16] 0x479:0xe DW_TAG_variable
	.byte	2                               @ DW_AT_location
	.byte	145
	.byte	0
	.long	.Linfo_string79                 @ DW_AT_name
	.byte	4                               @ DW_AT_decl_file
	.byte	201                             @ DW_AT_decl_line
	.long	1932                            @ DW_AT_type
	.byte	17                              @ Abbrev [17] 0x487:0xf DW_TAG_variable
	.long	.Ldebug_loc3                    @ DW_AT_location
	.long	.Linfo_string81                 @ DW_AT_name
	.byte	4                               @ DW_AT_decl_file
	.byte	202                             @ DW_AT_decl_line
	.long	312                             @ DW_AT_type
	.byte	17                              @ Abbrev [17] 0x496:0xf DW_TAG_variable
	.long	.Ldebug_loc4                    @ DW_AT_location
	.long	.Linfo_string82                 @ DW_AT_name
	.byte	4                               @ DW_AT_decl_file
	.byte	200                             @ DW_AT_decl_line
	.long	312                             @ DW_AT_type
	.byte	17                              @ Abbrev [17] 0x4a5:0xf DW_TAG_variable
	.long	.Ldebug_loc5                    @ DW_AT_location
	.long	.Linfo_string83                 @ DW_AT_name
	.byte	4                               @ DW_AT_decl_file
	.byte	200                             @ DW_AT_decl_line
	.long	312                             @ DW_AT_type
	.byte	0                               @ End Of Children Mark
	.byte	18                              @ Abbrev [18] 0x4b5:0x70 DW_TAG_subprogram
	.long	.Lfunc_begin7                   @ DW_AT_low_pc
	.long	.Lfunc_end7-.Lfunc_begin7       @ DW_AT_high_pc
	.byte	1                               @ DW_AT_frame_base
	.byte	93
                                        @ DW_AT_GNU_all_call_sites
	.long	.Linfo_string69                 @ DW_AT_name
	.byte	4                               @ DW_AT_decl_file
	.short	279                             @ DW_AT_decl_line
                                        @ DW_AT_prototyped
	.long	312                             @ DW_AT_type
                                        @ DW_AT_external
	.byte	19                              @ Abbrev [19] 0x4cb:0x10 DW_TAG_formal_parameter
	.long	.Ldebug_loc6                    @ DW_AT_location
	.long	.Linfo_string77                 @ DW_AT_name
	.byte	4                               @ DW_AT_decl_file
	.short	279                             @ DW_AT_decl_line
	.long	38                              @ DW_AT_type
	.byte	20                              @ Abbrev [20] 0x4db:0xe DW_TAG_formal_parameter
	.byte	1                               @ DW_AT_location
	.byte	81
	.long	.Linfo_string84                 @ DW_AT_name
	.byte	4                               @ DW_AT_decl_file
	.short	279                             @ DW_AT_decl_line
	.long	1944                            @ DW_AT_type
	.byte	20                              @ Abbrev [20] 0x4e9:0xe DW_TAG_formal_parameter
	.byte	1                               @ DW_AT_location
	.byte	82
	.long	.Linfo_string85                 @ DW_AT_name
	.byte	4                               @ DW_AT_decl_file
	.short	279                             @ DW_AT_decl_line
	.long	312                             @ DW_AT_type
	.byte	21                              @ Abbrev [21] 0x4f7:0x10 DW_TAG_variable
	.long	.Ldebug_loc7                    @ DW_AT_location
	.long	.Linfo_string86                 @ DW_AT_name
	.byte	4                               @ DW_AT_decl_file
	.short	281                             @ DW_AT_decl_line
	.long	312                             @ DW_AT_type
	.byte	22                              @ Abbrev [22] 0x507:0xd DW_TAG_variable
	.byte	0                               @ DW_AT_const_value
	.long	.Linfo_string87                 @ DW_AT_name
	.byte	4                               @ DW_AT_decl_file
	.short	282                             @ DW_AT_decl_line
	.long	312                             @ DW_AT_type
	.byte	21                              @ Abbrev [21] 0x514:0x10 DW_TAG_variable
	.long	.Ldebug_loc8                    @ DW_AT_location
	.long	.Linfo_string88                 @ DW_AT_name
	.byte	4                               @ DW_AT_decl_file
	.short	281                             @ DW_AT_decl_line
	.long	312                             @ DW_AT_type
	.byte	0                               @ End Of Children Mark
	.byte	23                              @ Abbrev [23] 0x525:0xa1 DW_TAG_subprogram
	.long	.Lfunc_begin8                   @ DW_AT_low_pc
	.long	.Lfunc_end8-.Lfunc_begin8       @ DW_AT_high_pc
	.byte	1                               @ DW_AT_frame_base
	.byte	93
                                        @ DW_AT_GNU_all_call_sites
	.long	.Linfo_string70                 @ DW_AT_name
	.byte	4                               @ DW_AT_decl_file
	.short	341                             @ DW_AT_decl_line
                                        @ DW_AT_prototyped
                                        @ DW_AT_external
	.byte	19                              @ Abbrev [19] 0x537:0x10 DW_TAG_formal_parameter
	.long	.Ldebug_loc9                    @ DW_AT_location
	.long	.Linfo_string77                 @ DW_AT_name
	.byte	4                               @ DW_AT_decl_file
	.short	341                             @ DW_AT_decl_line
	.long	38                              @ DW_AT_type
	.byte	19                              @ Abbrev [19] 0x547:0x10 DW_TAG_formal_parameter
	.long	.Ldebug_loc10                   @ DW_AT_location
	.long	.Linfo_string80                 @ DW_AT_name
	.byte	4                               @ DW_AT_decl_file
	.short	341                             @ DW_AT_decl_line
	.long	312                             @ DW_AT_type
	.byte	19                              @ Abbrev [19] 0x557:0x10 DW_TAG_formal_parameter
	.long	.Ldebug_loc11                   @ DW_AT_location
	.long	.Linfo_string89                 @ DW_AT_name
	.byte	4                               @ DW_AT_decl_file
	.short	341                             @ DW_AT_decl_line
	.long	312                             @ DW_AT_type
	.byte	19                              @ Abbrev [19] 0x567:0x10 DW_TAG_formal_parameter
	.long	.Ldebug_loc12                   @ DW_AT_location
	.long	.Linfo_string90                 @ DW_AT_name
	.byte	4                               @ DW_AT_decl_file
	.short	341                             @ DW_AT_decl_line
	.long	312                             @ DW_AT_type
	.byte	20                              @ Abbrev [20] 0x577:0xf DW_TAG_formal_parameter
	.byte	2                               @ DW_AT_location
	.byte	145
	.byte	48
	.long	.Linfo_string91                 @ DW_AT_name
	.byte	4                               @ DW_AT_decl_file
	.short	341                             @ DW_AT_decl_line
	.long	312                             @ DW_AT_type
	.byte	24                              @ Abbrev [24] 0x586:0xf DW_TAG_variable
	.byte	2                               @ DW_AT_location
	.byte	145
	.byte	8
	.long	.Linfo_string79                 @ DW_AT_name
	.byte	4                               @ DW_AT_decl_file
	.short	344                             @ DW_AT_decl_line
	.long	1932                            @ DW_AT_type
	.byte	21                              @ Abbrev [21] 0x595:0x10 DW_TAG_variable
	.long	.Ldebug_loc13                   @ DW_AT_location
	.long	.Linfo_string82                 @ DW_AT_name
	.byte	4                               @ DW_AT_decl_file
	.short	343                             @ DW_AT_decl_line
	.long	312                             @ DW_AT_type
	.byte	21                              @ Abbrev [21] 0x5a5:0x10 DW_TAG_variable
	.long	.Ldebug_loc14                   @ DW_AT_location
	.long	.Linfo_string83                 @ DW_AT_name
	.byte	4                               @ DW_AT_decl_file
	.short	343                             @ DW_AT_decl_line
	.long	312                             @ DW_AT_type
	.byte	21                              @ Abbrev [21] 0x5b5:0x10 DW_TAG_variable
	.long	.Ldebug_loc15                   @ DW_AT_location
	.long	.Linfo_string92                 @ DW_AT_name
	.byte	4                               @ DW_AT_decl_file
	.short	345                             @ DW_AT_decl_line
	.long	312                             @ DW_AT_type
	.byte	0                               @ End Of Children Mark
	.byte	23                              @ Abbrev [23] 0x5c6:0x31 DW_TAG_subprogram
	.long	.Lfunc_begin9                   @ DW_AT_low_pc
	.long	.Lfunc_end9-.Lfunc_begin9       @ DW_AT_high_pc
	.byte	1                               @ DW_AT_frame_base
	.byte	93
                                        @ DW_AT_GNU_all_call_sites
	.long	.Linfo_string71                 @ DW_AT_name
	.byte	4                               @ DW_AT_decl_file
	.short	414                             @ DW_AT_decl_line
                                        @ DW_AT_prototyped
                                        @ DW_AT_external
	.byte	20                              @ Abbrev [20] 0x5d8:0xe DW_TAG_formal_parameter
	.byte	1                               @ DW_AT_location
	.byte	80
	.long	.Linfo_string77                 @ DW_AT_name
	.byte	4                               @ DW_AT_decl_file
	.short	414                             @ DW_AT_decl_line
	.long	38                              @ DW_AT_type
	.byte	19                              @ Abbrev [19] 0x5e6:0x10 DW_TAG_formal_parameter
	.long	.Ldebug_loc16                   @ DW_AT_location
	.long	.Linfo_string93                 @ DW_AT_name
	.byte	4                               @ DW_AT_decl_file
	.short	414                             @ DW_AT_decl_line
	.long	312                             @ DW_AT_type
	.byte	0                               @ End Of Children Mark
	.byte	23                              @ Abbrev [23] 0x5f7:0x82 DW_TAG_subprogram
	.long	.Lfunc_begin10                  @ DW_AT_low_pc
	.long	.Lfunc_end10-.Lfunc_begin10     @ DW_AT_high_pc
	.byte	1                               @ DW_AT_frame_base
	.byte	93
                                        @ DW_AT_GNU_all_call_sites
	.long	.Linfo_string72                 @ DW_AT_name
	.byte	4                               @ DW_AT_decl_file
	.short	437                             @ DW_AT_decl_line
                                        @ DW_AT_prototyped
                                        @ DW_AT_external
	.byte	19                              @ Abbrev [19] 0x609:0x10 DW_TAG_formal_parameter
	.long	.Ldebug_loc17                   @ DW_AT_location
	.long	.Linfo_string77                 @ DW_AT_name
	.byte	4                               @ DW_AT_decl_file
	.short	437                             @ DW_AT_decl_line
	.long	38                              @ DW_AT_type
	.byte	19                              @ Abbrev [19] 0x619:0x10 DW_TAG_formal_parameter
	.long	.Ldebug_loc18                   @ DW_AT_location
	.long	.Linfo_string94                 @ DW_AT_name
	.byte	4                               @ DW_AT_decl_file
	.short	437                             @ DW_AT_decl_line
	.long	312                             @ DW_AT_type
	.byte	19                              @ Abbrev [19] 0x629:0x10 DW_TAG_formal_parameter
	.long	.Ldebug_loc19                   @ DW_AT_location
	.long	.Linfo_string95                 @ DW_AT_name
	.byte	4                               @ DW_AT_decl_file
	.short	437                             @ DW_AT_decl_line
	.long	312                             @ DW_AT_type
	.byte	24                              @ Abbrev [24] 0x639:0xf DW_TAG_variable
	.byte	2                               @ DW_AT_location
	.byte	145
	.byte	8
	.long	.Linfo_string79                 @ DW_AT_name
	.byte	4                               @ DW_AT_decl_file
	.short	440                             @ DW_AT_decl_line
	.long	1932                            @ DW_AT_type
	.byte	21                              @ Abbrev [21] 0x648:0x10 DW_TAG_variable
	.long	.Ldebug_loc20                   @ DW_AT_location
	.long	.Linfo_string82                 @ DW_AT_name
	.byte	4                               @ DW_AT_decl_file
	.short	439                             @ DW_AT_decl_line
	.long	312                             @ DW_AT_type
	.byte	21                              @ Abbrev [21] 0x658:0x10 DW_TAG_variable
	.long	.Ldebug_loc21                   @ DW_AT_location
	.long	.Linfo_string83                 @ DW_AT_name
	.byte	4                               @ DW_AT_decl_file
	.short	439                             @ DW_AT_decl_line
	.long	312                             @ DW_AT_type
	.byte	21                              @ Abbrev [21] 0x668:0x10 DW_TAG_variable
	.long	.Ldebug_loc22                   @ DW_AT_location
	.long	.Linfo_string81                 @ DW_AT_name
	.byte	4                               @ DW_AT_decl_file
	.short	441                             @ DW_AT_decl_line
	.long	312                             @ DW_AT_type
	.byte	0                               @ End Of Children Mark
	.byte	23                              @ Abbrev [23] 0x679:0x41 DW_TAG_subprogram
	.long	.Lfunc_begin11                  @ DW_AT_low_pc
	.long	.Lfunc_end11-.Lfunc_begin11     @ DW_AT_high_pc
	.byte	1                               @ DW_AT_frame_base
	.byte	93
                                        @ DW_AT_GNU_all_call_sites
	.long	.Linfo_string73                 @ DW_AT_name
	.byte	4                               @ DW_AT_decl_file
	.short	523                             @ DW_AT_decl_line
                                        @ DW_AT_prototyped
                                        @ DW_AT_external
	.byte	20                              @ Abbrev [20] 0x68b:0xe DW_TAG_formal_parameter
	.byte	1                               @ DW_AT_location
	.byte	80
	.long	.Linfo_string77                 @ DW_AT_name
	.byte	4                               @ DW_AT_decl_file
	.short	523                             @ DW_AT_decl_line
	.long	38                              @ DW_AT_type
	.byte	19                              @ Abbrev [19] 0x699:0x10 DW_TAG_formal_parameter
	.long	.Ldebug_loc23                   @ DW_AT_location
	.long	.Linfo_string96                 @ DW_AT_name
	.byte	4                               @ DW_AT_decl_file
	.short	523                             @ DW_AT_decl_line
	.long	312                             @ DW_AT_type
	.byte	19                              @ Abbrev [19] 0x6a9:0x10 DW_TAG_formal_parameter
	.long	.Ldebug_loc24                   @ DW_AT_location
	.long	.Linfo_string97                 @ DW_AT_name
	.byte	4                               @ DW_AT_decl_file
	.short	523                             @ DW_AT_decl_line
	.long	312                             @ DW_AT_type
	.byte	0                               @ End Of Children Mark
	.byte	23                              @ Abbrev [23] 0x6ba:0x41 DW_TAG_subprogram
	.long	.Lfunc_begin12                  @ DW_AT_low_pc
	.long	.Lfunc_end12-.Lfunc_begin12     @ DW_AT_high_pc
	.byte	1                               @ DW_AT_frame_base
	.byte	93
                                        @ DW_AT_GNU_all_call_sites
	.long	.Linfo_string74                 @ DW_AT_name
	.byte	4                               @ DW_AT_decl_file
	.short	547                             @ DW_AT_decl_line
                                        @ DW_AT_prototyped
                                        @ DW_AT_external
	.byte	20                              @ Abbrev [20] 0x6cc:0xe DW_TAG_formal_parameter
	.byte	1                               @ DW_AT_location
	.byte	80
	.long	.Linfo_string77                 @ DW_AT_name
	.byte	4                               @ DW_AT_decl_file
	.short	547                             @ DW_AT_decl_line
	.long	38                              @ DW_AT_type
	.byte	19                              @ Abbrev [19] 0x6da:0x10 DW_TAG_formal_parameter
	.long	.Ldebug_loc25                   @ DW_AT_location
	.long	.Linfo_string96                 @ DW_AT_name
	.byte	4                               @ DW_AT_decl_file
	.short	547                             @ DW_AT_decl_line
	.long	312                             @ DW_AT_type
	.byte	19                              @ Abbrev [19] 0x6ea:0x10 DW_TAG_formal_parameter
	.long	.Ldebug_loc26                   @ DW_AT_location
	.long	.Linfo_string98                 @ DW_AT_name
	.byte	4                               @ DW_AT_decl_file
	.short	547                             @ DW_AT_decl_line
	.long	312                             @ DW_AT_type
	.byte	0                               @ End Of Children Mark
	.byte	18                              @ Abbrev [18] 0x6fb:0x70 DW_TAG_subprogram
	.long	.Lfunc_begin13                  @ DW_AT_low_pc
	.long	.Lfunc_end13-.Lfunc_begin13     @ DW_AT_high_pc
	.byte	1                               @ DW_AT_frame_base
	.byte	93
                                        @ DW_AT_GNU_all_call_sites
	.long	.Linfo_string75                 @ DW_AT_name
	.byte	4                               @ DW_AT_decl_file
	.short	569                             @ DW_AT_decl_line
                                        @ DW_AT_prototyped
	.long	312                             @ DW_AT_type
                                        @ DW_AT_external
	.byte	19                              @ Abbrev [19] 0x711:0x10 DW_TAG_formal_parameter
	.long	.Ldebug_loc27                   @ DW_AT_location
	.long	.Linfo_string77                 @ DW_AT_name
	.byte	4                               @ DW_AT_decl_file
	.short	569                             @ DW_AT_decl_line
	.long	38                              @ DW_AT_type
	.byte	20                              @ Abbrev [20] 0x721:0xe DW_TAG_formal_parameter
	.byte	1                               @ DW_AT_location
	.byte	81
	.long	.Linfo_string99                 @ DW_AT_name
	.byte	4                               @ DW_AT_decl_file
	.short	569                             @ DW_AT_decl_line
	.long	1944                            @ DW_AT_type
	.byte	20                              @ Abbrev [20] 0x72f:0xe DW_TAG_formal_parameter
	.byte	1                               @ DW_AT_location
	.byte	82
	.long	.Linfo_string100                @ DW_AT_name
	.byte	4                               @ DW_AT_decl_file
	.short	569                             @ DW_AT_decl_line
	.long	312                             @ DW_AT_type
	.byte	21                              @ Abbrev [21] 0x73d:0x10 DW_TAG_variable
	.long	.Ldebug_loc28                   @ DW_AT_location
	.long	.Linfo_string86                 @ DW_AT_name
	.byte	4                               @ DW_AT_decl_file
	.short	571                             @ DW_AT_decl_line
	.long	312                             @ DW_AT_type
	.byte	22                              @ Abbrev [22] 0x74d:0xd DW_TAG_variable
	.byte	0                               @ DW_AT_const_value
	.long	.Linfo_string87                 @ DW_AT_name
	.byte	4                               @ DW_AT_decl_file
	.short	572                             @ DW_AT_decl_line
	.long	312                             @ DW_AT_type
	.byte	21                              @ Abbrev [21] 0x75a:0x10 DW_TAG_variable
	.long	.Ldebug_loc29                   @ DW_AT_location
	.long	.Linfo_string88                 @ DW_AT_name
	.byte	4                               @ DW_AT_decl_file
	.short	571                             @ DW_AT_decl_line
	.long	312                             @ DW_AT_type
	.byte	0                               @ End Of Children Mark
	.byte	23                              @ Abbrev [23] 0x76b:0x21 DW_TAG_subprogram
	.long	.Lfunc_begin14                  @ DW_AT_low_pc
	.long	.Lfunc_end14-.Lfunc_begin14     @ DW_AT_high_pc
	.byte	1                               @ DW_AT_frame_base
	.byte	93
                                        @ DW_AT_GNU_all_call_sites
	.long	.Linfo_string76                 @ DW_AT_name
	.byte	4                               @ DW_AT_decl_file
	.short	612                             @ DW_AT_decl_line
                                        @ DW_AT_prototyped
                                        @ DW_AT_external
	.byte	20                              @ Abbrev [20] 0x77d:0xe DW_TAG_formal_parameter
	.byte	1                               @ DW_AT_location
	.byte	80
	.long	.Linfo_string77                 @ DW_AT_name
	.byte	4                               @ DW_AT_decl_file
	.short	612                             @ DW_AT_decl_line
	.long	38                              @ DW_AT_type
	.byte	0                               @ End Of Children Mark
	.byte	9                               @ Abbrev [9] 0x78c:0xc DW_TAG_array_type
	.long	312                             @ DW_AT_type
	.byte	10                              @ Abbrev [10] 0x791:0x6 DW_TAG_subrange_type
	.long	798                             @ DW_AT_type
	.byte	5                               @ DW_AT_count
	.byte	0                               @ End Of Children Mark
	.byte	2                               @ Abbrev [2] 0x798:0x5 DW_TAG_pointer_type
	.long	853                             @ DW_AT_type
	.byte	0                               @ End Of Children Mark
.Ldebug_info_end0:
	.section	.debug_str,"MS",%progbits,1
.Linfo_string0:
	.asciz	"Component: Arm Compiler for Embedded 6.24 Tool: armclang [5f371800]" @ string offset=0
.Linfo_string1:
	.asciz	"../../../../Library/StdDriver/src\\uart.c" @ string offset=68
.Linfo_string2:
	.asciz	"D:\\BSP\\M2003BSP-master\\CM2003xC_CM2003xE_CM2003xG_Series\\SampleCode\\StdDriver\\GPIO_INT\\Keil" @ string offset=109
.Linfo_string3:
	.asciz	"DAT"                           @ string offset=201
.Linfo_string4:
	.asciz	"unsigned int"                  @ string offset=205
.Linfo_string5:
	.asciz	"uint32_t"                      @ string offset=218
.Linfo_string6:
	.asciz	"INTEN"                         @ string offset=227
.Linfo_string7:
	.asciz	"FIFO"                          @ string offset=233
.Linfo_string8:
	.asciz	"LINE"                          @ string offset=238
.Linfo_string9:
	.asciz	"MODEM"                         @ string offset=243
.Linfo_string10:
	.asciz	"MODEMSTS"                      @ string offset=249
.Linfo_string11:
	.asciz	"FIFOSTS"                       @ string offset=258
.Linfo_string12:
	.asciz	"INTSTS"                        @ string offset=266
.Linfo_string13:
	.asciz	"TOUT"                          @ string offset=273
.Linfo_string14:
	.asciz	"BAUD"                          @ string offset=278
.Linfo_string15:
	.asciz	"IRDA"                          @ string offset=283
.Linfo_string16:
	.asciz	"ALTCTL"                        @ string offset=288
.Linfo_string17:
	.asciz	"FUNCSEL"                       @ string offset=295
.Linfo_string18:
	.asciz	"LINCTL"                        @ string offset=303
.Linfo_string19:
	.asciz	"LINSTS"                        @ string offset=310
.Linfo_string20:
	.asciz	"BRCOMP"                        @ string offset=317
.Linfo_string21:
	.asciz	"WKCTL"                         @ string offset=324
.Linfo_string22:
	.asciz	"WKSTS"                         @ string offset=330
.Linfo_string23:
	.asciz	"DWKCOMP"                       @ string offset=336
.Linfo_string24:
	.asciz	"UART_T"                        @ string offset=344
.Linfo_string25:
	.asciz	"PWRCTL"                        @ string offset=351
.Linfo_string26:
	.asciz	"AHBCLK"                        @ string offset=358
.Linfo_string27:
	.asciz	"APBCLK0"                       @ string offset=365
.Linfo_string28:
	.asciz	"APBCLK1"                       @ string offset=373
.Linfo_string29:
	.asciz	"CLKSEL0"                       @ string offset=381
.Linfo_string30:
	.asciz	"CLKSEL1"                       @ string offset=389
.Linfo_string31:
	.asciz	"CLKSEL2"                       @ string offset=397
.Linfo_string32:
	.asciz	"RESERVE0"                      @ string offset=405
.Linfo_string33:
	.asciz	"__ARRAY_SIZE_TYPE__"           @ string offset=414
.Linfo_string34:
	.asciz	"CLKDIV0"                       @ string offset=434
.Linfo_string35:
	.asciz	"RESERVE1"                      @ string offset=442
.Linfo_string36:
	.asciz	"PCLKDIV"                       @ string offset=451
.Linfo_string37:
	.asciz	"RESERVE2"                      @ string offset=459
.Linfo_string38:
	.asciz	"STATUS"                        @ string offset=468
.Linfo_string39:
	.asciz	"RESERVE3"                      @ string offset=475
.Linfo_string40:
	.asciz	"CLKOCTL"                       @ string offset=484
.Linfo_string41:
	.asciz	"RESERVE4"                      @ string offset=492
.Linfo_string42:
	.asciz	"CLKDCTL"                       @ string offset=501
.Linfo_string43:
	.asciz	"CLKDSTS"                       @ string offset=509
.Linfo_string44:
	.asciz	"CDUPB"                         @ string offset=517
.Linfo_string45:
	.asciz	"CDLOWB"                        @ string offset=523
.Linfo_string46:
	.asciz	"RESERVE5"                      @ string offset=530
.Linfo_string47:
	.asciz	"HXTCTL"                        @ string offset=539
.Linfo_string48:
	.asciz	"RESERVE6"                      @ string offset=546
.Linfo_string49:
	.asciz	"PMUCTL"                        @ string offset=555
.Linfo_string50:
	.asciz	"PMUSTS"                        @ string offset=562
.Linfo_string51:
	.asciz	"RESERVE7"                      @ string offset=569
.Linfo_string52:
	.asciz	"SWKDBCTL"                      @ string offset=578
.Linfo_string53:
	.asciz	"PASWKCTL"                      @ string offset=587
.Linfo_string54:
	.asciz	"PBSWKCTL"                      @ string offset=596
.Linfo_string55:
	.asciz	"PCSWKCTL"                      @ string offset=605
.Linfo_string56:
	.asciz	"PDSWKCTL"                      @ string offset=614
.Linfo_string57:
	.asciz	"IOPDCTL"                       @ string offset=623
.Linfo_string58:
	.asciz	"HXTFSEL"                       @ string offset=631
.Linfo_string59:
	.asciz	"CLK_T"                         @ string offset=639
.Linfo_string60:
	.asciz	"unsigned char"                 @ string offset=645
.Linfo_string61:
	.asciz	"uint8_t"                       @ string offset=659
.Linfo_string62:
	.asciz	"UART_ClearIntFlag"             @ string offset=667
.Linfo_string63:
	.asciz	"UART_Close"                    @ string offset=685
.Linfo_string64:
	.asciz	"UART_DisableFlowCtrl"          @ string offset=696
.Linfo_string65:
	.asciz	"UART_DisableInt"               @ string offset=717
.Linfo_string66:
	.asciz	"UART_EnableFlowCtrl"           @ string offset=733
.Linfo_string67:
	.asciz	"UART_EnableInt"                @ string offset=753
.Linfo_string68:
	.asciz	"UART_Open"                     @ string offset=768
.Linfo_string69:
	.asciz	"UART_Read"                     @ string offset=778
.Linfo_string70:
	.asciz	"UART_SetLine_Config"           @ string offset=788
.Linfo_string71:
	.asciz	"UART_SetTimeoutCnt"            @ string offset=808
.Linfo_string72:
	.asciz	"UART_SelectIrDAMode"           @ string offset=827
.Linfo_string73:
	.asciz	"UART_SelectRS485Mode"          @ string offset=847
.Linfo_string74:
	.asciz	"UART_SelectLINMode"            @ string offset=868
.Linfo_string75:
	.asciz	"UART_Write"                    @ string offset=887
.Linfo_string76:
	.asciz	"UART_SelectSingleWireMode"     @ string offset=898
.Linfo_string77:
	.asciz	"uart"                          @ string offset=924
.Linfo_string78:
	.asciz	"u32InterruptFlag"              @ string offset=929
.Linfo_string79:
	.asciz	"u32ClkTbl"                     @ string offset=946
.Linfo_string80:
	.asciz	"u32baudrate"                   @ string offset=956
.Linfo_string81:
	.asciz	"u32BaudDiv"                    @ string offset=968
.Linfo_string82:
	.asciz	"u32UartClkDivNum"              @ string offset=979
.Linfo_string83:
	.asciz	"u32UartClkSrcSel"              @ string offset=996
.Linfo_string84:
	.asciz	"pu8RxBuf"                      @ string offset=1013
.Linfo_string85:
	.asciz	"u32ReadBytes"                  @ string offset=1022
.Linfo_string86:
	.asciz	"u32Count"                      @ string offset=1035
.Linfo_string87:
	.asciz	"u32Exit"                       @ string offset=1044
.Linfo_string88:
	.asciz	"u32delayno"                    @ string offset=1052
.Linfo_string89:
	.asciz	"u32data_width"                 @ string offset=1063
.Linfo_string90:
	.asciz	"u32parity"                     @ string offset=1077
.Linfo_string91:
	.asciz	"u32stop_bits"                  @ string offset=1087
.Linfo_string92:
	.asciz	"u32Baud_Div"                   @ string offset=1100
.Linfo_string93:
	.asciz	"u32TOC"                        @ string offset=1112
.Linfo_string94:
	.asciz	"u32Buadrate"                   @ string offset=1119
.Linfo_string95:
	.asciz	"u32Direction"                  @ string offset=1131
.Linfo_string96:
	.asciz	"u32Mode"                       @ string offset=1144
.Linfo_string97:
	.asciz	"u32Addr"                       @ string offset=1152
.Linfo_string98:
	.asciz	"u32BreakLength"                @ string offset=1160
.Linfo_string99:
	.asciz	"pu8TxBuf"                      @ string offset=1175
.Linfo_string100:
	.asciz	"u32WriteBytes"                 @ string offset=1184
	.ident	"Component: Arm Compiler for Embedded 6.24 Tool: armclang [5f371800]"
	.section	".note.GNU-stack","",%progbits
	.eabi_attribute	30, 1	@ Tag_ABI_optimization_goals
	.ARM_attribute	16, 1	@ Tag_AV_eba
	.section	.debug_line,"",%progbits
.Lline_table_start0:
